Date,HINDUNILVR,LT,INFY,HDFCBANK,SBIN,RELIANCE,BHARTIARTL,ICICIBANK,TCS,ITC
2021-01-01,2173.49609375,1218.8731689453125,1086.0970458984375,663.9057006835938,253.24234008789065,897.0470581054688,494.2081909179688,510.19146728515625,2534.89697265625,159.71661376953125
2021-01-04,2208.9541015625,1235.4129638671875,1110.052001953125,659.689453125,254.73779296875,898.55908203125,496.0789184570313,514.2536010742188,2631.15966796875,159.38052368164062
2021-01-05,2230.84814453125,1227.613037109375,1114.833984375,664.6744384765625,255.37229919433597,887.3882446289062,493.1049499511719,519.62158203125,2677.51611328125,157.92413330078125
2021-01-06,2200.57861328125,1234.84912109375,1104.7523193359375,661.8092651367188,258.36334228515625,863.986083984375,503.9455871582031,528.7614135742188,2641.590576171875,153.4056396484375
2021-01-07,2156.472900390625,1258.296142578125,1087.56201171875,659.8059692382812,260.7652587890625,862.5869140625,523.0845336914062,523.3451538085938,2625.403564453125,151.4637908935547
2021-01-08,2176.81884765625,1290.671142578125,1130.6025390625,666.98046875,259.22442626953125,872.7647094726562,518.287841796875,524.2639770507812,2701.668212890625,150.49285888671875
2021-01-11,2211.321533203125,1268.6805419921875,1185.8360595703125,676.2048950195312,256.05206298828125,856.3132934570312,524.9073486328125,526.8271484375,2749.756103515625,151.23971557617188
2021-01-12,2162.890380859375,1268.49267578125,1182.00146484375,689.9718627929688,265.11590576171875,883.3036499023438,542.751220703125,530.0187377929688,2748.371337890625,154.18983459472656
2021-01-13,2159.658935546875,1271.030029296875,1195.271240234375,685.1499633789062,278.0770874023437,875.0665893554688,554.7430419921875,538.2398071289062,2734.607177734375,157.77479553222656
2021-01-14,2183.51025390625,1293.6783447265625,1180.92431640625,684.2647094726562,278.4849548339844,884.9058837890625,556.9495239257812,535.1448364257812,2819.38671875,159.940673828125
2021-01-15,2140.359375,1272.5809326171875,1158.9085693359375,683.2864379882812,275.4033203125,874.457275390625,578.1511840820312,525.182861328125,2804.339599609375,162.7040557861328
2021-01-18,2123.472412109375,1255.5709228515625,1130.5595703125,690.9501953125,266.8833312988281,895.4447021484375,563.08935546875,515.656005859375,2794.2783203125,164.1231231689453
2021-01-19,2151.283935546875,1287.3350830078125,1134.5233154296875,700.6171875,270.6448059082031,910.0909423828124,568.221923828125,528.5197143554688,2828.059814453125,163.450927734375
2021-01-20,2144.72900390625,1299.3638916015625,1154.1693115234375,695.0964965820312,274.2249755859375,927.3773803710938,571.9153442382812,532.9203491210938,2869.778564453125,162.55470275878906
2021-01-21,2155.380615234375,1288.6976318359375,1154.384765625,687.0834350585938,267.2458801269531,947.5524291992188,557.717041015625,534.5645751953125,2839.465087890625,159.6045684814453
2021-01-22,2193.341796875,1280.0517578125,1155.3759765625,672.5244750976562,257.1397399902344,925.0756225585938,553.4000244140625,516.2847290039062,2864.834716796875,157.364013671875
2021-01-25,2184.465576171875,1279.300048828125,1141.804443359375,681.5159912109375,254.6471710205078,876.0595092773438,557.1414184570312,520.395263671875,2854.599853515625,155.19810485839844
2021-01-27,2176.910400390625,1277.9373779296875,1121.038330078125,656.707763671875,249.8433532714844,855.2977905273438,547.5958251953125,505.21044921875,2828.36376953125,157.32666015625
2021-01-28,2094.15966796875,1264.310791015625,1099.6685791015625,638.9343872070312,255.91612243652344,846.9703979492188,547.6918334960938,510.9168090820313,2772.421630859375,154.30186462402344
2021-01-29,2060.931640625,1254.30224609375,1067.657470703125,647.8094482421875,255.68955993652344,831.353759765625,531.0950927734375,519.3796997070312,2698.52734375,151.7998504638672
2021-02-01,2047.003662109375,1361.576171875,1086.485107421875,687.99169921875,281.6120300292969,855.43310546875,555.6065063476562,583.9878540039062,2722.811279296875,161.28500366210938
2021-02-02,2030.4808349609373,1428.62841796875,1095.4033203125,727.0327758789062,301.9148864746094,869.1991577148438,574.9852294921875,597.0932006835938,2778.406982421875,162.96548461914062
2021-02-03,2032.6658935546875,1436.4755859375,1106.94970703125,733.6715698242188,304.498046875,871.38818359375,584.09912109375,601.92919921875,2775.457763671875,161.8825225830078
2021-02-04,2044.2720947265625,1437.650146484375,1102.3829345703125,735.6748657226562,321.8551940917969,868.5220336914062,576.1845092773438,607.6839599609375,2765.39697265625,171.7410888671875
2021-02-05,2066.0751953125,1425.1513671875,1096.135498046875,744.293701171875,356.297607421875,868.2738037109375,557.4772338867188,593.998291015625,2738.943603515625,175.02731323242188
2021-02-08,2036.1248779296875,1458.324951171875,1123.2353515625,747.8577270507812,359.8778381347656,880.776123046875,573.0186157226562,608.9412231445312,2787.643310546875,174.0937042236328
2021-02-09,2017.553955078125,1472.09228515625,1124.9588623046875,750.9324951171875,357.83843994140625,882.8972778320312,574.6015014648438,612.5682373046875,2755.379638671875,171.03158569335938
2021-02-10,2035.078125,1459.3116455078125,1117.16064453125,736.9094848632812,355.52716064453125,891.0892333984375,566.207275390625,611.4076538085938,2786.949462890625,169.94863891601562
2021-02-11,2060.11279296875,1438.3079833984375,1113.843017578125,732.5300903320312,353.6238098144531,927.8286743164062,573.7860717773438,609.9569091796875,2780.6181640625,169.1270751953125
2021-02-12,2040.58544921875,1429.7091064453125,1128.6207275390625,737.0026245117188,356.3429260253906,921.4647827148438,562.4177856445312,626.3506469726562,2767.435302734375,162.40533447265625
2021-02-15,2016.5980224609373,1445.02734375,1128.49169921875,753.1454467773438,368.8509826660156,917.402587890625,569.5650024414062,651.8361206054688,2723.245361328125,163.2642364501953
2021-02-16,1999.210693359375,1456.1163330078125,1111.9044189453125,757.8275756835938,364.681640625,929.5438842773438,569.8048095703125,636.7479248046875,2696.315185546875,163.00282287597656
2021-02-17,1969.8974609375,1455.082763671875,1104.063232421875,739.1223754882812,373.20159912109375,940.2633056640624,569.7088623046875,635.7807006835938,2665.351806640625,162.62936401367188
2021-02-18,1954.3758544921875,1432.7633056640625,1113.670654296875,724.12109375,376.32861328125,933.2449340820312,565.10400390625,623.4974975585938,2651.69189453125,163.450927734375
2021-02-19,1985.555419921875,1417.9151611328125,1112.6798095703125,717.0394897460938,362.1437377929688,938.9318237304688,557.717041015625,603.5733642578125,2664.267578125,161.28500366210938
2021-02-22,1973.265380859375,1364.7244873046875,1090.1900634765625,721.1859130859375,353.0346374511719,906.3446655273438,547.1161499023438,589.8392333984375,2565.914306640625,158.4478759765625
2021-02-23,1983.87109375,1396.7705078125,1091.180908203125,712.404052734375,358.5635681152344,913.2728881835938,542.559326171875,596.0776977539062,2584.77783203125,159.5574951171875
2021-02-24,1983.5068359375,1434.6427001953125,1098.0313720703125,748.416748046875,368.2165222167969,930.2208251953124,549.6585083007812,620.0639038085938,2556.9375,159.8253173828125
2021-02-25,1969.3511962890625,1415.70654296875,1098.246826171875,748.3934936523438,369.1228637695313,967.8404541015624,555.6065063476562,607.393798828125,2597.874267578125,160.05490112304688
2021-02-26,1940.9031982421875,1355.6087646484375,1079.936279296875,714.8499145507812,353.6238098144531,941.4142456054688,533.6854248046875,578.1363525390625,2510.275146484375,155.9990234375
2021-03-01,1951.23486328125,1384.1304931640625,1091.7412109375,726.2640380859375,357.9744567871094,948.590576171875,510.5650939941406,588.3885498046875,2536.20849609375,158.3330841064453
2021-03-02,1982.6873779296875,1396.1595458984375,1124.0540771484375,730.5967407226562,357.294677734375,950.5313720703124,519.1992797851562,590.4679565429688,2607.458740234375,160.6288604736328
2021-03-03,1996.8433837890625,1406.73193359375,1157.702392578125,739.2854614257812,367.12884521484375,993.9056396484376,524.0918579101562,611.3592529296875,2653.209228515625,160.66714477539062
2021-03-04,1999.9385986328125,1374.4981689453125,1146.3280029296875,723.0728149414062,358.60888671875,982.0578002929688,517.6642456054688,600.3816528320312,2645.056884765625,160.47581481933594
2021-03-05,2003.7620849609373,1375.390869140625,1134.56640625,712.8001098632812,347.7323608398437,983.3440551757812,511.14068603515625,589.4524536132812,2608.9326171875,159.5957794189453
2021-03-08,1979.592041015625,1423.9295654296875,1150.9814453125,707.908203125,353.1252746582031,988.9407958984376,504.3293151855469,588.098388671875,2607.978515625,159.17486572265625
2021-03-09,2001.395263671875,1417.4453125,1159.4259033203125,727.9412841796875,351.3125305175781,988.9181518554688,500.5398559570313,604.5889892578125,2646.140869140625,159.0218048095703
2021-03-10,2028.11376953125,1432.3873291015625,1178.899658203125,724.7965087890625,351.4031677246094,984.8108520507812,504.4732360839844,605.072509765625,2663.487060546875,158.0269775390625
2021-03-12,2007.0849609375,1422.8018798828125,1184.672607421875,723.026123046875,345.42108154296875,964.7938842773438,502.8902587890625,592.7409057617188,2652.212158203125,157.03213500976562
2021-03-15,2012.637939453125,1394.3739013671875,1183.595458984375,712.171142578125,347.9588928222656,951.8402099609376,501.5951843261719,583.6976928710938,2659.32373046875,157.22344970703125
2021-03-16,2042.8616943359373,1373.746337890625,1192.5570068359375,704.4840698242188,343.1097717285156,948.0940551757812,507.782958984375,575.4282836914062,2697.399169921875,159.06007385253906
2021-03-17,2026.702880859375,1351.051025390625,1195.1419677734375,696.6572265625,333.68341064453125,927.6707763671876,501.6431579589844,570.1570434570312,2699.91455078125,161.16453552246094
2021-03-18,2016.5980224609373,1342.076171875,1152.14453125,694.630615234375,332.7317199707031,906.7960815429688,505.7683715820313,559.6146850585938,2633.60791015625,166.55966186523438
2021-03-19,2104.765380859375,1326.2412109375,1158.477783203125,697.6588134765625,336.4025573730469,939.6990356445312,508.4065551757813,567.4006958007812,2645.48974609375,170.6155548095703
2021-03-22,2142.2255859375,1315.7156982421875,1181.1829833984375,684.451171875,332.64111328125,930.8526611328124,506.5357971191406,554.6337890625,2714.3984375,172.94960021972656
2021-03-23,2127.7509765625,1319.756591796875,1181.829345703125,698.8934936523438,337.8074951171875,942.1814575195312,507.7349853515625,567.1588134765625,2725.630615234375,170.04159545898438
2021-03-24,2110.727783203125,1286.6771240234375,1166.4913330078125,688.9468383789062,326.1605529785156,924.0374755859376,502.3626403808594,548.87890625,2706.983154296875,165.2587127685547
2021-03-25,2036.489013671875,1288.5096435546875,1149.301025390625,681.7489013671875,321.9458312988281,898.8297729492188,487.1089782714844,552.7960205078125,2658.1962890625,161.92982482910156
2021-03-26,2110.09033203125,1314.0712890625,1151.368896484375,694.7703857421875,323.75860595703125,900.2741088867188,501.2593688964844,559.5663452148438,2659.8876953125,161.39414978027344
2021-03-30,2183.692138671875,1337.8004150390625,1193.67724609375,723.8414306640625,327.02154541015625,915.9132690429688,500.300048828125,572.0430908203125,2739.4638671875,164.18734741210938
2021-03-31,2213.505859375,1333.430419921875,1178.8134765625,695.8652954101562,330.19384765625,904.0879516601562,496.2707824707031,562.9998168945312,2756.203857421875,167.21011352539062
2021-04-01,2184.0107421875,1357.582275390625,1193.5909423828125,692.650634765625,335.94940185546875,912.5507202148438,499.6285400390625,574.8963012695312,2745.05810546875,168.39630126953125
2021-04-05,2160.432373046875,1319.2401123046875,1214.874755859375,675.343017578125,320.4503173828125,899.3489379882812,506.7756958007813,552.5059204101562,2809.15283203125,162.65679931640625
2021-04-06,2192.38623046875,1316.6085205078125,1215.865478515625,670.9871215820312,317.73114013671875,895.602783203125,510.5650939941406,547.3314819335938,2831.529541015625,162.7333221435547
2021-04-07,2189.609130859375,1319.56884765625,1232.3663330078125,674.2249145507812,324.9822082519531,903.9751586914062,519.5829467773438,558.6959228515625,2837.340576171875,163.6134033203125
2021-04-08,2193.842529296875,1333.665283203125,1240.6815185546875,667.5162353515625,322.30841064453125,905.1034545898438,520.926025390625,557.7770385742188,2877.19384765625,163.1925048828125
2021-04-09,2254.015869140625,1319.521728515625,1241.7156982421875,662.3682250976562,319.9518127441406,894.5872802734375,523.0845336914062,547.6216430664062,2881.443603515625,163.0776824951172
2021-04-12,2241.271484375,1264.1229248046875,1228.531982421875,636.8845825195312,298.0627136230469,862.5869140625,501.21142578125,520.87890625,2815.787841796875,157.10865783691406
2021-04-13,2234.352783203125,1290.9530029296875,1203.88818359375,652.3984985351562,309.0752868652344,871.9071655273438,514.3544921875,542.2053833007812,2692.19580078125,159.71054077148438
2021-04-15,2240.042236328125,1291.845947265625,1172.5230712890625,666.2583618164062,310.6161193847656,877.5488891601562,517.4244384765625,556.3262939453125,2791.849609375,158.18002319335938
2021-04-16,2238.44921875,1277.279541015625,1166.4913330078125,665.5828247070312,308.0782165527344,872.04248046875,518.7675170898438,548.346923828125,2771.20703125,159.1365966796875
2021-04-19,2218.19384765625,1231.5130615234375,1174.0743408203125,658.0122680664062,300.1474304199219,858.3217163085938,505.0488586425781,541.38330078125,2742.28271484375,157.33822631835938
2021-04-20,2182.508544921875,1251.295166015625,1164.42333984375,648.2288208007812,298.65191650390625,858.073486328125,508.6463623046875,540.7545166015625,2727.32177734375,155.7694549560547
2021-04-22,2138.76611328125,1256.2757568359375,1164.2080078125,662.7177124023438,305.13250732421875,860.4430541992188,509.26995849609375,560.195068359375,2704.988525390625,157.5678253173828
2021-04-23,2100.850341796875,1243.2132568359375,1149.301025390625,658.8275756835938,304.95123291015625,859.5177612304688,501.3553161621094,551.2485961914062,2696.922607421875,157.1469268798828
2021-04-26,2149.007568359375,1255.429931640625,1157.702392578125,654.4716186523438,312.0663146972656,874.6378173828125,506.1040649414063,571.70458984375,2689.376220703125,157.10865783691406
2021-04-27,2166.486328125,1297.4842529296875,1161.967529296875,670.264892578125,319.9971008300781,897.5661010742188,512.5797119140625,579.1035766601562,2716.4365234375,157.1851806640625
2021-04-28,2190.792724609375,1293.0205078125,1168.43017578125,688.0151977539062,329.378173828125,901.47021484375,522.1732177734375,600.9618530273438,2709.58544921875,157.26168823242188
2021-04-29,2191.74853515625,1276.8096923828125,1168.7318115234375,686.0117797851562,325.75262451171875,913.5437622070312,518.8634643554688,601.0587768554688,2701.908447265625,156.34339904785156
2021-04-30,2142.7265625,1259.7059326171875,1167.00830078125,657.9657592773438,320.405029296875,900.2064819335938,514.9300537109375,580.796142578125,2632.87109375,155.0424346923828
2021-05-03,2192.112548828125,1261.63232421875,1165.026611328125,658.9674072265625,317.7764587402344,884.2063598632812,536.1317138671875,577.169189453125,2634.04150390625,153.77975463867188
2021-05-04,2191.7939453125,1257.027587890625,1145.5096435546875,646.8078002929688,318.5922546386719,865.0467529296875,529.9918823242188,572.1398315429688,2645.099853515625,152.74664306640625
2021-05-05,2179.959716796875,1258.014404296875,1155.9359130859375,653.4466552734375,322.1271057128906,866.6265258789062,537.18701171875,583.0206909179688,2684.953125,154.12411499023438
2021-05-06,2175.7265625,1259.1890869140625,1173.25537109375,652.6546020507812,322.2630310058594,871.546142578125,536.0357666015625,588.2434692382812,2698.61328125,155.15724182128906
2021-05-07,2195.026123046875,1261.8203125,1165.45751953125,659.1070556640625,324.71026611328125,871.884521484375,545.389404296875,587.1795043945312,2717.21728515625,157.1469268798828
2021-05-10,2214.780029296875,1310.9698486328125,1154.2554931640625,661.4830932617188,327.8373107910156,869.3795776367188,549.2747192382812,593.1277465820312,2728.145751953125,157.2999725341797
2021-05-11,2186.741455078125,1300.256591796875,1146.5869140625,653.8892822265625,330.5111389160156,872.5164794921875,545.2935180664062,589.8392333984375,2708.2841796875,156.1138153076172
2021-05-12,2120.150146484375,1301.8543701171875,1143.441650390625,652.00244140625,333.2756042480469,863.4895629882812,538.913818359375,575.2348022460938,2677.927490234375,155.53985595703125
2021-05-14,2163.755615234375,1330.2352294921875,1134.30810546875,646.10888671875,326.7043151855469,874.3895874023438,537.61865234375,577.7010498046875,2646.61767578125,162.42721557617188
2021-05-17,2163.20947265625,1303.2169189453125,1145.5096435546875,670.9871215820312,347.2338256835937,884.7930908203125,527.3056640625,603.1380615234375,2662.445556640625,162.69505310058594
2021-05-18,2161.388427734375,1331.9267578125,1154.6434326171875,687.968505859375,346.46337890625,897.250244140625,514.5464477539062,612.4232177734375,2678.96875,160.74366760253906
2021-05-19,2148.188720703125,1318.910888671875,1152.0582275390625,679.3496704101562,348.412109375,901.3573608398438,506.7276611328125,604.927490234375,2673.0703125,158.98353576660156
2021-05-20,2133.987060546875,1324.83154296875,1154.0404052734375,667.5162353515625,348.5480651855469,896.09912109375,499.4845886230469,598.3021240234375,2653.990234375,158.40960693359375
2021-05-21,2150.464599609375,1332.6314697265625,1167.1375732421875,697.565673828125,363.6392822265625,903.8397216796876,509.3658752441406,621.3696899414062,2671.769775390625,159.97840881347656
2021-05-24,2127.068603515625,1356.3135986328125,1161.5799560546875,703.458984375,373.4735107421875,896.2120361328125,505.3845825195313,626.1088256835938,2672.63720703125,161.85330200195312
2021-05-25,2133.896240234375,1363.5499267578125,1173.25537109375,689.0167846679688,373.7454223632813,886.056884765625,504.7130126953125,628.9620971679688,2714.036376953125,161.39414978027344
2021-05-26,2142.954345703125,1384.177490234375,1203.9744873046875,688.1316528320312,374.8330078125,889.1710205078125,504.3772888183594,631.0899047851562,2752.8203125,161.16453552246094
2021-05-27,2117.82861328125,1393.5281982421875,1208.2825927734375,690.7405395507812,385.3923645019531,891.9017333984375,498.6691284179688,630.8480224609375,2771.55908203125,161.58547973632812
2021-05-28,2113.55029296875,1389.064208984375,1210.6954345703125,700.4308471679688,382.5372924804688,945.4763793945312,502.3146667480469,621.9500122070312,2739.83447265625,162.92465209960938
2021-05-31,2130.254638671875,1379.290771484375,1213.9178466796875,706.207763671875,384.6219482421875,975.039306640625,513.1553344726562,641.0036010742188,2753.38671875,165.75613403320312
2021-06-01,2146.86865234375,1385.8223876953125,1208.2130126953125,704.2743530273438,392.0542602539063,978.9210205078124,511.2366333007813,628.7686157226562,2748.027099609375,164.72300720214844
2021-06-02,2147.32373046875,1382.439208984375,1200.76611328125,700.6871337890625,396.3142395019531,993.5219116210938,507.9747619628906,627.0760498046875,2727.501953125,159.94015502929688
2021-06-03,2151.374755859375,1419.841552734375,1210.346923828125,708.3974609375,402.1686096191406,997.3131713867188,510.4212036132813,628.9136962890625,2737.786376953125,159.97840881347656
2021-06-04,2132.0751953125,1444.9332275390625,1206.863037109375,699.2661743164062,396.6344299316406,988.6700439453124,511.044677734375,621.6115112304688,2739.96533203125,159.74880981445312
2021-06-07,2129.572021484375,1463.963623046875,1210.346923828125,698.7537231445312,395.3995056152344,1005.3245239257812,514.6422729492188,626.9309692382812,2774.34814453125,161.8150177001953
2021-06-08,2147.505615234375,1455.8345947265625,1230.640625,690.9268798828125,390.7800598144531,999.54736328125,524.571533203125,621.3212890625,2789.121337890625,163.49859619140625
2021-06-09,2144.77490234375,1427.7825927734375,1232.6873779296875,689.6456298828125,385.5202026367188,981.6740112304688,518.0479736328125,615.22802734375,2789.208251953125,162.61856079101562
2021-06-10,2165.5302734375,1428.158447265625,1240.5262451171875,689.9951782226562,395.3995056152344,985.284912109375,522.9885864257812,619.3870239257812,2803.632568359375,164.80076599121094
2021-06-11,2154.333251953125,1412.8875732421875,1260.2100830078125,692.4642944335938,392.9753723144531,1002.3753051757812,518.8634643554688,614.8411865234375,2853.311767578125,163.69845581054688
2021-06-14,2168.17919921875,1424.446533203125,1273.1875,689.2496948242188,393.6614685058594,1016.75537109375,517.4244384765625,614.3092041015625,2855.53369140625,163.2259979248047
2021-06-15,2193.257080078125,1419.7945556640625,1283.726318359375,694.2811889648438,392.8839111328125,1019.065185546875,520.4463500976562,624.1261596679688,2843.680908203125,163.02914428710938
2021-06-16,2207.88232421875,1401.09326171875,1289.5618896484375,691.64892578125,389.6365966796875,1001.6732177734376,514.9300537109375,619.0967407226562,2853.791015625,163.6590576171875
2021-06-17,2216.8681640625,1397.9451904296875,1302.365234375,683.0301513671875,384.4225158691406,1003.5075073242188,507.1593933105469,612.229736328125,2891.61669921875,161.9268035888672
2021-06-18,2276.652099609375,1387.0908203125,1309.3328857421875,689.4127807617188,377.6991271972656,1008.0367431640624,516.8488159179688,609.715087890625,2873.7939453125,161.0606689453125
2021-06-21,2305.48974609375,1378.679931640625,1306.72021484375,693.5590209960938,383.9651489257813,1013.29052734375,517.6642456054688,610.5371704101562,2852.701904296875,160.98194885253906
2021-06-22,2283.3916015625,1408.893310546875,1316.7796630859375,691.2762451171875,382.9589538574219,1008.08203125,514.5942993164062,610.1502685546875,2877.191650390625,161.4936981201172
2021-06-23,2274.451171875,1390.1451416015625,1309.20263671875,692.0682983398438,383.141845703125,998.8425903320312,512.33984375,604.2020874023438,2842.504150390625,160.58822631835938
2021-06-24,2283.2998046875,1413.451171875,1358.020263671875,701.7353515625,381.6325378417969,975.3587036132812,507.2553405761719,613.2453002929688,2940.293212890625,160.03704833984375
2021-06-25,2245.247314453125,1432.05859375,1371.0848388671875,705.8583984375,392.2436218261719,953.14306640625,513.34716796875,627.7047119140625,2946.568603515625,161.45437622070312
2021-06-28,2255.837890625,1423.224609375,1368.9947509765625,702.7137451171875,390.3683471679688,944.7868041992188,509.605712890625,628.9620971679688,2908.17626953125,160.31265258789062
2021-06-29,2285.5009765625,1419.888427734375,1361.3736572265625,702.8073120117188,385.5659484863281,945.60205078125,503.60980224609375,619.0967407226562,2911.74951171875,160.076416015625
2021-06-30,2266.015380859375,1410.162109375,1376.8333740234375,700.865478515625,383.4620666503906,955.9512329101562,504.2812805175781,610.1986694335938,2916.02001953125,159.60398864746094
2021-07-01,2272.159423828125,1402.4090576171875,1359.0654296875,695.6484375,384.5596923828125,950.1991577148438,501.40325927734375,610.1502685546875,2912.3154296875,159.8402099609375
2021-07-02,2280.6865234375,1396.1595458984375,1365.5107421875,692.67724609375,388.2187194824219,964.2848510742188,503.6577453613281,619.2418212890625,2898.327880859375,159.36778259277344
2021-07-05,2291.4609375,1417.1163330078125,1375.2220458984375,699.7191772460938,395.765380859375,973.8640747070312,502.65045166015625,626.5924072265625,2894.44921875,160.3520050048828
2021-07-06,2267.1162109375,1414.81396484375,1360.633056640625,718.084228515625,393.1126098632813,962.3599853515624,504.7130126953125,628.9620971679688,2843.288330078125,159.44650268554688
2021-07-07,2275.505859375,1425.104248046875,1362.7235107421875,720.3300170898438,395.9483337402344,955.679443359375,508.0707702636719,632.5406494140625,2854.313720703125,160.43075561523438
2021-07-08,2244.239013671875,1410.302978515625,1359.3702392578125,711.4166259765625,388.2644653320313,947.7760009765624,503.9455871582031,620.8377685546875,2839.976318359375,159.05282592773438
2021-07-09,2247.814697265625,1409.269287109375,1361.2427978515625,702.783935546875,387.6241455078125,938.0836181640624,514.450439453125,617.5975952148438,2796.093505859375,158.541015625
2021-07-12,2241.120849609375,1410.3499755859375,1348.134765625,695.765380859375,391.00872802734375,943.92626953125,508.1187438964844,625.0449829101562,2782.976806640625,158.34417724609375
2021-07-13,2234.289794921875,1422.4259033203125,1345.6092529296875,702.7137451171875,392.5180358886719,950.9918212890624,508.5025329589844,643.1312866210938,2778.139404296875,158.93470764160156
2021-07-14,2214.255126953125,1451.6524658203125,1373.4365234375,701.4503784179688,394.3017883300781,944.7868041992188,508.5025329589844,642.551025390625,2801.671630859375,160.7063446044922
2021-07-15,2211.962646484375,1512.408447265625,1376.8333740234375,711.5335693359375,394.8963623046875,943.1336059570312,504.0894775390625,645.54931640625,2797.653564453125,162.3992462158203
2021-07-16,2216.59326171875,1521.2420654296875,1354.7542724609375,712.3056030273438,393.34130859375,956.7437744140624,519.1512451171875,638.6339721679688,2790.535400390625,163.69845581054688
2021-07-19,2208.569580078125,1512.643310546875,1342.7783203125,688.279052734375,391.42034912109375,950.652099609375,516.56103515625,634.3783569335938,2781.62548828125,163.58030700683594
2021-07-20,2232.639404296875,1494.5528564453125,1350.0509033203125,675.2479858398438,385.0171203613281,948.3194580078124,504.3772888183594,620.8377685546875,2800.14306640625,162.83229064941406
2021-07-22,2180.603271484375,1543.232421875,1385.0203857421875,677.8449096679688,386.0690612792969,960.5029296875,524.4756469726562,634.4267578125,2809.35791015625,162.98976135253906
2021-07-23,2162.218994140625,1514.663818359375,1385.2381591796875,675.0609130859375,392.3350524902344,953.7093505859376,526.0105590820312,654.4474487304688,2806.301025390625,167.24166870117188
2021-07-26,2153.599853515625,1501.3660888671875,1396.9527587890625,671.22412109375,387.2125244140625,940.6425170898438,521.933349609375,654.544189453125,2792.93701171875,166.25746154785156
2021-07-27,2147.822998046875,1511.3746337890625,1395.777099609375,673.6571655273438,393.2955627441406,930.746337890625,518.5756225585938,655.22119140625,2780.1845703125,164.28897094726562
2021-07-28,2165.244873046875,1515.128662109375,1398.4337158203125,663.15283203125,389.2249450683594,922.7523193359376,544.8137817382812,662.5718383789062,2793.155029296875,164.64329528808594
2021-07-29,2140.808837890625,1516.83935546875,1408.362548828125,663.597412109375,403.9066162109375,929.9536743164062,544.0942993164062,666.888427734375,2791.407958984375,162.2417449951172
2021-07-30,2139.479248046875,1522.01904296875,1402.7015380859375,667.43408203125,394.9878540039063,921.8237915039062,538.81787109375,662.0383911132812,2766.6455078125,161.37562561035156
2021-08-02,2139.0205078125,1533.8988037109375,1421.0352783203125,665.6561279296875,397.8235473632813,938.6724243164062,542.1755981445312,660.9713134765625,2812.021728515625,163.2259979248047
2021-08-03,2188.58056640625,1553.287109375,1441.6336669921875,671.2942504882812,408.4346008300781,945.579345703125,556.61376953125,669.7014770507812,2869.234130859375,165.273193359375
2021-08-04,2179.640625,1542.690185546875,1436.4512939453125,685.6119995117188,417.9937438964844,952.8261108398438,551.0494995117188,693.2244873046875,2859.669189453125,164.24960327148438
2021-08-05,2161.852294921875,1546.6820068359375,1440.19677734375,694.7593994140625,404.1810607910156,966.64013671875,574.3616943359375,681.3901977539062,2868.40380859375,169.4857177734375
2021-08-06,2174.505859375,1530.4775390625,1437.278564453125,698.4091186523438,398.5096130371094,946.168212890625,583.187744140625,676.734130859375,2890.9833984375,168.6983642578125
2021-08-09,2186.426025390625,1518.21728515625,1448.6884765625,703.6728515625,396.4514465332031,940.7784423828124,574.8892822265625,681.7781982421875,2902.2509765625,168.34402465820312
2021-08-10,2183.950439453125,1509.663818359375,1460.838623046875,705.4275512695312,390.0939636230469,945.7152099609376,596.9063720703125,679.88671875,2912.033447265625,165.2338409423828
2021-08-11,2191.881591796875,1504.7694091796875,1461.0997314453125,699.4851684570312,391.5575256347656,958.9630737304688,595.6112670898438,672.757080078125,2921.030029296875,164.28897094726562
2021-08-12,2193.577880859375,1542.927734375,1471.5950927734375,702.503173828125,390.73431396484375,955.88330078125,597.8178100585938,680.3232421875,2927.6240234375,164.48580932617188
2021-08-13,2204.764892578125,1585.6483154296875,1491.279296875,714.1069946289062,394.4390258789063,971.8032836914062,611.1526489257812,683.6697998046875,3025.146484375,166.49365234375
2021-08-16,2224.84521484375,1573.95849609375,1484.4854736328125,716.165771484375,388.63037109375,984.4171142578124,608.274658203125,681.5842895507812,3033.488037109375,166.06060791015625
2021-08-17,2277.477294921875,1557.4688720703125,1516.9293212890625,708.702880859375,385.5659484863281,980.2276000976562,600.8876953125,680.1776733398438,3103.452392578125,164.72203063964844
2021-08-18,2279.540771484375,1551.861572265625,1509.787353515625,707.9307861328125,383.91943359375,984.0321044921876,597.6259155273438,667.6643676757812,3110.003662109375,164.52517700195312
2021-08-20,2401.8134765625,1514.5582275390625,1509.3516845703125,708.7495727539062,372.0277099609375,972.98095703125,588.751953125,660.2922973632812,3109.0859375,164.48580932617188
2021-08-23,2415.337890625,1502.3455810546875,1514.4033203125,713.3584594726562,374.5889892578125,979.3670654296876,597.3380737304688,662.2322998046875,3177.12841796875,162.43858337402344
2021-08-24,2414.283935546875,1526.1533203125,1498.8131103515625,729.3839111328125,381.99847412109375,989.0369262695312,594.8917236328125,673.6300659179688,3155.991943359375,162.0055389404297
2021-08-25,2425.287109375,1514.74853515625,1511.616455078125,728.7055053710938,380.7635498046875,997.596923828125,587.552734375,670.3319702148438,3195.99560546875,162.51734924316406
2021-08-26,2444.908935546875,1516.6016845703125,1504.7791748046875,727.4889526367188,375.7323913574219,1010.2108154296876,563.0414428710938,677.8496704101562,3207.2197265625,161.10003662109375
2021-08-27,2455.499755859375,1556.8511962890625,1488.3179931640625,724.517822265625,377.2875061035156,1008.8292846679688,570.9560546875,678.771240234375,3249.408203125,162.1236572265625
2021-08-30,2464.43994140625,1577.7598876953125,1478.9549560546875,733.7821044921875,386.6636657714844,1028.2369384765625,595.2276000976562,692.2545166015625,3232.943359375,163.7771759033203
2021-08-31,2497.81640625,1589.259765625,1486.2708740234375,739.9349975585938,389.7280578613281,1022.7566528320312,637.0550537109375,697.4925537109375,3307.318115234375,166.37554931640625
2021-09-01,2505.88525390625,1602.7554931640625,1461.2740478515625,738.8588256835938,393.2498168945313,1026.8101806640625,639.3095703125,698.317138671875,3244.8662109375,164.958251953125
2021-09-02,2568.374267578125,1602.5654296875,1471.1595458984375,743.4910888671875,393.1126098632813,1039.1748046875,639.4055786132812,703.40966796875,3351.25341796875,165.15509033203125
2021-09-03,2536.8779296875,1607.6025390625,1481.2193603515625,737.431884765625,394.6219787597656,1081.79443359375,631.6828002929688,702.5851440429688,3355.882568359375,165.82437133789062
2021-09-06,2549.622802734375,1610.1685791015625,1507.130859375,732.5889892578125,394.3017883300781,1098.5977783203125,627.9892578125,699.5296630859375,3364.57373046875,164.80076599121094
2021-09-07,2546.963623046875,1598.28857421875,1486.4451904296875,734.2500610351562,392.5180358886719,1105.52734375,643.2908325195312,695.4070434570312,3333.041748046875,166.72988891601562
2021-09-08,2568.236572265625,1583.89013671875,1474.7742919921875,737.5956420898438,394.57623291015625,1101.2020263671875,640.7006225585938,699.3355712890625,3296.574951171875,166.33619689941406
2021-09-09,2577.177001953125,1587.216552734375,1473.3369140625,733.9459228515625,395.4452209472656,1098.5977783203125,658.2567138671875,698.6566162109375,3311.64208984375,167.4385223388672
2021-09-13,2554.8955078125,1588.78466796875,1473.598388671875,727.83984375,395.9483337402344,1074.1175537109375,665.1160888671875,686.1918334960938,3358.765380859375,168.61961364746094
2021-09-14,2533.072509765625,1612.3070068359375,1468.59033203125,724.5645141601562,396.0855407714844,1072.71337890625,665.9794311523438,686.2403564453125,3394.18408203125,170.15501403808594
2021-09-15,2544.900390625,1631.837890625,1490.6258544921875,723.7457885742188,406.0105590820313,1077.1746826171875,696.007080078125,692.9334106445312,3454.14794921875,170.07630920410156
2021-09-16,2538.299072265625,1635.876953125,1482.6129150390625,729.8984985351562,424.1683044433594,1099.7752685546875,689.3875122070312,705.398193359375,3409.38232421875,181.69027709960935
2021-09-17,2496.1201171875,1631.0772705078125,1473.0758056640625,740.2860107421875,415.38671875,1082.722900390625,698.54931640625,698.5596313476562,3343.480224609375,182.0052490234375
2021-09-20,2567.732177734375,1619.8150634765625,1470.0709228515625,729.8517456054688,400.15618896484375,1084.444091796875,695.4794311523438,688.7138061523438,3339.679931640625,184.0524444580078
2021-09-21,2578.827392578125,1635.5443115234375,1496.72265625,726.1553955078125,401.3910827636719,1089.1318359375,697.1102905273438,690.5083618164062,3374.1376953125,190.1547393798828
2021-09-22,2553.198974609375,1626.0404052734375,1495.3726806640625,717.6162109375,401.4368591308594,1100.81689453125,697.206298828125,682.2632446289062,3373.439453125,191.72950744628903
2021-09-23,2551.181640625,1681.9239501953125,1517.71337890625,734.6008911132812,411.4532775878906,1127.72021484375,697.2542114257812,695.5039672851562,3379.640625,190.94212341308597
2021-09-24,2518.4931640625,1681.0208740234375,1536.2647705078125,749.36328125,403.1748352050781,1124.4593505859375,709.342041015625,701.275634765625,3381.431396484375,187.7531890869141
2021-09-27,2484.428955078125,1653.31689453125,1499.0743408203125,760.3822021484375,408.5260925292969,1143.368408203125,706.19140625,708.1142578125,3351.427978515625,187.95004272460935
2021-09-28,2497.587158203125,1650.98828125,1469.4176025390625,755.6798095703125,406.9710388183594,1154.0574951171875,680.3890380859375,695.6495361328125,3300.942138671875,187.20204162597656
2021-09-29,2462.2392578125,1635.63916015625,1473.9031982421875,745.7603759765625,420.7837219238281,1144.9085693359375,678.3854370117188,688.2288818359375,3312.078857421875,187.4776153564453
2021-09-30,2477.36865234375,1618.484619140625,1459.052978515625,746.2750854492188,414.3804931640625,1141.013427734375,672.716796875,679.8381958007812,3297.798095703125,185.94219970703125
2021-10-01,2479.432373046875,1612.7347412109375,1450.2999267578125,740.5432739257812,413.14556884765625,1143.0289306640625,660.5975341796875,671.5929565429688,3258.186279296875,185.31228637695312
2021-10-04,2463.064697265625,1630.174560546875,1462.14501953125,741.9703979492188,423.6651611328125,1157.72607421875,665.9730224609375,679.2076416015625,3295.832275390625,186.29653930664065
2021-10-05,2483.649169921875,1631.552490234375,1474.3822021484375,746.5089721679688,425.0830383300781,1181.7532958984375,683.4188842773438,676.2005615234375,3348.239990234375,184.8004608154297
2021-10-06,2462.92724609375,1610.9764404296875,1457.6160888671875,755.609619140625,418.222412109375,1159.4019775390625,675.7466430664062,668.8284912109375,3328.674560546875,182.0839691162109
2021-10-07,2447.66015625,1627.5135498046875,1472.8145751953125,753.5508422851562,418.8627624511719,1165.086181640625,676.8217163085938,681.147705078125,3400.29833984375,183.4225616455078
2021-10-08,2420.74853515625,1641.2467041015625,1501.4256591796875,749.8778076171875,418.9542236328125,1209.8570556640625,679.7537841796875,682.3117065429688,3437.638916015625,182.43832397460935
2021-10-11,2425.378662109375,1631.74267578125,1472.7708740234375,764.4529418945312,429.2451477050781,1201.4326171875,675.2090454101562,691.9149780273438,3219.2294921875,187.438232421875
2021-10-12,2453.849365234375,1632.978271484375,1467.71923828125,762.4877319335938,441.8229064941406,1208.29443359375,670.8109130859375,687.3558349609375,3190.623779296875,189.99725341796875
2021-10-13,2426.8916015625,1665.1492919921875,1488.666259765625,767.0731811523438,440.6337585449219,1220.5911865234375,674.2805786132812,688.6654052734375,3192.67626953125,196.2176513671875
2021-10-14,2429.458984375,1700.5517578125,1494.37109375,789.5323486328125,448.7750244140625,1223.0595703125,670.2733764648438,705.4952392578125,3160.51513671875,202.0049591064453
2021-10-18,2433.539306640625,1699.743896484375,1560.913330078125,781.5313110351562,455.4983825683594,1226.320556640625,665.1911010742188,723.1011352539062,3191.7578125,206.72930908203125
2021-10-19,2335.244140625,1754.4871826171875,1587.04248046875,790.1405639648438,446.57958984375,1237.3038330078125,665.6798095703125,725.0410766601562,3180.381103515625,193.65863037109372
2021-10-20,2272.75537109375,1717.0887451171875,1569.797119140625,783.1922607421875,457.2821350097656,1223.0595703125,692.41064453125,723.4890747070312,3158.239990234375,194.17042541503903
2021-10-21,2242.588134765625,1716.185791015625,1527.380859375,784.338623046875,460.0721130371094,1187.7772216796875,680.291259765625,732.8497314453125,3091.423583984375,192.6743927001953
2021-10-22,2250.244140625,1703.35546875,1497.898681640625,786.4207763671875,460.0721130371094,1189.9964599609375,678.7764282226562,736.5357666015625,3061.974853515625,186.29653930664065
2021-10-25,2251.848876953125,1695.6572265625,1487.2291259765625,775.3081665039062,463.3194580078125,1178.4017333984375,675.453369140625,816.4654541015625,3056.811767578125,183.7768402099609
2021-10-26,2248.158935546875,1707.156982421875,1497.0263671875,773.319580078125,468.8536987304688,1205.2371826171875,680.43798828125,804.5342407226562,3047.75341796875,186.37527465820312
2021-10-27,2211.025390625,1696.0374755859375,1519.2135009765625,768.6640014648438,474.8910217285156,1189.9964599609375,686.4486694335938,809.96630859375,3054.010986328125,187.7531890869141
2021-10-28,2204.613525390625,1724.2642822265625,1497.2021484375,745.6434326171875,458.6085510253906,1176.952392578125,674.1339721679688,774.7545776367188,2994.413818359375,177.24154663085938
2021-10-29,2207.842529296875,1679.0252685546875,1465.4376220703125,740.613525390625,459.3403015136719,1148.713134765625,669.8335571289062,778.004150390625,2973.49853515625,175.74549865722656
2021-11-01,2220.712890625,1706.3016357421875,1493.8193359375,751.1178588867188,471.7351379394531,1149.4151611328125,696.368896484375,779.7987670898438,3042.327880859375,178.61944580078125
2021-11-02,2231.5986328125,1725.594970703125,1491.929931640625,751.7963256835938,477.2236022949219,1132.6571044921875,697.7861328125,776.9371337890625,3049.15380859375,177.63523864746094
2021-11-03,2224.63330078125,1795.7818603515625,1495.971923828125,739.9584350585938,482.6663818359375,1124.8670654296875,683.2722778320312,762.3868408203125,3056.19873046875,175.1549530029297
2021-11-04,2235.2431640625,1814.26708984375,1501.4200439453125,745.8071899414062,485.2276916503906,1131.7740478515625,685.2269287109375,758.6522827148438,3070.55126953125,178.38323974609375
2021-11-08,2243.591796875,1829.0936279296875,1526.7265625,748.7548828125,478.6414794921875,1133.1781005859375,692.9480590820312,756.7606811523438,3065.38818359375,180.9422912597656
2021-11-09,2242.900146484375,1847.1986083984373,1531.119873046875,735.65380859375,484.03851318359375,1142.1231689453125,697.0530395507812,762.9688720703125,3067.969482421875,180.1155242919922
2021-11-10,2214.300537109375,1853.4237060546875,1529.054931640625,727.6995239257812,479.6934509277344,1154.895263671875,718.7993774414062,757.48828125,3049.241455078125,181.7690277099609
2021-11-11,2192.205078125,1835.8887939453125,1523.0360107421875,724.4476318359375,466.1551513671875,1157.00146484375,712.1043701171875,748.3215942382812,3052.654296875,181.0997467041016
2021-11-12,2218.72900390625,1862.737548828125,1564.2464599609375,726.646728515625,467.7559814453125,1174.46142578125,726.6671142578125,753.317138671875,3085.77880859375,183.38314819335935
2021-11-15,2236.99609375,1850.4774169921875,1570.353271484375,728.63525390625,463.3652038574219,1167.5318603515625,720.8517456054688,750.1161499023438,3109.625732421875,187.4776153564453
2021-11-16,2220.297119140625,1858.318359375,1574.878662109375,724.3073120117188,452.8913269042969,1140.4019775390625,713.7659301757812,741.1434326171875,3112.33935546875,185.39100646972656
2021-11-17,2205.997314453125,1856.0372314453125,1570.6170654296875,716.2593383789062,455.6813354492188,1115.98974609375,703.7479248046875,738.475830078125,3082.147216796875,188.57994079589844
2021-11-18,2213.608642578125,1802.909912109375,1563.54345703125,720.2832641601562,460.84967041015625,1120.2017822265625,698.1770629882812,740.0278930664062,3041.715576171875,187.0051727294922
2021-11-22,2203.599365234375,1772.0218505859375,1545.9696044921875,709.0303344726562,444.9330749511719,1070.5849609375,725.2987670898438,729.4547119140625,3026.574951171875,181.8083953857422
2021-11-23,2208.81103515625,1792.7880859375,1526.19921875,709.1239013671875,451.0161437988281,1080.5941162109375,741.7184448242188,729.30908203125,3031.695068359375,182.35955810546875
2021-11-24,2190.867431640625,1770.1209716796875,1490.2606201171875,710.2936401367188,451.1076049804688,1064.9913330078125,741.7184448242188,737.4088745117188,3013.361083984375,179.28875732421875
2021-11-25,2167.157470703125,1758.14599609375,1513.4580078125,713.9900512695312,448.729248046875,1129.1016845703125,747.826904296875,728.5331420898438,3015.635986328125,182.12335205078125
2021-11-26,2154.287353515625,1689.9549560546875,1486.4383544921875,697.1222534179688,430.3885803222656,1092.7099609375,722.0245361328125,700.5481567382812,3016.4677734375,176.3754119873047
2021-11-29,2149.02880859375,1679.595458984375,1490.568115234375,702.432861328125,425.448974609375,1105.799072265625,722.6109619140625,696.862060546875,3064.7314453125,174.4069061279297
2021-11-30,2138.0966796875,1677.2196044921875,1504.890869140625,698.830078125,421.286865234375,1089.448486328125,711.7623291015625,692.9334106445312,3088.4912109375,174.13131713867188
2021-12-01,2163.282958984375,1697.4154052734375,1506.8680419921875,704.0238647460938,434.779296875,1117.3486328125,705.898193359375,705.8832397460938,3131.066650390625,174.72190856933594
2021-12-02,2198.75537109375,1700.4566650390625,1536.172119140625,713.8965454101562,436.33441162109375,1124.52734375,715.9650268554688,700.7421264648438,3188.0380859375,177.51712036132812
2021-12-03,2162.175537109375,1711.908935546875,1525.0128173828125,708.1881103515625,432.8126220703125,1090.7396240234375,702.08642578125,694.8250122070312,3185.894287109375,174.52503967285156
2021-12-06,2127.902099609375,1694.2315673828125,1489.6455078125,703.6261596679688,425.6318664550781,1070.06396484375,681.8062744140625,688.27734375,3094.83642578125,171.5723114013672
2021-12-07,2141.833251953125,1708.915283203125,1504.01220703125,713.8729858398438,436.05999755859375,1078.7825927734375,683.0278930664062,712.6248779296875,3136.93017578125,173.73764038085938
2021-12-08,2159.36181640625,1734.528564453125,1540.653564453125,727.02099609375,449.64398193359375,1095.20068359375,698.958984375,730.812744140625,3174.0361328125,177.12344360351562
2021-12-09,2158.57763671875,1786.5631103515625,1549.5281982421875,714.4111328125,446.9911804199219,1112.5701904296875,697.7861328125,732.36474609375,3152.026123046875,185.3516540527344
2021-12-10,2152.165771484375,1780.48046875,1545.837890625,712.3992309570312,452.52545166015625,1113.7025146484375,694.609619140625,735.2748413085938,3182.69970703125,185.9028167724609
2021-12-13,2125.9189453125,1769.170654296875,1533.009033203125,707.065185546875,446.2137145996094,1091.3736572265625,687.1817016601562,731.3947143554688,3158.939453125,184.7217559814453
2021-12-14,2138.78857421875,1773.162353515625,1539.5992431640625,702.9944458007812,446.8997497558594,1078.0125732421875,675.9420776367188,735.9053344726562,3171.323486328125,179.99737548828125
2021-12-15,2141.233154296875,1787.5135498046875,1523.8265380859375,701.84814453125,443.4694519042969,1074.864990234375,669.9313354492188,729.697265625,3124.547607421875,176.41477966308594
2021-12-16,2130.669921875,1780.95556640625,1556.6895751953125,701.8948364257812,440.130615234375,1088.769287109375,665.9730224609375,718.9299926757812,3134.392822265625,175.50929260253906
2021-12-17,2057.556640625,1755.4849853515625,1599.9652099609375,689.2382202148438,427.918701171875,1060.0318603515625,650.9705200195312,706.4652099609375,3136.799560546875,171.6116943359375
2021-12-20,2093.398193359375,1710.103271484375,1580.67822265625,667.0599365234375,410.9044799804688,1031.452880859375,643.3471069335938,688.6654052734375,3112.7763671875,167.24166870117188
2021-12-21,2096.85791015625,1736.904541015625,1591.8372802734375,674.6163940429688,407.9772644042969,1046.806640625,651.8990478515625,698.7536010742188,3157.758544921875,167.3204345703125
2021-12-22,2101.28564453125,1778.199462890625,1603.34814453125,676.2072143554688,416.987548828125,1071.6490478515625,669.2471313476562,710.830322265625,3177.405517578125,166.92674255371094
2021-12-23,2122.5048828125,1785.2799072265625,1632.257080078125,675.6925048828125,422.4302673339844,1071.26416015625,663.3829345703125,709.3753051757812,3205.365966796875,171.09988403320312
2021-12-24,2119.092041015625,1767.1748046875,1637.4415283203125,673.2595825195312,417.9937438964844,1074.6837158203125,661.721435546875,705.3012084960938,3212.5419921875,171.6510772705078
2021-12-27,2123.196533203125,1773.6375732421875,1639.77001953125,678.8274536132812,418.99993896484375,1073.5286865234375,660.450927734375,713.9343872070312,3234.59521484375,171.29673767089844
2021-12-28,2130.301025390625,1805.285888671875,1658.9693603515625,683.5064086914062,421.8814697265625,1086.2783203125,664.653564453125,713.7403564453125,3243.740966796875,173.2652130126953
2021-12-29,2128.2255859375,1800.866455078125,1656.8167724609375,680.2545776367188,415.6611328125,1088.1353759765625,661.5259399414062,713.6433715820312,3233.370361328125,170.66683959960938
2021-12-30,2145.5234375,1792.1702880859375,1663.23095703125,683.833984375,413.19134521484375,1068.4786376953125,663.9694213867188,713.6433715820312,3267.54443359375,170.07630920410156
2021-12-31,2177.397705078125,1801.8646240234373,1658.7496337890625,692.20947265625,421.1954040527344,1072.5775146484375,668.3186645507812,717.9599609375,3271.570556640625,171.69046020507812
2022-01-03,2178.458984375,1827.4776611328125,1668.151611328125,711.0423583984375,430.6629943847656,1088.74658203125,675.6488647460938,741.77392578125,3341.0556640625,172.51719665527344
2022-01-04,2215.315185546875,1841.4486083984373,1668.7666015625,715.2066650390625,442.2802734375,1113.3175048828125,681.6596069335938,749.6796264648438,3399.6904296875,173.42269897460938
2022-01-05,2228.73876953125,1851.9505615234373,1620.878173828125,732.1912841796875,450.4215087890625,1118.5260009765625,684.1519165039062,764.4238891601562,3378.8623046875,173.6588897705078
2022-01-06,2206.22802734375,1829.0460205078125,1597.2852783203125,720.4471435546875,449.78125,1094.47607421875,694.31640625,761.5137939453125,3332.0419921875,172.20223999023438
2022-01-07,2229.06201171875,1810.41796875,1594.2098388671875,725.5003662109375,449.36956787109375,1103.3079833984375,688.7455444335938,769.468017578125,3372.342041015625,171.9660186767578
2022-01-10,2220.666015625,1856.2274169921875,1626.23828125,729.5243530273438,460.7124328613281,1104.2138671875,688.9898681640625,786.443359375,3395.402099609375,175.82421875
2022-01-11,2217.529541015625,1863.8780517578125,1630.499755859375,732.6826782226562,462.8163757324219,1112.16259765625,687.5238037109375,786.3463134765625,3426.950927734375,174.76126098632812
2022-01-12,2226.293701171875,1876.2806396484373,1649.69921875,728.3545532226562,466.749755859375,1141.851318359375,713.668212890625,799.0535888671875,3377.943359375,175.3911590576172
2022-01-13,2227.2626953125,1918.2884521484373,1666.7017822265625,714.9491577148438,467.7559814453125,1148.2828369140625,715.2318725585938,799.97509765625,3411.198486328125,176.3360137939453
2022-01-14,2180.6728515625,1943.3316650390625,1695.303466796875,722.9737548828125,465.0117492675781,1149.958740234375,704.2855224609375,795.416015625,3472.6767578125,175.2730712890625
2022-01-17,2204.521484375,1966.759033203125,1704.2220458984375,711.9078979492188,470.1800842285156,1155.959716796875,712.1043701171875,794.7369995117188,3517.30908203125,176.84783935546875
2022-01-18,2186.02392578125,1921.89990234375,1687.74658203125,715.5340576171875,463.5938720703125,1142.1683349609375,698.1770629882812,798.4230346679688,3492.323486328125,173.81637573242188
2022-01-19,2131.039306640625,1920.66455078125,1640.560791015625,710.480712890625,471.8266296386719,1142.0777587890625,687.7681274414062,784.3577880859375,3431.87646484375,173.50143432617188
2022-01-20,2086.66357421875,1904.1275634765625,1602.469482421875,706.0591430664062,467.8017272949219,1122.08154296875,699.2033081054688,785.9583740234375,3354.64208984375,172.2416229248047
2022-01-21,2145.338623046875,1859.0311279296875,1569.0791015625,711.9547119140625,459.8434753417969,1122.2625732421875,679.5094604492188,780.3806762695312,3360.734375,170.9030303955078
2022-01-24,2107.6982421875,1805.6661376953125,1526.111328125,695.6016845703125,452.0223388671875,1076.9935302734375,674.2805786132812,774.5121459960938,3306.249267578125,166.7692413330078
2022-01-25,2147.045654296875,1829.80615234375,1513.238525390625,696.2567138671875,470.7746887207031,1074.887451171875,695.733642578125,777.6161499023438,3304.977783203125,168.7377166748047
2022-01-27,2117.61572265625,1816.0728759765625,1474.971435546875,690.127197265625,483.8555908203125,1058.96728515625,691.23779296875,770.8260498046875,3199.206787109375,168.97393798828125
2022-01-28,2106.729248046875,1803.4327392578125,1481.6495361328125,684.6527099609375,478.8244018554688,1057.9482421875,699.5941772460938,757.7308349609375,3234.975341796875,171.33609008789062
2022-01-31,2097.688232421875,1814.5047607421875,1525.583984375,695.1571044921875,492.4084167480469,1080.9339599609375,712.7885131835938,765.1514282226562,3275.4775390625,173.38333129882812
2022-02-01,2127.11767578125,1891.7724609375,1557.085205078125,700.4443969726562,486.919921875,1077.3558349609375,706.6800537109375,786.0068359375,3331.935791015625,179.328125
2022-02-02,2147.644775390625,1884.3590087890625,1570.309326171875,716.4464721679688,493.780517578125,1079.5523681640625,708.634765625,789.3533325195312,3380.635009765625,182.7926177978516
2022-02-03,2120.198486328125,1837.741943359375,1527.64892578125,709.0303344726562,494.0549011230469,1065.6025390625,705.311767578125,784.6973266601562,3352.93212890625,184.6036376953125
2022-02-04,2127.99462890625,1851.332763671875,1529.8896484375,713.0776977539062,485.0904235839844,1055.887451171875,703.8945922851562,780.9142456054688,3344.42822265625,184.4855194091797
2022-02-07,2082.788818359375,1791.0299072265625,1506.9556884765625,686.9454345703125,487.7890319824219,1049.4561767578125,690.5046997070312,762.8233642578125,3312.955322265625,181.25721740722656
2022-02-08,2089.01611328125,1782.5712890625,1508.976806640625,683.997802734375,486.0509338378906,1067.09716796875,692.8504638671875,768.740478515625,3281.789794921875,182.0839691162109
2022-02-09,2101.28564453125,1795.1168212890625,1526.5504150390625,700.72509765625,489.6184387207031,1079.5299072265625,703.0637817382812,778.731689453125,3296.78125,181.2178497314453
2022-02-10,2106.359619140625,1806.7115478515625,1554.932373046875,713.5923461914062,494.4666442871094,1078.4202880859375,707.6573486328125,781.3507690429688,3305.37255859375,182.87136840820312
2022-02-11,2083.157470703125,1778.4371337890625,1512.5352783203125,710.6680297851562,484.4501037597656,1076.3140869140625,698.958984375,767.0913696289062,3239.27099609375,183.02886962890625
2022-02-14,2055.98828125,1709.770751953125,1478.134765625,689.5423583984375,458.6542663574219,1059.1712646484375,674.0850830078125,731.1036987304688,3273.286376953125,176.9430389404297
2022-02-15,2112.772216796875,1782.9991455078125,1527.3853759765625,710.1767578125,480.0593566894531,1095.1328125,695.4404296875,752.7836303710938,3346.970703125,179.805419921875
2022-02-16,2109.45068359375,1768.41015625,1523.0360107421875,709.2174682617188,472.64990234375,1092.868408203125,705.4583740234375,741.1434326171875,3342.8505859375,179.60382080078125
2022-02-17,2128.870849609375,1776.013427734375,1515.56689453125,704.889404296875,469.2196350097656,1106.704833984375,700.7670288085938,727.8541870117188,3317.514404296875,179.523193359375
2022-02-18,2133.483642578125,1789.6993408203125,1499.8822021484375,707.6265869140625,471.36920166015625,1098.05419921875,696.4177856445312,726.4476318359375,3326.0185546875,178.91848754882812
2022-02-21,2117.108154296875,1771.4991455078125,1520.7510986328125,712.1886596679688,468.2134094238281,1086.957763671875,693.8766479492188,731.8312377929688,3260.7060546875,175.7738800048828
2022-02-22,2094.182373046875,1752.96630859375,1523.95849609375,706.8546142578125,455.9100341796875,1082.0208740234375,683.4188842773438,728.7756958007812,3144.108154296875,173.23406982421875
2022-02-23,2085.37158203125,1730.0142822265625,1531.42724609375,702.2692260742188,456.1844482421875,1075.249755859375,688.4523315429688,722.2765502929688,3124.295166015625,174.12098693847656
2022-02-24,2003.262939453125,1670.1864013671875,1474.5760498046875,664.1353759765625,432.355224609375,1021.66943359375,655.7108154296875,686.1918334960938,2982.142333984375,168.11404418945312
2022-02-25,2002.6175537109373,1688.9093017578125,1489.0302734375,681.307373046875,441.7771911621094,1034.44189453125,673.0589599609375,708.1627807617188,3086.5546875,172.50836181640625
2022-02-28,2003.9093017578125,1726.64013671875,1507.48291015625,667.340576171875,442.005859375,1068.6824951171875,670.95751953125,720.4334716796875,3115.87890625,174.0403594970703
2022-03-02,1982.690185546875,1695.98974609375,1496.2357177734375,643.009765625,433.81884765625,1086.3463134765625,658.98486328125,693.4183959960938,3108.822509765625,173.59689331054688
2022-03-03,1929.0887451171875,1665.386962890625,1512.095947265625,641.4891967773438,427.5528259277344,1077.1746826171875,656.8346557617188,677.3646240234375,3107.287353515625,176.9027099609375
2022-03-04,1863.125244140625,1626.84814453125,1514.2490234375,639.3834838867188,422.5674743652344,1053.2833251953125,638.9002075195312,667.4219360351562,3089.711181640625,181.8211669921875
2022-03-07,1793.42529296875,1553.382080078125,1528.7911376953125,619.8722534179688,402.76318359375,1014.3323974609376,660.10888671875,634.1502685546875,3055.125244140625,181.37771606445312
2022-03-08,1798.0843505859375,1576.2393798828125,1562.489013671875,621.27587890625,402.76318359375,1012.4979858398438,667.536865234375,645.06298828125,3155.9873046875,182.95001220703125
2022-03-09,1843.19775390625,1607.0797119140625,1593.375,641.559326171875,413.19134521484375,1066.214111328125,675.8443603515625,647.4395141601562,3184.610595703125,184.8448028564453
2022-03-10,1939.19091796875,1642.482177734375,1604.402587890625,651.6425170898438,428.7420349121094,1083.49267578125,681.952880859375,656.315185546875,3174.397216796875,187.06211853027344
2022-03-11,1932.2254638671875,1642.91015625,1600.9757080078125,653.5609741210938,430.2513732910156,1086.6180419921875,679.1184692382812,657.5762939453125,3155.2861328125,190.5695343017578
2022-03-14,1899.843505859375,1660.1121826171875,1661.341796875,674.96728515625,443.7896118164063,1095.5404052734375,684.5429077148438,675.2791137695312,3193.72802734375,192.70626831054688
2022-03-15,1880.377197265625,1656.9759521484375,1616.17724609375,666.287841796875,444.429931640625,1070.4488525390625,687.1817016601562,676.443115234375,3150.68310546875,191.77899169921875
2022-03-16,1911.6982421875,1669.093505859375,1660.1995849609375,677.5875244140625,450.7417297363281,1088.520263671875,695.8802490234375,686.7738647460938,3205.037109375,195.6089324951172
2022-03-17,1939.2833251953125,1699.22119140625,1629.6209716796875,692.5135498046875,459.1116638183594,1124.0064697265625,706.5335083007812,698.5110473632812,3219.809326171875,197.46343994140625
2022-03-21,1892.3707275390625,1669.1885986328125,1628.259033203125,695.5314331054688,448.7750244140625,1117.52978515625,692.166259765625,689.44140625,3179.438232421875,197.1409149169922
2022-03-22,1839.1385498046875,1686.0582275390625,1658.4423828125,699.1109008789062,451.6106872558594,1146.4031982421875,702.966064453125,696.6680297851562,3244.531494140625,201.3740081787109
2022-03-23,1825.3463134765625,1679.595458984375,1645.2618408203125,692.13916015625,448.82073974609375,1150.0491943359375,688.9898681640625,696.7650146484375,3254.569091796875,203.1881866455078
2022-03-24,1813.67578125,1683.6822509765625,1657.8270263671875,675.0140380859375,445.5733642578125,1167.9168701171875,690.3580932617188,683.0878295898438,3287.401123046875,205.48614501953125
2022-03-25,1801.7744140625,1664.2464599609375,1648.908203125,669.5162963867188,448.8664855957031,1175.70703125,693.2902221679688,678.2861938476562,3250.22998046875,204.2766571044922
2022-03-28,1822.163330078125,1655.217529296875,1646.579833984375,670.4052734375,455.0867614746094,1187.5281982421875,716.4536743164062,689.0533447265625,3250.44873046875,207.2600250244141
2022-03-29,1833.1878662109373,1660.01708984375,1657.2120361328125,679.2954711914062,452.79986572265625,1187.7999267578125,737.8578491210938,693.8549194335938,3248.388916015625,205.28456115722656
2022-03-30,1859.803955078125,1685.6304931640625,1672.9842529296875,691.06298828125,452.1595458984375,1210.6270751953125,732.5311889648438,708.9873657226562,3271.357421875,200.9305419921875
2022-03-31,1890.0179443359373,1679.9757080078125,1675.53271484375,687.974853515625,451.4734802246094,1193.325439453125,737.8578491210938,708.4052734375,3278.7216796875,202.09967041015625
2022-04-01,1917.2337646484373,1701.3121337890625,1672.6331787109375,704.6554565429688,464.8745422363281,1202.882080078125,741.3274536132812,714.1769409179688,3295.20361328125,204.23635864257807
2022-04-04,1963.638916015625,1735.7640380859375,1654.531982421875,775.2146606445312,468.7164916992188,1206.4375,750.4168701171875,724.216552734375,3305.37255859375,205.9699249267578
2022-04-05,1974.1103515625,1744.9830322265625,1635.3326416015625,752.4981079101562,465.9722595214844,1189.38525390625,749.2440795898438,719.5604248046875,3344.341064453125,209.1951141357422
2022-04-06,1976.18603515625,1760.90234375,1606.99462890625,725.6407470703125,470.1343688964844,1186.214599609375,758.0892333984375,719.3665161132812,3292.22216796875,209.3160858154297
2022-04-07,1997.1744384765625,1735.716552734375,1591.31005859375,709.6853637695312,471.0490417480469,1165.289794921875,745.13916015625,726.108154296875,3229.803466796875,206.93746948242188
2022-04-08,2014.0113525390625,1739.94580078125,1594.4735107421875,708.702880859375,472.1010437011719,1184.6748046875,744.8460083007812,731.6857299804688,3231.118408203125,215.9277801513672
2022-04-11,1995.5599365234373,1693.1387939453125,1552.25244140625,700.0466918945312,471.0033264160156,1182.20654296875,740.8876342773438,736.8268432617188,3240.54248046875,215.68588256835935
2022-04-12,1967.144775390625,1661.0150146484375,1531.075927734375,698.8067626953125,469.1280822753906,1159.945556640625,724.8589477539062,740.9494018554688,3235.896240234375,213.50885009765625
2022-04-13,1985.503662109375,1673.46533203125,1536.4359130859375,685.4481811523438,473.5646362304688,1155.68798828125,723.8815307617188,739.3973999023438,3210.341064453125,217.3387756347656
2022-04-18,2009.0296630859373,1652.1287841796875,1424.710205078125,652.9293212890625,466.0636901855469,1152.1552734375,712.9840087890625,735.0807495117188,3092.954345703125,217.78224182128903
2022-04-19,1949.431640625,1621.145751953125,1372.515869140625,628.013671875,468.1676025390625,1196.0655517578125,707.1199340820312,743.325927734375,3043.72802734375,210.8883819580078
2022-04-20,1997.3126220703125,1607.69775390625,1395.09814453125,633.6752319335938,465.8807678222656,1231.2344970703125,722.6109619140625,732.8982543945312,3118.15869140625,209.2757568359375
2022-04-21,2027.7572021484373,1629.4619140625,1422.4256591796875,643.0565185546875,472.2839660644531,1260.0628662109375,719.0925903320312,739.494384765625,3181.14794921875,209.96112060546875
2022-04-22,1962.255126953125,1610.3111572265625,1393.121337890625,634.283447265625,457.9224548339844,1249.5098876953125,722.0245361328125,725.2351684570312,3167.033447265625,210.5255584716797
2022-04-25,1938.083984375,1575.146484375,1371.72509765625,639.03271484375,452.5711975097656,1220.61376953125,722.6109619140625,729.648681640625,3110.61962890625,205.8086700439453
2022-04-26,1981.9981689453125,1615.63330078125,1389.2113037109375,641.98046875,462.4047546386719,1257.1416015625,739.1771850585938,731.1522216796875,3108.95361328125,208.7919921875
2022-04-27,1978.9998779296875,1593.8692626953125,1364.4320068359375,642.2144775390625,454.8580627441406,1258.364501953125,735.4633178710938,714.6134033203125,3122.015625,207.622802734375
2022-04-28,2068.258056640625,1633.9761962890625,1390.6168212890625,641.6528930664062,464.2342224121094,1277.16064453125,730.4298095703125,724.7500610351562,3142.267822265625,210.5255584716797
2022-04-29,2061.80029296875,1610.3111572265625,1377.3927001953125,647.8525390625,453.9890441894531,1263.7542724609375,722.2689208984375,721.0155029296875,3109.30419921875,209.2757568359375
2022-05-02,2057.787109375,1596.150146484375,1354.0635986328125,656.7894287109375,449.1408996582031,1259.315673828125,724.565673828125,718.7844848632812,3105.534423828125,212.17843627929688
2022-05-04,2003.4013671875,1552.9068603515625,1349.2745361328125,634.470703125,438.7584838867188,1220.0023193359375,706.0447998046875,702.5366821289062,3050.61083984375,209.4369964599609
2022-05-05,1998.835205078125,1556.4234619140625,1392.8577880859375,633.0435180664062,439.0787048339844,1196.11083984375,702.6728515625,706.9502563476562,3080.11083984375,211.29150390625
2022-05-06,1982.7823486328125,1541.977294921875,1355.68896484375,616.50341796875,442.6919250488281,1186.9393310546875,694.1698608398438,697.6865844726562,3009.27587890625,215.00050354003903
2022-05-09,1952.7528076171875,1535.989990234375,1379.85302734375,617.5560913085938,435.32818603515625,1140.5831298828125,695.3915405273438,689.0533447265625,3020.233642578125,212.01719665527344
2022-05-10,2011.5662841796875,1528.1966552734375,1364.6077880859375,627.4755249023438,434.6878967285156,1120.8133544921875,703.3570556640625,689.974853515625,3014.667236328125,209.4369964599609
2022-05-11,1995.974853515625,1492.88916015625,1341.5421142578125,631.0082397460938,435.9227600097656,1109.331787109375,706.4845581054688,692.7880249023438,2991.216064453125,206.1311798095703
2022-05-12,1973.187744140625,1450.453857421875,1325.76953125,616.7843017578125,423.2077941894531,1086.731201171875,689.4296875,674.9395751953125,2988.279541015625,203.9138641357422
2022-05-13,2024.2056884765625,1458.3897705078125,1321.9031982421875,611.2462768554688,406.7423706054688,1099.050537109375,674.2805786132812,657.0426635742188,2993.758544921875,208.509765625
2022-05-16,2045.563232421875,1466.3731689453125,1308.459228515625,617.754638671875,416.2099914550781,1099.3223876953125,677.505859375,662.5233154296875,2960.35693359375,204.88140869140625
2022-05-17,2071.164306640625,1524.5374755859375,1334.2489013671875,621.9674072265625,427.4613342285156,1145.4974365234375,691.0422973632812,688.7138061523438,3025.932861328125,213.42823791503903
2022-05-18,2113.970947265625,1494.5050048828125,1326.12109375,621.9201049804688,418.9542236328125,1149.6640625,680.3890380859375,686.143310546875,3023.477294921875,215.1214599609375
2022-05-19,2089.20068359375,1471.17236328125,1254.024658203125,609.2109985351562,409.3493957519531,1123.16845703125,658.98486328125,669.6045532226562,2859.6708984375,222.2572021484375
2022-05-20,2145.845947265625,1530.2398681640625,1278.6278076171875,625.257080078125,422.9790954589844,1188.660400390625,672.3258056640625,688.27734375,2886.8916015625,225.76466369628903
2022-05-23,2195.5263671875,1562.6011962890625,1290.2703857421875,617.2340698242188,421.6069946289063,1180.711669921875,670.322265625,689.732421875,2912.09619140625,221.32994079589844
2022-05-24,2130.80810546875,1545.636474609375,1266.1942138671875,624.3104248046875,422.6589050292969,1184.765380859375,662.8455200195312,686.9193115234375,2882.508056640625,218.3869781494141
2022-05-25,2120.706298828125,1496.6434326171875,1239.3502197265625,628.9729614257812,421.8692932128906,1183.0216064453125,672.6190795898438,691.9634399414062,2795.706298828125,219.87860107421875
2022-05-26,2103.638916015625,1486.9493408203125,1251.212646484375,646.912353515625,435.6188049316406,1171.7440185546875,677.9456787109375,706.6591796875,2848.04345703125,220.2839508056641
2022-05-27,2150.135986328125,1520.9261474609375,1284.0755615234375,658.9115600585938,435.665283203125,1166.3089599609375,668.9050903320312,717.6204223632812,2878.35986328125,222.34884643554688
2022-05-30,2167.06494140625,1578.472900390625,1341.586181640625,663.4083251953125,440.9142761230469,1206.9356689453125,683.223388671875,726.0596313476562,2978.93017578125,222.22496032714844
2022-05-31,2171.032470703125,1572.437744140625,1335.1925048828125,657.4441528320312,434.8756103515625,1192.374267578125,684.3474731445312,730.2791748046875,2969.309814453125,223.5464782714844
2022-06-01,2129.700927734375,1566.26025390625,1312.9482421875,660.2369384765625,435.0614013671875,1192.7593994140625,678.9231567382812,730.0852661132812,2961.234375,224.53765869140625
2022-06-02,2107.882568359375,1555.9483642578125,1339.099609375,655.621826171875,436.50140380859375,1233.88427734375,680.193603515625,727.2720947265625,3021.07373046875,225.90049743652344
2022-06-03,2114.47900390625,1570.1092529296875,1351.2652587890625,653.349853515625,431.5311584472656,1258.88525390625,670.95751953125,721.9855346679688,3036.20947265625,225.23971557617188
2022-06-06,2103.91552734375,1558.846923828125,1358.68017578125,652.4740600585938,430.7879333496094,1253.4730224609375,667.4879150390625,724.362060546875,3028.09033203125,226.97422790527344
2022-06-07,2040.3504638671875,1510.6142578125,1337.9453125,644.9717407226562,430.5091857910156,1255.8282470703125,669.7847290039062,713.2069702148438,2967.853759765625,226.2308807373047
2022-06-08,2026.9271240234373,1505.957275390625,1331.995849609375,647.2437133789062,437.8484802246094,1233.77099609375,648.2827758789062,707.6292114257812,3004.436279296875,221.2751007080078
2022-06-09,2027.52685546875,1515.9840087890625,1345.315673828125,652.1190795898438,433.8072509765625,1267.6038818359375,661.0372924804688,710.7817993164062,3024.692138671875,223.71173095703125
2022-06-10,2029.556640625,1506.47998046875,1311.394287109375,639.5283203125,429.0692138671875,1229.3326416015625,658.1052856445312,698.4140625,2965.382568359375,223.1334991455078
2022-06-13,2026.78857421875,1456.0614013671875,1264.951904296875,627.9315185546875,414.2048645019531,1206.0751953125,656.1016235351562,667.3734130859375,2841.556396484375,218.5907287597656
2022-06-14,2002.8941650390625,1468.0361328125,1279.204345703125,621.020751953125,416.2951354980469,1190.3135986328125,666.6082763671875,664.9484252929688,2833.569091796875,219.25149536132807
2022-06-15,1997.8221435546875,1482.95751953125,1262.9093017578125,618.8670654296875,419.3144836425781,1175.9107666015625,666.6571655273438,666.6459350585938,2829.818359375,217.55825805664065
2022-06-16,1997.9615478515625,1451.6419677734375,1240.7095947265625,606.4892578125,410.2565307617188,1159.4697265625,639.3888549804688,658.158203125,2773.068115234375,215.32814025878903
2022-06-17,1964.22314453125,1416.0491943359375,1231.9185791015625,610.4889526367188,409.6990661621094,1173.0574951171875,629.0776977539062,666.2579345703125,2726.203369140625,217.4756774902344
2022-06-20,2043.752197265625,1398.7996826171875,1255.7611083984375,625.8251953125,403.8462219238281,1151.79296875,626.3899536132812,665.3849487304688,2746.94384765625,218.13645935058597
2022-06-21,2052.22216796875,1425.885986328125,1287.5069580078125,632.6412353515625,418.757080078125,1170.3851318359375,639.486572265625,675.2305908203125,2834.804931640625,222.9270172119141
2022-06-22,2050.22119140625,1405.4049072265625,1276.2738037109375,629.6592407226562,415.8770751953125,1134.8310546875,628.2957763671875,666.015380859375,2844.51318359375,219.12759399414065
2022-06-23,2096.524169921875,1420.18359375,1289.7713623046875,631.9785766601562,419.3609008789063,1116.4200439453125,645.2530517578125,678.189208984375,2920.2822265625,219.29275512695312
2022-06-24,2144.26953125,1420.706298828125,1279.6925048828125,640.806396484375,422.0086364746094,1132.3175048828125,656.0039672851562,692.0604248046875,2906.426513671875,219.5818634033203
2022-06-27,2159.859130859375,1459.6253662109375,1309.4405517578125,641.9660034179688,428.4653930664063,1128.9658203125,668.46533203125,695.843505859375,2925.490234375,222.9683074951172
2022-06-28,2157.066650390625,1474.5465087890625,1314.369140625,637.0669555664062,431.2988586425781,1144.840576171875,665.7286987304688,689.0048828125,2928.53466796875,224.53765869140625
2022-06-29,2078.700927734375,1471.125,1299.36181640625,636.1439208984375,426.514404296875,1168.59619140625,672.2280883789062,681.6812133789062,2904.13134765625,226.3547515869141
2022-06-30,2076.048095703125,1480.9617919921875,1298.1629638671875,638.06103515625,432.8317565917969,1175.616455078125,669.442626953125,685.997802734375,2883.47900390625,225.90049743652344
2022-07-01,2124.212890625,1494.1722412109375,1313.7030029296875,640.7826538085938,433.7143249511719,1090.9432373046875,658.2029418945312,682.7967529296875,2925.843505859375,234.86216735839844
2022-07-04,2210.629638671875,1503.24853515625,1321.339599609375,641.6820678710938,439.8459167480469,1093.2078857421875,666.4617309570312,698.5110473632812,2855.192138671875,241.09814453125
2022-07-05,2235.107177734375,1487.2818603515625,1310.63916015625,640.23828125,438.63812255859375,1102.0626220703125,668.9539794921875,697.8805541992188,2838.6435546875,236.96836853027344
2022-07-06,2325.29345703125,1478.9658203125,1324.5809326171875,649.0661010742188,445.8845520019531,1092.3701171875,678.2389526367188,704.1856689453125,2877.87451171875,238.95068359375
2022-07-07,2301.606689453125,1531.190185546875,1330.841064453125,660.6866455078125,452.201904296875,1081.6134033203125,671.250732421875,719.7545166015625,2901.79296875,241.1394805908203
2022-07-08,2323.8505859375,1603.75341796875,1344.8272705078125,661.3019409179688,453.8741149902344,1083.10791015625,679.4117431640625,733.0437622070312,2882.02294921875,242.0480194091797
2022-07-11,2318.03369140625,1580.51611328125,1308.1529541015625,665.5856323242188,453.5489807128906,1097.8277587890625,645.5950927734375,746.4300537109375,2748.179443359375,243.6586761474609
2022-07-12,2279.827880859375,1571.7249755859375,1277.47265625,658.793212890625,450.5296630859375,1096.2650146484375,647.9896240234375,737.1178588867188,2722.49658203125,241.7589569091797
2022-07-13,2324.688232421875,1565.54736328125,1282.6673583984375,642.7233276367188,451.9696350097656,1076.8349609375,628.9310302734375,730.6187133789062,2681.941650390625,242.87399291992188
2022-07-14,2324.73486328125,1564.501953125,1268.8148193359375,639.504638671875,445.32708740234375,1085.7122802734375,627.1229858398438,729.8427124023438,2653.624267578125,240.2309112548828
2022-07-15,2390.53662109375,1601.2823486328125,1270.1466064453125,644.7113647460938,445.0948791503906,1087.8182373046875,637.0431518554688,728.6786499023438,2649.9521484375,242.4609832763672
2022-07-18,2376.575439453125,1641.95947265625,1323.026611328125,637.8480834960938,455.4999084472656,1097.08056640625,648.0384521484375,748.8551025390625,2710.92333984375,243.9064178466797
2022-07-19,2390.024169921875,1644.0030517578125,1317.921142578125,638.0845947265625,462.6069641113281,1103.806396484375,657.66552734375,757.2457275390625,2720.435546875,243.3282928466797
2022-07-20,2424.04150390625,1653.6495361328125,1345.58203125,646.1314086914062,472.5010681152344,1133.6534423828125,655.4664916992188,759.6222534179688,2800.564697265625,246.3017120361328
2022-07-21,2426.787353515625,1699.0828857421875,1361.2108154296875,644.0960083007812,475.7061767578125,1126.08984375,662.9920654296875,762.4353637695312,2811.625244140625,247.4167633056641
2022-07-22,2457.640625,1701.58544921875,1337.5899658203125,659.12451171875,477.2390441894531,1133.698974609375,663.480712890625,776.0641479492188,2806.050537109375,248.2427673339844
2022-07-25,2441.81884765625,1715.7353515625,1335.1925048828125,661.065185546875,481.0480346679688,1096.242431640625,663.0409545898438,776.8886108398438,2802.28955078125,248.6970672607422
2022-07-26,2370.619140625,1685.7032470703125,1288.616943359375,659.7162475585938,477.70361328125,1096.74072265625,668.6118774414062,772.426513671875,2757.291748046875,249.81204223632807
2022-07-27,2403.053955078125,1729.404052734375,1306.2882080078125,664.75732421875,490.7098693847656,1095.6990966796875,659.6202392578125,776.5006103515625,2821.846435546875,251.21615600585935
2022-07-28,2438.561279296875,1733.8316650390625,1347.4468994140625,670.650390625,494.65826416015625,1112.8646240234375,651.75244140625,790.1778564453125,2885.250244140625,250.63800048828125
2022-07-29,2454.662353515625,1740.3773193359375,1376.1290283203125,678.8627319335938,490.8492126464844,1136.57470703125,662.6011352539062,794.0579223632812,2921.885498046875,250.30763244628903
2022-08-01,2413.339111328125,1746.7781982421875,1377.3280029296875,684.5191650390625,495.8659057617188,1166.1956787109375,681.744384765625,798.714111328125,2919.142333984375,253.98313903808597
2022-08-02,2452.661376953125,1725.938720703125,1370.7122802734375,676.9931030273438,503.623291015625,1170.6343994140625,674.2343139648438,793.2334594726562,2912.94775390625,256.0067749023437
2022-08-03,2444.377685546875,1722.8101806640625,1390.692138671875,678.5787353515625,502.46197509765625,1180.4625244140625,680.4682006835938,800.0720825195312,2955.157470703125,254.52005004882807
2022-08-04,2445.8671875,1713.4732666015625,1420.7066650390625,677.7741088867188,495.4015197753906,1164.859619140625,681.5971069335938,795.6585083007812,2968.829345703125,255.6350860595703
2022-08-05,2462.107666015625,1720.5482177734375,1435.5804443359375,675.4783935546875,493.3576049804688,1147.6939697265625,690.7760620117188,813.0703735351562,2977.76708984375,256.7501525878906
2022-08-08,2466.71533203125,1761.168701171875,1438.0225830078125,692.0452880859375,483.4635314941406,1162.7081298828125,691.4631958007812,816.7297973632812,2986.085693359375,258.6498413085937
2022-08-10,2459.6884765625,1785.71435546875,1422.9710693359375,694.0569458007812,478.1680908203125,1169.66064453125,702.163818359375,828.2446899414062,2968.21044921875,257.0391845703125
2022-08-11,2432.6044921875,1797.26513671875,1438.510986328125,703.2398071289062,487.5047607421875,1173.5556640625,696.8134765625,838.93017578125,3028.60546875,252.95069885253903
2022-08-12,2415.153564453125,1777.33984375,1415.55615234375,702.9793701171875,493.0324401855469,1192.5328369140625,696.71533203125,853.2750244140625,3010.066650390625,254.85040283203125
2022-08-16,2461.270263671875,1779.6983642578125,1417.6429443359375,711.0261840820312,488.61956787109375,1200.8211669921875,691.2178344726562,858.0078125,3002.23486328125,256.5023498535156
2022-08-17,2498.638671875,1786.2437744140625,1426.345458984375,714.694580078125,490.6634521484375,1207.09423828125,709.7229614257812,861.9111328125,3009.668701171875,258.1542358398437
2022-08-18,2496.21875,1823.6397705078125,1405.6551513671875,715.5465698242188,494.5653381347656,1209.2833251953125,719.785400390625,863.7164916992188,2992.1025390625,260.7147521972656
2022-08-19,2452.010009765625,1863.58642578125,1418.2203369140625,706.7188110351562,483.4169921875,1187.7220458984375,718.9017944335938,849.3716430664062,2996.084716796875,257.6999816894531
2022-08-22,2444.70361328125,1810.2598876953125,1399.1727294921875,695.9739990234375,475.0093688964844,1184.427734375,714.2877807617188,831.6600952148438,2968.475341796875,259.6822814941406
2022-08-23,2413.10595703125,1806.794677734375,1369.6468505859375,693.8203125,484.8570556640625,1202.6944580078125,724.1048583984375,843.0287475585938,2906.57666015625,260.92120361328125
2022-08-24,2408.91845703125,1822.4844970703125,1365.2955322265625,697.1573486328125,482.4415588378906,1199.490966796875,725.2338256835938,852.2015991210938,2880.692626953125,259.4345397949219
2022-08-25,2395.841064453125,1807.61279296875,1348.1126708984375,693.3706665039062,483.4635314941406,1195.9920654296875,727.4426879882812,851.2745361328125,2847.81787109375,257.98907470703125
2022-08-26,2393.375244140625,1834.08349609375,1351.1318359375,693.4889526367188,486.6221923828125,1189.6077880859375,717.4783325195312,849.8107299804688,2851.3583984375,258.443359375
2022-08-29,2397.33056640625,1811.0780029296875,1298.0296630859375,681.3241577148438,478.307373046875,1180.3609619140625,707.4158935546875,835.1731567382812,2772.02587890625,258.9802551269531
2022-08-30,2475.556640625,1850.54345703125,1325.7352294921875,703.4290771484375,493.5434265136719,1198.673095703125,713.30615234375,865.8633422851562,2841.579833984375,264.720703125
2022-09-01,2425.437744140625,1841.350830078125,1300.205322265625,696.8260498046875,495.4479064941406,1163.4346923828125,721.6015625,853.2261962890625,2771.2734375,262.32537841796875
2022-09-02,2423.204345703125,1867.8697509765625,1290.2596435546875,703.1451416015625,498.6065979003906,1149.84814453125,721.552490234375,851.3234252929688,2770.123291015625,266.9094543457031
2022-09-05,2420.411865234375,1894.6773681640625,1297.6302490234375,707.66552734375,500.650390625,1167.7060546875,726.8536987304688,861.1305541992188,2772.77783203125,271.6174011230469
2022-09-06,2394.8173828125,1888.8538818359373,1292.1246337890625,704.9674072265625,499.6285400390625,1179.9974365234375,747.3221435546875,862.301513671875,2767.1591796875,270.2132873535156
2022-09-07,2386.906982421875,1884.8109130859373,1294.38916015625,701.6304321289062,495.0298461914063,1173.135986328125,739.3212280273438,855.0315551757812,2787.113037109375,269.3460388183594
2022-09-08,2398.5869140625,1900.5010986328125,1310.5947265625,708.8724975585938,505.9923095703125,1174.7945556640625,755.7157592773438,877.0855102539062,2804.85595703125,272.4847106933594
2022-09-09,2409.336669921875,1876.7735595703125,1342.3408203125,709.3458251953125,514.0748291015625,1167.478759765625,751.7398681640625,879.476318359375,2847.331787109375,272.9803161621094
2022-09-12,2401.611572265625,1888.46875,1364.14111328125,706.9555053710938,515.5148315429688,1180.542724609375,755.07763671875,885.2825927734375,2869.719482421875,273.3106384277344
2022-09-13,2407.38232421875,1916.8165283203125,1371.9111328125,716.209228515625,518.3948364257812,1190.4029541015625,769.9013671875,888.0149536132812,2857.685791015625,276.2015075683594
2022-09-14,2393.2353515625,1880.7681884765625,1310.1510009765625,723.5697021484375,531.1688232421875,1176.135009765625,769.0177612304688,895.9192504882812,2761.27392578125,276.9862060546875
2022-09-15,2382.997314453125,1884.2333984375,1272.322265625,719.8065185546875,531.54052734375,1164.479736328125,770.73583984375,895.4312744140625,2747.071044921875,275.9537658691406
2022-09-16,2352.981689453125,1848.1370849609373,1222.816650390625,706.5767822265625,521.9249877929688,1135.625732421875,765.3856201171875,887.1365966796875,2662.4296875,273.6410827636719
2022-09-19,2400.541748046875,1839.1851806640625,1234.582275390625,711.2391357421875,531.6333618164062,1137.1024169921875,768.4288330078125,877.475830078125,2680.216064453125,277.19268798828125
2022-09-20,2404.54345703125,1860.3616943359373,1233.0284423828125,719.8065185546875,533.3056030273438,1137.2841796875,777.6568603515625,894.6018676757812,2690.39306640625,277.5230407714844
2022-09-21,2441.81884765625,1824.6983642578125,1222.9940185546875,718.6942749023438,529.2643432617188,1140.419677734375,765.9254760742188,893.1381225585938,2655.79296875,281.6115417480469
2022-09-22,2506.177490234375,1817.5272216796875,1214.7357177734375,703.3817749023438,527.03466796875,1129.673095703125,769.7540893554688,881.574462890625,2661.279296875,284.9980163574219
2022-09-23,2496.21875,1787.3504638671875,1212.515625,684.5191650390625,511.5199890136719,1108.498291015625,757.2373657226562,860.9353637695312,2638.846923828125,286.11309814453125
2022-09-26,2476.208251953125,1782.1527099609375,1225.657958984375,675.2891235351562,504.7380676269531,1080.257568359375,741.235595703125,840.2474975585938,2649.77490234375,274.7148132324219
2022-09-27,2493.612548828125,1772.286376953125,1237.4683837890625,669.2303466796875,498.4208068847656,1088.8455810546875,746.6840209960938,831.952880859375,2670.1728515625,276.5732116699219
2022-09-28,2514.87939453125,1766.7515869140625,1238.489501953125,657.7281494140625,487.5976257324219,1059.855224609375,747.5184936523438,828.9765625,2686.2783203125,268.3962097167969
2022-09-29,2513.436767578125,1747.5482177734375,1241.9971923828125,654.3201293945312,484.71771240234375,1056.606201171875,750.6599731445312,823.5119018554688,2652.34130859375,275.08642578125
2022-09-30,2509.62109375,1778.5430908203125,1255.139404296875,672.7803344726562,492.93951416015625,1080.4393310546875,785.2650756835938,841.174560546875,2658.757080078125,274.3843688964844
2022-10-03,2440.79443359375,1751.2061767578125,1237.6461181640625,668.9226684570312,482.8596496582031,1076.690673828125,788.6519775390625,827.8543701171875,2641.412841796875,267.9419250488281
2022-10-04,2483.095947265625,1801.5003662109373,1269.3031005859375,687.7615966796875,494.8904724121094,1096.547607421875,793.904052734375,846.6880493164062,2735.390380859375,274.9213256835937
2022-10-06,2432.883544921875,1841.350830078125,1292.1690673828125,680.1881103515625,499.1639709472656,1100.5916748046875,774.1717529296875,864.0580444335938,2744.947509765625,278.0599670410156
2022-10-07,2419.574462890625,1852.516845703125,1288.6612548828125,677.25341796875,492.5679321289063,1105.249267578125,778.5894165039062,861.2280883789062,2712.161376953125,275.9537658691406
2022-10-10,2425.0654296875,1838.1744384765625,1298.8292236328125,669.774658203125,493.0788879394531,1093.1851806640625,777.8531494140625,860.447509765625,2759.637451171875,270.7914733886719
2022-10-11,2373.923095703125,1808.62353515625,1264.3304443359375,662.9822998046875,489.96673583984375,1071.4195556640625,766.023681640625,849.5667724609375,2716.2763671875,269.5112609863281
2022-10-12,2411.802978515625,1839.7147216796875,1268.681396484375,667.3133544921875,495.9124145507813,1079.3033447265625,761.360595703125,847.3711547851562,2743.885498046875,272.6498718261719
2022-10-13,2388.58154296875,1805.9283447265625,1260.8671875,659.6452026367188,484.4389953613281,1082.7340087890625,754.832275390625,832.9774780273438,2746.14208984375,271.4522705078125
2022-10-14,2397.33056640625,1840.0513916015625,1309.1297607421875,681.1348266601562,489.7808837890625,1077.2357177734375,751.9362182617188,849.2252807617188,2742.4697265625,274.3017883300781
2022-10-17,2411.058349609375,1812.71435546875,1323.0712890625,684.7085571289062,505.0633239746094,1094.5255126953125,751.9852905273438,863.8141479492188,2760.74609375,274.4257202148437
2022-10-18,2421.94775390625,1846.30810546875,1335.28125,683.4304809570312,522.5289916992188,1113.83740234375,768.8214721679688,875.2315063476562,2789.97900390625,281.07470703125
2022-10-19,2404.031494140625,1833.6021728515625,1319.0753173828125,690.4359741210938,514.121337890625,1133.2174072265625,769.0669555664062,870.54736328125,2769.707275390625,286.0718078613281
2022-10-20,2420.691162109375,1832.88037109375,1332.794921875,685.7735595703125,515.9793090820312,1136.261962890625,778.3931274414062,867.1807861328125,2801.158203125,288.8387145996094
2022-10-21,2470.01904296875,1806.505859375,1332.439697265625,680.9454345703125,521.04248046875,1123.0843505859375,782.8599243164062,885.2338256835938,2783.50244140625,285.4523010253906
2022-10-24,2394.8173828125,1838.2706298828125,1347.8465576171875,691.5718994140625,530.007568359375,1126.8331298828125,787.4247436523438,903.921142578125,2805.06201171875,287.1867980957031
2022-10-25,2331.80810546875,1876.1478271484373,1355.3499755859375,686.767578125,537.4861450195312,1109.4298095703125,787.62109375,902.7012939453124,2805.416259765625,286.0304870605469
2022-10-27,2344.4658203125,1890.538330078125,1368.052490234375,688.4241943359375,538.5081787109375,1113.7919921875,802.1503295898438,902.0670166015624,2801.24658203125,285.61749267578125
2022-10-28,2349.35205078125,1901.1265869140625,1358.447021484375,690.4595336914062,530.2398071289062,1147.871826171875,801.9049072265625,885.9168090820312,2806.43701171875,285.61749267578125
2022-10-31,2373.968994140625,1947.3780517578125,1380.3509521484375,708.4464721679688,533.0733642578125,1158.527099609375,816.7777709960938,886.746337890625,2832.964111328125,288.01275634765625
2022-11-01,2390.928466796875,1948.6776123046875,1412.0845947265625,716.2802124023438,535.9533081054688,1149.552978515625,820.2628173828125,886.6487426757812,2892.00732421875,288.67352294921875
2022-11-02,2359.54052734375,1937.945068359375,1394.4000244140625,716.7298583984375,533.1197509765625,1156.7322998046875,795.032958984375,882.8429565429688,2876.03759765625,292.92724609375
2022-11-03,2385.822265625,1933.51708984375,1374.156982421875,713.5822143554688,543.385498046875,1161.0491943359375,803.6719970703125,886.6975708007812,2845.02978515625,292.142578125
2022-11-04,2361.461181640625,1939.677490234375,1359.1202392578125,708.6594848632812,551.7931518554688,1178.1343994140625,801.4631958007812,883.428466796875,2854.47900390625,292.0599670410156
2022-11-07,2373.126220703125,1942.1322021484373,1353.2403564453125,714.1738891601562,570.5594482421875,1184.427734375,807.6478881835938,895.333740234375,2868.93994140625,291.9774169921875
2022-11-09,2350.6396484375,1928.51171875,1356.6068115234375,713.9608154296875,571.8599853515625,1183.246337890625,804.064697265625,888.5028686523438,2853.28125,297.92431640625
2022-11-10,2355.136962890625,1903.62939453125,1348.302978515625,721.7236328125,562.7556762695312,1168.9329833984375,810.64208984375,888.6980590820312,2844.0537109375,294.0423278808594
2022-11-11,2345.251708984375,1935.8272705078125,1409.4813232421875,762.6201171875,558.6215209960938,1195.878662109375,811.7711181640625,884.6482543945312,2941.912841796875,294.3313903808594
2022-11-14,2302.8544921875,1924.9503173828125,1423.12646484375,764.4661254882812,550.4924926757812,1190.0849609375,806.862548828125,873.3285522460938,2959.2568359375,286.7738342285156
2022-11-15,2302.573486328125,1921.82177734375,1430.9365234375,766.3358764648438,558.203369140625,1184.745849609375,819.96826171875,889.673828125,2956.6845703125,285.1632080078125
2022-11-16,2321.640380859375,1928.6080322265625,1438.836181640625,772.915283203125,557.181396484375,1177.9527587890625,825.8093872070312,891.5279541015625,2976.8681640625,284.2133483886719
2022-11-17,2304.91552734375,1953.5869140625,1425.01171875,765.93359375,556.5310668945312,1180.9970703125,830.6689453125,897.5781860351562,2971.234619140625,283.88299560546875
2022-11-18,2327.12158203125,1948.6776123046875,1430.3978271484375,763.921875,559.9220581054688,1180.3609619140625,821.980712890625,898.1148681640625,2966.310302734375,281.6941833496094
2022-11-21,2343.705810546875,1936.1641845703125,1407.7757568359375,756.0880737304688,555.6486206054688,1159.1180419921875,835.62646484375,899.1395263671875,2913.123046875,278.51422119140625
2022-11-22,2357.10400390625,1953.827392578125,1422.9019775390625,754.9756469726562,556.5775756835938,1165.547607421875,832.09228515625,901.3839721679688,2941.025146484375,281.03338623046875
2022-11-23,2349.28076171875,1949.2071533203125,1421.1964111328125,756.9400024414062,564.5208129882812,1161.912353515625,827.8219604492188,905.0433959960938,2935.12548828125,280.6617431640625
2022-11-24,2388.445556640625,1975.388916015625,1463.07421875,769.2469482421875,566.0999755859375,1171.9320068359375,832.8285522460938,916.1679077148438,2998.870849609375,281.4463806152344
2022-11-25,2377.48291015625,1985.544189453125,1468.3258056640625,765.6968383789062,564.2885131835938,1189.4261474609375,831.3560791015625,907.824462890625,3007.298828125,281.07470703125
2022-11-28,2366.00537109375,1987.180419921875,1457.328857421875,757.4607543945312,565.4033203125,1230.2991943359375,822.0789184570312,914.7529907226562,3012.267333984375,280.86822509765625
2022-11-29,2468.133544921875,1973.80078125,1462.4010009765625,756.3246459960938,565.3568725585938,1232.4119873046875,820.5573120117188,923.8770751953124,3014.130859375,282.7265930175781
2022-11-30,2515.122314453125,1997.19140625,1467.697265625,761.3421020507812,559.6898193359375,1241.1136474609375,833.2212524414062,929.8785400390624,3008.319580078125,280.826904296875
2022-12-01,2494.977783203125,2025.49072265625,1487.5814208984375,766.572509765625,564.9387817382812,1237.455810546875,833.0740356445312,917.4853515625,3083.598388671875,280.45526123046875
2022-12-02,2450.23828125,2007.4425048828125,1470.345703125,760.703125,564.4278564453125,1236.9332275390625,833.1231079101562,908.1171875,3051.215087890625,278.47296142578125
2022-12-05,2454.688232421875,2007.5390625,1472.00634765625,763.47216796875,573.4857788085938,1218.8936767578125,828.6563110351562,911.0447387695312,3039.4599609375,278.1425476074219
2022-12-06,2487.20068359375,2015.1431884765625,1447.903076171875,762.6201171875,565.728515625,1222.415283203125,818.10302734375,900.359375,3003.484375,278.59686279296875
2022-12-07,2536.67236328125,2044.5018310546875,1441.260009765625,762.2886962890625,563.9633178710938,1204.375732421875,818.7411499023438,899.8713989257812,2999.27001953125,280.9095153808594
2022-12-08,2534.8916015625,2086.56591796875,1454.411376953125,766.572509765625,568.2368774414062,1203.8077392578125,817.3667602539062,909.3858642578124,2972.609375,279.5054016113281
2022-12-09,2550.6328125,2073.427001953125,1408.76318359375,772.0396118164062,572.7426147460938,1185.56396484375,819.624755859375,907.4341430664062,2921.329345703125,281.9832763671875
2022-12-12,2545.947998046875,2082.7158203125,1388.9239501953125,778.0509033203125,569.5374755859375,1187.3812255859375,813.24365234375,907.824462890625,2915.739990234375,283.4700012207031
2022-12-13,2539.4365234375,2091.571044921875,1411.3216552734375,780.2046508789062,572.9749145507812,1192.7886962890625,822.717041015625,910.4104614257812,2956.24072265625,285.4523010253906
2022-12-14,2515.403076171875,2113.27734375,1417.8299560546875,786.8077392578125,581.103759765625,1188.471923828125,814.0289916992188,899.4810180664062,2985.740234375,285.287109375
2022-12-15,2495.352294921875,2096.04736328125,1382.909423828125,772.3945922851562,572.231689453125,1171.5911865234375,811.2310180664062,886.8439331054688,2932.286376953125,279.8770751953125
2022-12-16,2502.89501953125,2093.592529296875,1366.4815673828125,776.1102905273438,560.5259399414062,1165.7974853515625,807.6969604492188,880.208251953125,2874.75146484375,276.7796936035156
2022-12-19,2546.74462890625,2102.255859375,1353.1507568359375,778.5243530273438,561.5479125976562,1181.1107177734375,825.0240478515625,884.5507202148438,2840.8603515625,281.2398986816406
2022-12-20,2505.940185546875,2082.28271484375,1353.10595703125,773.1519775390625,561.5479125976562,1191.3345947265625,813.7835083007812,887.7222290039062,2878.03369140625,280.9508056640625
2022-12-21,2498.116455078125,2065.966796875,1355.1256103515625,765.6730346679688,551.2822265625,1174.3856201171875,799.1071166992188,870.6937866210938,2899.859130859375,276.8210144042969
2022-12-22,2478.5810546875,2030.977294921875,1366.3470458984375,763.0462036132812,551.2822265625,1171.3411865234375,801.6594848632812,869.1324462890625,2892.00732421875,274.5909729003906
2022-12-23,2455.85986328125,1985.544189453125,1343.94921875,756.2300415039062,533.2590942382812,1136.98876953125,793.85498046875,857.6663208007812,2864.19384765625,269.84161376953125
2022-12-26,2452.439697265625,2012.784912109375,1348.70703125,771.2822265625,554.719482421875,1146.917236328125,796.1619873046875,871.620849609375,2885.97412109375,276.36669921875
2022-12-27,2429.765380859375,2044.5980224609373,1359.88330078125,772.0632934570312,559.1788940429688,1156.3006591796875,799.8923950195312,878.890869140625,2891.830078125,275.1690979003906
2022-12-28,2420.723876953125,2041.710205078125,1355.664306640625,771.4478759765625,558.3892211914062,1156.187255859375,789.0936279296875,877.2318725585938,2889.701171875,276.2015075683594
2022-12-29,2406.154296875,2031.8919677734373,1362.30712890625,776.8912963867188,568.3762817382812,1155.66455078125,805.7335815429688,886.112060546875,2900.03662109375,276.9862060546875
2022-12-30,2399.595458984375,2007.7314453125,1353.91357421875,770.6668701171875,570.141357421875,1157.4366455078125,791.3516235351562,869.3275756835938,2889.345947265625,273.8475036621094
2023-01-02,2397.1123046875,2011.24462890625,1368.097412109375,770.9271240234375,568.747802734375,1170.477783203125,798.6162719726562,880.6473999023438,2893.559814453125,274.9213256835937
2023-01-03,2381.79296875,2010.763427734375,1366.795654296875,775.96826171875,568.9336547851562,1161.912353515625,802.6411743164062,879.5739135742188,2937.831298828125,273.475830078125
2023-01-04,2376.21826171875,1993.05224609375,1341.8843994140625,762.0994262695312,562.2446899414062,1144.4183349609375,796.9473266601562,877.3782958984375,2940.7587890625,270.0894470214844
2023-01-05,2420.817138671875,2009.223388671875,1324.28955078125,757.2003784179688,562.1516723632812,1142.37353515625,792.3333129882812,857.9103393554688,2937.610107421875,275.4168701171875
2023-01-06,2414.0244140625,2008.4534912109373,1300.32080078125,754.6917114257812,558.017578125,1152.7562255859375,781.4364013671875,849.078857421875,2849.2890625,276.7384033203125
2023-01-09,2458.623779296875,2042.28759765625,1332.5933837890625,756.1589965820312,564.5672607421875,1179.9747314453125,804.4082641601562,852.2503662109375,2945.46142578125,279.21630859375
2023-01-10,2477.17529296875,2027.801025390625,1319.39697265625,742.3375854492188,552.9080200195312,1162.52587890625,778.343994140625,840.540283203125,2915.695556640625,275.3755798339844
2023-01-11,2429.765380859375,2045.801025390625,1320.74365234375,753.0350341796875,554.3479614257812,1147.871826171875,751.54345703125,845.3706665039062,2953.22412109375,274.05401611328125
2023-01-12,2426.76708984375,2078.913330078125,1329.1370849609375,757.0584106445312,552.6757202148438,1123.0843505859375,743.0518188476562,839.8572387695312,2958.23681640625,272.443359375
2023-01-13,2458.57666015625,2072.80126953125,1349.8289794921875,757.6500854492188,557.506591796875,1121.2667236328125,750.31640625,852.3479614257812,2993.902099609375,271.53485107421875
2023-01-16,2433.373046875,2057.207763671875,1369.44384765625,750.3843383789062,560.2007446289062,1110.58837890625,745.2606201171875,844.3461303710938,3025.206298828125,272.73248291015625
2023-01-17,2499.381103515625,2130.266845703125,1382.0118408203125,761.5551147460938,550.8641967773438,1126.3560791015625,751.6907958984375,844.24853515625,3065.44775390625,274.4257202148437
2023-01-18,2516.855224609375,2181.66796875,1387.3082275390625,774.9979248046875,549.4705810546875,1124.492919921875,762.34228515625,848.493408203125,3075.973388671875,276.4080505371094
2023-01-19,2482.703125,2188.02099609375,1381.4732666015625,778.2166137695312,547.984130859375,1123.2889404296875,757.87548828125,845.224365234375,3060.639404296875,274.3431396484375
2023-01-20,2388.071044921875,2165.737548828125,1369.4888916015625,786.1923828125,550.1673583984375,1109.9296875,750.463623046875,849.3228759765625,3051.56591796875,276.36669921875
2023-01-23,2432.716552734375,2149.9033203125,1389.642333984375,791.9434204101562,557.831787109375,1104.3177490234375,758.5626831054688,850.6402587890625,3098.56689453125,278.96844482421875
2023-01-24,2436.558349609375,2124.87646484375,1393.143310546875,802.5462036132812,552.1647338867188,1097.7972412109375,761.458740234375,849.7132568359375,3117.985107421875,279.95965576171875
2023-01-25,2457.031005859375,2093.303955078125,1385.1536865234375,780.370361328125,528.3353271484375,1082.6204833984375,762.2931518554688,834.6364135742188,3112.042236328125,280.2074279785156
2023-01-27,2447.473876953125,2079.009765625,1363.74365234375,764.8211059570312,501.62591552734375,1062.0816650390625,760.3297119140625,797.4569702148438,3095.073974609375,285.7826843261719
2023-01-30,2406.24755859375,2033.8167724609373,1381.38330078125,764.0402221679688,500.0001525878906,1072.26025390625,756.1084594726562,803.6046752929688,3115.580810546875,284.7915344238281
2023-01-31,2414.305419921875,2044.88671875,1376.849853515625,758.9990234375,514.2141723632812,1069.5791015625,756.2066650390625,811.8017578125,3047.5732421875,291.02752685546875
2023-02-01,2411.96337890625,2065.244873046875,1392.4251708984375,770.3828735351562,489.9201965332031,1063.240478515625,755.028564453125,827.4640502929688,3092.624267578125,298.50250244140625
2023-02-02,2468.742919921875,2064.619384765625,1421.7349853515625,758.9280395507812,490.6169128417969,1057.35595703125,763.5203247070312,837.1736450195312,3139.852294921875,312.7090148925781
2023-02-03,2481.766357421875,2085.459228515625,1435.783935546875,785.1746826171875,505.5742492675781,1058.2874755859375,778.3931274414062,842.9310302734375,3159.7236328125,314.4022827148437
2023-02-06,2471.31982421875,2075.400390625,1409.2569580078125,781.8377075195312,506.6891174316406,1050.3128662109375,774.8098754882812,833.0751342773438,3139.44384765625,316.6736755371094
2023-02-07,2437.214111328125,2084.255859375,1402.5692138671875,782.9973754882812,508.2684326171875,1047.791015625,771.521240234375,832.1480712890625,3150.876953125,308.2901611328125
2023-02-08,2419.97412109375,2051.09521484375,1427.79443359375,782.9026489257812,510.7303466796875,1068.7159423828125,760.9187622070312,838.3446044921875,3194.0224609375,310.1898193359375
2023-02-09,2423.628173828125,2067.025634765625,1451.58349609375,781.2697143554688,511.705810546875,1070.578857421875,752.6234130859375,840.0035400390625,3212.850341796875,309.1161193847656
2023-02-10,2415.008056640625,2082.860107421875,1443.9981689453125,784.3700561523438,513.7960815429688,1061.7635498046875,757.8264770507812,833.2214965820312,3209.85595703125,306.7208251953125
2023-02-13,2418.287353515625,2120.83349609375,1407.1024169921875,784.961669921875,499.3498229980469,1055.72021484375,754.5377197265625,830.0988159179688,3159.814453125,309.07476806640625
2023-02-14,2416.975830078125,2109.619384765625,1430.26318359375,792.2274169921875,502.46197509765625,1080.5985107421875,761.0169677734375,844.3948364257812,3175.875,319.1928100585937
2023-02-15,2387.789306640625,2093.64111328125,1433.6744384765625,790.6181640625,503.7627258300781,1105.0675048828125,771.0303955078125,849.761962890625,3194.52099609375,320.8559265136719
2023-02-16,2367.78564453125,2096.769287109375,1437.938720703125,787.7544555664062,501.7651977539063,1104.2042236328125,770.0977172851562,848.4446411132812,3228.457275390625,321.1497497558594
2023-02-17,2356.916748046875,2143.020751953125,1421.780029296875,783.8021240234375,493.3111267089844,1108.8162841796875,762.587646484375,841.8089599609375,3176.82763671875,321.86334228515625
2023-02-20,2353.1220703125,2142.20263671875,1429.5450439453125,776.4415893554688,487.8763732910156,1097.0928955078125,764.894775390625,831.5137329101562,3164.26025390625,322.40899658203125
2023-02-21,2357.5263671875,2146.0048828125,1417.919921875,779.3526000976562,486.2969970703125,1106.0445556640625,764.7965087890625,833.5630493164062,3131.322998046875,320.8978881835937
2023-02-22,2336.8193359375,2112.603515625,1402.03076171875,764.063720703125,479.700927734375,1080.9617919921875,758.0228271484375,818.9741821289062,3086.453369140625,322.2410888671875
2023-02-23,2333.633544921875,2078.336181640625,1392.0660400390625,758.8807373046875,484.0209045410156,1075.7818603515625,748.9910888671875,819.462158203125,3097.56884765625,325.3892517089844
2023-02-24,2327.590576171875,2054.17529296875,1392.021240234375,752.1119995117188,484.0673828125,1083.14306640625,743.2481079101562,819.413330078125,3085.455810546875,323.29052734375
2023-02-27,2312.5517578125,2034.587158203125,1354.901123046875,753.9816284179688,490.2454223632813,1075.9407958984375,739.1249389648438,835.7098999023438,3023.210205078125,320.8559265136719
2023-02-28,2305.5244140625,2030.207275390625,1335.376220703125,757.1530151367188,485.6931457519531,1055.356689453125,728.6697998046875,834.197265625,3005.970703125,316.2387084960937
2023-03-01,2310.771728515625,2036.127197265625,1343.0068359375,756.41943359375,498.6065979003906,1065.0579833984375,736.474365234375,835.6123046875,3072.072265625,317.9176940917969
2023-03-02,2300.558837890625,2042.1915283203125,1321.551513671875,749.98193359375,495.8659057617188,1056.947021484375,726.5591430664062,833.3678588867188,3013.7734375,315.2732849121094
2023-03-03,2315.22216796875,2071.50146484375,1327.9700927734375,764.8684692382812,521.36767578125,1083.9154052734375,750.41455078125,847.56640625,3032.55615234375,323.16455078125
2023-03-06,2328.19921875,2061.009765625,1353.2403564453125,770.2645874023438,521.8322143554688,1094.5028076171875,752.5742797851562,846.7857055664062,3059.5048828125,325.8509216308594
2023-03-08,2328.433837890625,2089.5498046875,1339.99951171875,771.8029174804688,524.7120971679688,1098.433349609375,752.5252075195312,851.030517578125,3076.3369140625,329.4187927246094
2023-03-09,2306.227294921875,2111.111572265625,1328.957275390625,771.8739013671875,519.2310180664062,1072.0330810546875,759.2498779296875,835.270751953125,3027.747314453125,325.3052978515625
2023-03-10,2310.022216796875,2077.08447265625,1321.0128173828125,751.9700317382812,508.5006408691406,1055.4248046875,759.593505859375,822.2921142578125,3022.439208984375,325.7250061035156
2023-03-13,2300.32470703125,2053.983154296875,1288.291748046875,742.4558715820312,492.3821105957031,1038.06689453125,751.298095703125,808.3863525390625,2977.93212890625,322.0731811523437
2023-03-14,2288.471923828125,2063.945556640625,1274.7364501953125,740.4678955078125,488.108642578125,1034.181884765625,757.6791381835938,810.2891845703125,2917.138916015625,318.7572021484375
2023-03-15,2254.413818359375,2095.180908203125,1274.422119140625,729.8414306640625,480.8157653808594,1016.5057983398438,742.806396484375,805.94677734375,2902.57568359375,318.5053405761719
2023-03-16,2304.306640625,2092.245361328125,1260.4627685546875,734.5747680664062,487.27252197265625,1011.439208984375,732.3021240234375,803.9950561523438,2889.963623046875,320.2262878417969
2023-03-17,2293.10986328125,2113.56591796875,1275.36474609375,744.3966064453125,492.1962890625,1010.1670532226562,743.3953857421875,816.0466918945312,2884.79150390625,315.2732849121094
2023-03-20,2352.887939453125,2096.04736328125,1260.0589599609375,739.2371826171875,482.34869384765625,1000.2384643554688,740.9901733398438,816.241943359375,2852.12646484375,318.00164794921875
2023-03-21,2307.35205078125,2125.790771484375,1248.4337158203125,747.615234375,484.81060791015625,1031.3419189453125,743.1008911132812,831.8065185546875,2818.3720703125,316.44854736328125
2023-03-22,2320.2353515625,2131.0849609375,1247.1322021484375,745.8876342773438,484.5318908691406,1034.477294921875,742.8554077148438,839.4180908203125,2840.784423828125,317.1201477050781
2023-03-23,2328.433837890625,2124.05810546875,1233.935791015625,739.8998413085938,476.3564758300781,1021.390625,749.580078125,834.7828979492188,2835.203857421875,319.5547180175781
2023-03-24,2324.404541015625,2085.073974609375,1239.4117431640625,738.7164916992188,469.4817199707031,1001.1699829101562,748.500244140625,831.8065185546875,2831.438232421875,317.9176940917969
2023-03-27,2341.45703125,2073.378662109375,1246.862548828125,741.9352416992188,473.9410095214844,1016.7330322265624,747.81298828125,828.1959228515625,2833.07177734375,319.1769714355469
2023-03-28,2326.2783203125,2053.742431640625,1236.6737060546875,747.97021484375,472.0365295410156,1021.4815673828124,734.7564086914062,834.0997314453125,2827.2646484375,318.7991638183594
2023-03-29,2371.29931640625,2067.07373046875,1242.0150146484375,751.5677490234375,479.8403015136719,1015.4380493164062,729.9951171875,830.4403076171875,2848.134033203125,321.317626953125
2023-03-31,2398.939697265625,2083.19677734375,1281.873046875,761.86279296875,486.5757141113281,1059.218994140625,735.2963256835938,856.05615234375,2908.92724609375,321.947265625
2023-04-03,2376.21826171875,2088.924072265625,1266.5224609375,762.3360595703125,489.3627624511719,1059.4007568359375,746.6349487304688,862.4478759765625,2903.57421875,318.0856018066406
2023-04-05,2419.927490234375,2173.24560546875,1277.9234619140625,782.7843017578125,485.87896728515625,1056.856201171875,749.48193359375,863.2285766601562,2939.687744140625,324.3818359375
2023-04-06,2403.530517578125,2189.1279296875,1276.4420166015625,788.7484130859375,490.1989440917969,1063.944580078125,751.9362182617188,853.8605346679688,2922.35693359375,325.1793518066406
2023-04-10,2372.51708984375,2223.2509765625,1281.558837890625,785.009033203125,488.9447326660156,1056.4017333984375,755.6666870117188,847.46875,2961.10107421875,326.1867370605469
2023-04-11,2387.1337890625,2215.358154296875,1262.30322265625,787.3047485351562,494.3330078125,1061.6273193359375,759.9862060546875,860.5938720703125,2916.095947265625,332.4410095214844
2023-04-12,2369.51904296875,2202.844482421875,1282.1873779296875,797.5289306640625,490.7098693847656,1066.3076171875,756.9918823242188,868.6445922851562,2941.365966796875,330.3842468261719
2023-04-13,2376.31201171875,2174.208251953125,1247.087158203125,801.1025390625,495.122802734375,1070.3291015625,753.0160522460938,877.2807006835938,2893.45703125,332.105224609375
2023-04-17,2390.975341796875,2131.1328125,1129.577880859375,788.8904418945312,505.3884582519531,1075.7589111328125,745.75146484375,879.525146484375,2848.6787109375,335.9249267578125
2023-04-18,2380.856201171875,2133.6357421875,1130.5206298828125,785.5533447265625,507.1071166992188,1063.44482421875,745.8496704101562,875.1825561523438,2840.738525390625,334.5397033691406
2023-04-19,2372.001953125,2136.5234375,1106.14794921875,788.4407348632812,501.9510803222656,1068.7386474609375,750.6599731445312,870.3522338867188,2803.400634765625,334.7496337890625
2023-04-20,2335.46044921875,2149.18115234375,1098.248291015625,791.3754272460938,506.1316528320313,1066.034912109375,758.1699829101562,872.7918701171875,2817.19287109375,336.0508728027344
2023-04-21,2340.47314453125,2132.288330078125,1101.7943115234375,792.6535034179688,504.5988159179688,1067.37548828125,751.199951171875,864.2532348632812,2868.05078125,342.7248229980469
2023-04-24,2342.16015625,2145.47509765625,1100.851806640625,799.0671997070312,515.236083984375,1071.465087890625,746.3404541015625,882.8917846679688,2880.70849609375,343.1026306152344
2023-04-25,2333.446044921875,2163.812255859375,1099.5948486328125,787.70703125,521.9249877929688,1079.666748046875,758.4644775390625,891.3816528320312,2881.796875,345.4952392578125
2023-04-26,2352.512939453125,2190.956787109375,1101.9737548828125,791.328125,526.152099609375,1073.328125,759.2990112304688,892.8453979492188,2901.8955078125,346.08282470703125
2023-04-27,2313.301513671875,2219.3046875,1118.7608642578125,795.682861328125,524.6657104492188,1080.121337890625,772.1102294921875,896.1631469726562,2892.640380859375,349.2309265136719
2023-04-28,2302.385986328125,2275.903564453125,1124.595703125,798.806884765625,537.25390625,1099.8648681640625,784.676025390625,895.4801635742188,2921.041015625,357.2481384277344
2023-05-02,2297.138916015625,2295.203369140625,1146.7689208984375,798.6412353515625,534.466796875,1109.2025146484375,775.7425537109375,899.8226318359375,2921.177001953125,356.32470703125
2023-05-03,2329.276611328125,2268.10693359375,1139.318115234375,801.4339599609375,530.007568359375,1099.68310546875,765.0419311523438,900.554443359375,2885.3359375,358.59136962890625
2023-05-04,2348.718505859375,2268.6845703125,1143.2679443359375,817.8351440429688,538.8333129882812,1112.3607177734375,774.6626586914062,899.4323120117188,2922.35693359375,356.4506225585937
2023-05-05,2343.096435546875,2288.513427734375,1130.296142578125,769.4835815429688,535.5816650390625,1109.5206298828125,772.8956298828125,904.555419921875,2931.429931640625,359.9345397949219
2023-05-08,2357.66650390625,2276.8662109375,1136.131103515625,778.3822631835938,542.1776733398438,1123.2205810546875,779.2276000976562,915.2408447265624,2949.486572265625,362.201171875
2023-05-09,2357.197998046875,2285.4814453125,1140.70947265625,778.406005859375,532.7946166992188,1126.6968994140625,779.0802612304688,911.8255004882812,2979.11279296875,355.7790222167969
2023-05-10,2363.66259765625,2275.951904296875,1134.021484375,782.0032958984375,531.5869140625,1134.4442138671875,781.4854736328125,913.4356079101562,2982.33349609375,357.08026123046875
2023-05-11,2428.96875,2158.2294921875,1127.60302734375,782.5240478515625,532.7482299804688,1127.0377197265625,774.1717529296875,916.5094604492188,2978.114013671875,352.9247741699219
2023-05-12,2458.014404296875,2137.96728515625,1117.818359375,789.434814453125,537.1145629882812,1128.8779296875,777.4605102539062,921.095947265625,2970.9921875,352.9667358398437
2023-05-15,2494.41552734375,2162.753662109375,1129.622802734375,793.2214965820312,540.5984497070312,1131.1044921875,782.4671630859375,922.9012451171876,2953.524658203125,359.1369934082031
2023-05-16,2507.204833984375,2143.8388671875,1134.96435546875,788.6732788085938,544.6860961914062,1114.99609375,772.9446411132812,923.4866943359376,2956.33740234375,355.90496826171875
2023-05-17,2493.94677734375,2136.5234375,1119.34423828125,784.4360961914062,544.6860961914062,1108.4073486328125,777.7550048828125,916.6558837890624,2911.46826171875,358.9691162109375
2023-05-18,2461.9033203125,2106.298828125,1118.5362548828125,787.572021484375,533.4449462890625,1106.0218505859375,784.72509765625,923.6331787109376,2903.43798828125,352.3370666503906
2023-05-19,2474.926513671875,2108.079345703125,1139.09375,788.481689453125,534.3275146484375,1109.611572265625,791.0079956054688,931.2446899414062,2924.307373046875,352.4630432128906
2023-05-22,2471.787841796875,2133.6357421875,1160.548828125,785.6808471679688,536.1856079101562,1115.5413818359375,787.1793823242188,927.39013671875,2993.131103515625,356.5765686035156
2023-05-23,2462.60546875,2115.39501953125,1167.05712890625,783.8375854492188,540.3197021484375,1115.3367919921875,785.3141479492188,930.366455078125,2991.6337890625,360.2703552246094
2023-05-24,2450.09716796875,2103.36279296875,1165.8004150390625,773.592041015625,541.3416137695312,1108.8389892578125,786.7376098632812,917.9244384765624,2997.350341796875,363.9221801757813
2023-05-25,2433.51318359375,2122.18115234375,1170.917236328125,770.6236572265625,539.9945678710938,1108.70263671875,807.6478881835938,917.143798828125,2988.4130859375,370.3443298339844
2023-05-26,2485.1396484375,2135.41650390625,1182.6771240234375,773.592041015625,544.4074096679688,1138.94287109375,802.9848022460938,927.731689453125,3020.533447265625,372.4010925292969
2023-05-29,2483.21875,2141.288330078125,1179.9390869140625,783.0237426757812,552.7686157226562,1145.349609375,806.2244262695312,925.2433471679688,3012.7763671875,377.0182800292969
2023-05-30,2489.074951171875,2128.052978515625,1188.4222412109375,783.6221923828125,550.7247924804688,1145.0543212890625,803.4756469726562,926.9998168945312,3009.010009765625,386.1734313964844
2023-05-31,2499.381103515625,2123.095458984375,1183.440185546875,771.22216796875,549.162109375,1122.311767578125,834.3502807617188,926.2191162109376,2984.783447265625,382.3966979980469
2023-06-01,2527.81787109375,2125.1650390625,1184.5172119140625,767.9425659179688,551.9086303710938,1119.2901611328125,812.8018188476562,913.4843139648438,3016.087158203125,377.418212890625
2023-06-02,2545.432861328125,2150.913818359375,1181.7879638671875,769.1394653320312,556.1231689453125,1115.63232421875,821.1954345703125,915.48486328125,2999.391845703125,380.5941467285156
2023-06-05,2525.8505859375,2183.40087890625,1186.791748046875,768.134033203125,556.1231689453125,1125.6517333984375,819.2319946289062,923.8770751953124,2984.239013671875,378.233642578125
2023-06-06,2521.493408203125,2192.689453125,1163.5927734375,765.7402954101562,554.3710327148438,1126.6058349609375,814.2743530273438,919.3394165039062,2932.882080078125,380.0791015625
2023-06-07,2544.96435546875,2228.833984375,1172.644775390625,769.7139892578125,558.0172729492188,1135.1485595703125,828.8036499023438,917.4853515625,2971.535400390625,381.0662231445313
2023-06-08,2510.952392578125,2252.70556640625,1167.0498046875,770.1926879882812,557.3543701171875,1135.830078125,820.7045288085938,915.2408447265624,2936.647216796875,380.16497802734375
2023-06-09,2470.0078125,2274.55615234375,1151.7200927734375,771.1024780273438,548.072998046875,1127.787353515625,818.2503051757812,915.3872680664062,2912.0126953125,376.3452758789063
2023-06-12,2476.80029296875,2252.368896484375,1175.374267578125,766.4105224609375,548.025634765625,1128.786865234375,821.0481567382812,913.3380126953124,2946.12939453125,375.0577392578125
2023-06-13,2507.204833984375,2266.27783203125,1187.110107421875,767.703125,545.8947143554688,1145.46337890625,819.084716796875,920.75439453125,2943.226318359375,382.3108215332031
2023-06-14,2528.6142578125,2266.90380859375,1183.061767578125,766.8652954101562,546.0367431640625,1159.5496826171875,812.8018188476562,917.094970703125,2949.8955078125,381.5382995605469
2023-06-15,2520.134765625,2272.91943359375,1170.68896484375,757.4336547851562,536.5186157226562,1159.86767578125,814.5198364257812,904.2138671875,2940.068115234375,384.6283874511719
2023-06-16,2544.448974609375,2278.214111328125,1175.1011962890625,767.3440551757812,541.0172119140625,1171.1595458984375,822.4715576171875,911.63037109375,2902.2236328125,388.9201354980469
2023-06-19,2534.625,2277.781005859375,1177.2393798828125,768.014404296875,538.7442626953125,1159.52685546875,812.9981689453125,900.8472900390624,2934.674560546875,389.3493041992188
2023-06-20,2527.87109375,2292.844970703125,1185.791015625,769.6182861328125,537.3710327148438,1161.9351806640625,815.992431640625,903.1892700195312,2950.489013671875,388.70556640625
2023-06-21,2528.343505859375,2304.828857421875,1182.1065673828125,783.0716552734375,536.3765258789062,1165.2069091796875,823.649658203125,902.3598022460938,2978.369384765625,383.7271118164063
2023-06-22,2507.32568359375,2325.81298828125,1165.91259765625,786.9017944335938,533.1565551757812,1152.1202392578125,827.380126953125,903.3844604492188,2960.36181640625,384.2420959472656
2023-06-23,2495.281982421875,2300.112548828125,1150.85595703125,786.8539428710938,525.2484130859375,1142.6915283203125,839.1605834960938,901.1887817382812,2940.114013671875,381.7529296875
2023-06-26,2505.200439453125,2288.5615234375,1155.7232666015625,783.0476684570312,527.5687866210938,1133.9671630859375,836.3627319335938,905.0433959960938,2915.70703125,382.5683288574219
2023-06-27,2504.491943359375,2298.668701171875,1163.729248046875,794.0833129882812,536.1397705078125,1134.3760986328125,849.0758056640625,913.4843139648438,2922.74609375,382.0533447265625
2023-06-28,2513.84375,2330.818603515625,1176.6478271484375,802.4856567382812,539.6439819335938,1149.3939208984375,856.2422485351562,914.8017578125,2939.291259765625,385.7013549804688
2023-06-30,2529.807373046875,2382.893798828125,1214.99462890625,814.5745239257812,542.5325927734375,1158.8226318359375,862.6724243164062,912.0205688476562,3018.63671875,387.6326293945313
2023-07-03,2551.43896484375,2362.1982421875,1213.3570556640625,823.3838500976562,554.4657592773438,1188.5628662109375,863.0650634765625,919.7785034179688,2991.258544921875,397.6324157714844
2023-07-04,2550.447265625,2369.706298828125,1223.7738037109375,827.405517578125,558.0646362304688,1176.31689453125,849.3212890625,921.8765869140624,3024.669921875,400.2933349609375
2023-07-05,2603.203369140625,2378.3212890625,1225.72998046875,801.12109375,559.3431396484375,1174.3856201171875,850.7938232421875,934.8552856445312,3034.816650390625,407.8039245605469
2023-07-06,2604.384521484375,2395.455322265625,1222.63671875,801.93505859375,561.142578125,1199.03662109375,853.7388916015625,936.2214965820312,3037.512939453125,406.77386474609375
2023-07-07,2548.652587890625,2357.67431640625,1210.1728515625,794.945068359375,562.1843872070312,1196.696533203125,854.5242309570312,923.5355224609376,3043.3173828125,402.052978515625
2023-07-10,2509.404052734375,2347.470947265625,1209.2176513671875,793.0538940429688,561.2372436523438,1242.794921875,869.2007446289062,925.4872436523438,2990.938720703125,399.8641357421875
2023-07-11,2535.8056640625,2381.93115234375,1226.9124755859375,789.1998901367188,557.401611328125,1256.2677001953125,875.5818481445312,922.12060546875,2991.349853515625,406.1301574707031
2023-07-12,2525.556396484375,2363.064697265625,1212.9932861328125,781.8028564453125,558.0646362304688,1257.653564453125,873.6675415039062,921.5839233398438,2979.924072265625,405.4005737304688
2023-07-13,2507.65625,2358.4443359375,1241.9237060546875,785.704833984375,554.6552124023438,1246.4073486328125,868.857177734375,932.61083984375,3053.647216796875,405.1430358886719
2023-07-14,2528.626708984375,2379.717041015625,1297.2830810546875,787.3327026367188,553.4713134765625,1245.3621826171875,870.2805786132812,936.8557739257812,3212.79443359375,405.91552734375
2023-07-17,2533.1611328125,2376.396240234375,1294.5537109375,803.80224609375,569.2874755859375,1270.8084716796875,862.0343017578125,945.2968139648438,3191.8154296875,405.4434509277344
2023-07-18,2534.2001953125,2382.075439453125,1342.0892333984375,803.1320190429688,561.0005493164062,1281.600341796875,859.4328002929688,951.8837280273438,3196.5234375,405.5722351074219
2023-07-19,2523.620361328125,2400.79736328125,1341.8616943359375,806.7705688476562,569.6189575195312,1291.32421875,854.8187255859375,949.9320678710938,3172.025390625,411.0227661132813
2023-07-20,2553.51708984375,2396.51416015625,1318.708251953125,808.51806640625,577.7637329101562,1289.7606201171875,868.6607666015625,971.5469360351562,3174.087158203125,422.4388732910156
2023-07-21,2459.764892578125,2489.4501953125,1211.4464111328125,802.294189453125,582.5465087890625,1249.8345947265625,869.7897338867188,972.9130859375,3087.0205078125,420.9796447753906
2023-07-24,2437.330078125,2507.739013671875,1215.995361328125,803.5628662109375,584.9616088867188,1224.554931640625,871.9005126953125,968.0338134765624,3111.261474609375,404.5851135253906
2023-07-25,2425.900390625,2465.048828125,1214.17578125,812.2764892578125,577.3375854492188,1223.767333984375,867.4827880859375,970.6686401367188,3115.294189453125,396.8170166015625
2023-07-26,2440.211181640625,2547.204345703125,1227.1400146484375,809.45166015625,582.5939331054688,1243.65625,873.1275634765625,972.3764038085938,3105.35009765625,405.3576049804688
2023-07-27,2427.506103515625,2560.632568359375,1231.052001953125,801.0493774414062,583.9197998046875,1232.087158203125,878.7723388671875,966.326171875,3113.232177734375,399.1774597167969
2023-07-28,2441.439453125,2550.381103515625,1219.5435791015625,786.8539428710938,583.4462890625,1244.4686279296875,878.7232666015625,972.1324462890624,3075.197998046875,402.0958862304688
2023-07-31,2418.95751953125,2580.990966796875,1233.371826171875,790.5403442382812,587.3766479492188,1255.00390625,873.618408203125,974.181640625,3135.73193359375,399.7353820800781
2023-08-01,2409.794677734375,2566.8408203125,1242.0145263671875,795.830810546875,579.468505859375,1237.25634765625,875.3363647460938,970.5222778320312,3163.776611328125,398.962890625
2023-08-02,2426.656005859375,2552.724853515625,1234.418212890625,785.4176025390625,566.7777099609375,1224.0382080078125,862.0343017578125,963.1058959960938,3153.328369140625,394.9286193847656
2023-08-03,2409.983642578125,2529.311767578125,1241.196044921875,779.7442016601562,559.2484741210938,1218.8934326171875,855.7514038085938,941.6861572265624,3116.02734375,391.4523010253906
2023-08-04,2404.977294921875,2557.348876953125,1253.9781494140625,791.0191040039062,542.9586791992188,1235.45947265625,873.373046875,947.0532836914062,3155.986328125,390.5080871582031
2023-08-07,2426.892333984375,2566.110595703125,1267.3062744140625,790.5643310546875,537.8446044921875,1242.4993896484375,875.0909423828125,952.0789184570312,3193.1044921875,390.4652099609375
2023-08-08,2423.727783203125,2562.508544921875,1264.7589111328125,789.9180297851562,542.769287109375,1235.016357421875,869.2007446289062,956.2261962890624,3180.77783203125,388.2763671875
2023-08-09,2410.833740234375,2581.395263671875,1268.580078125,790.2052001953125,543.3849487304688,1243.1640625,867.5317993164062,957.0133056640624,3173.3544921875,393.6840515136719
2023-08-10,2396.192138671875,2573.509521484375,1263.758056640625,783.1912841796875,543.2902221679688,1248.7025146484375,858.794677734375,948.552001953125,3154.65771484375,387.7613830566406
2023-08-11,2363.2255859375,2568.64208984375,1248.0645751953125,775.0283203125,543.7638549804688,1253.9700927734375,858.548095703125,937.4833984375,3160.7978515625,385.1863098144531
2023-08-14,2392.79150390625,2589.475341796875,1267.806640625,771.24609375,531.1202392578125,1268.788330078125,855.0963745117188,944.0753173828124,3161.760498046875,385.5725708007813
2023-08-16,2411.211669921875,2619.800537109375,1290.5052490234375,768.995849609375,535.4295043945312,1267.754638671875,845.1356201171875,941.0745849609376,3169.596435546875,386.4738464355469
2023-08-17,2402.3798828125,2582.271484375,1284.1824951171875,764.73486328125,541.8696899414062,1249.4654541015625,844.8890991210938,936.3027954101562,3148.837890625,378.5340576171875
2023-08-18,2413.24267578125,2572.000732421875,1263.4853515625,761.598876953125,542.6273193359375,1258.720703125,844.4452514648438,935.3189086914062,3085.921142578125,379.0920104980469
2023-08-21,2420.7998046875,2591.76318359375,1278.58740234375,761.0003662109375,541.4434204101562,1244.986328125,859.9287719726562,939.7955322265624,3117.585205078125,384.3708801269531
2023-08-22,2423.680908203125,2607.874755859375,1277.0863037109375,757.744873046875,538.4127807617188,1244.68994140625,865.5502319335938,936.6471557617188,3099.714111328125,389.9072570800781
2023-08-23,2431.473388671875,2645.647705078125,1280.9072265625,759.6119995117188,546.3682861328125,1246.0732421875,856.1812744140625,951.2576293945312,3114.469482421875,386.6455078125
2023-08-24,2438.27490234375,2616.977294921875,1295.1448974609375,756.1170654296875,546.41552734375,1225.1258544921875,857.4632568359375,953.3237915039062,3104.845947265625,387.0317993164063
2023-08-25,2421.55517578125,2568.544677734375,1291.9610595703125,747.594970703125,539.7860717773438,1219.4691162109375,861.4574584960938,954.7504272460938,3098.9345703125,380.5511779785156
2023-08-28,2414.139892578125,2623.987060546875,1287.9124755859375,755.3749389648438,542.5325927734375,1207.315673828125,858.350830078125,954.89794921875,3093.665283203125,378.8774108886719
2023-08-29,2386.2265625,2646.962158203125,1289.7320556640625,761.3834838867188,544.4267578125,1195.755126953125,843.4097900390625,952.1431274414062,3094.21484375,377.7615356445313
2023-08-30,2391.705322265625,2637.275390625,1305.65283203125,755.8297729492188,537.3710327148438,1194.6187744140625,845.924560546875,943.4359130859376,3107.77880859375,380.0791015625
2023-08-31,2366.29541015625,2631.142333984375,1305.92578125,752.358642578125,531.6411743164062,1189.1595458984375,844.59326171875,943.2882690429688,3076.480712890625,377.418212890625
2023-09-01,2366.059326171875,2630.55810546875,1313.5679931640625,753.9147338867188,539.4072265625,1191.950927734375,854.0115356445312,953.077880859375,3097.01025390625,378.5769958496094
2023-09-04,2362.84765625,2639.31982421875,1332.9005126953125,758.6306762695312,545.0896606445312,1190.987548828125,853.3704833984375,951.7495727539062,3133.028564453125,375.5298156738281
2023-09-05,2368.18505859375,2660.591064453125,1345.4552001953125,754.010498046875,542.6746215820312,1197.36083984375,853.9622192382812,952.7826538085938,3142.972412109375,380.3366088867188
2023-09-06,2383.7236328125,2658.157470703125,1344.1361083984375,763.873046875,540.3070068359375,1199.8802490234375,868.1636352539062,942.0584716796876,3143.476318359375,384.0704650878906
2023-09-07,2368.5625,2771.03759765625,1333.901123046875,771.22216796875,548.4044189453125,1201.5106201171875,863.2326049804688,950.0770263671876,3166.70947265625,382.739990234375
2023-09-08,2374.560546875,2824.7763671875,1336.994384765625,777.2306518554688,552.5715942382812,1209.51416015625,873.6371459960938,954.89794921875,3154.47412109375,379.9503479003906
2023-09-11,2395.76708984375,2817.572021484375,1343.226318359375,781.2523803710938,560.385009765625,1222.556884765625,878.5189208984375,962.4737548828124,3189.988037109375,383.8558654785156
2023-09-12,2360.43896484375,2866.151123046875,1365.6522216796875,783.6940307617188,557.212158203125,1204.8948974609375,878.1244506835938,974.5262451171876,3281.774658203125,387.2463684082031
2023-09-13,2367.712646484375,2829.78955078125,1363.1502685546875,787.04541015625,564.8836059570312,1210.9222412109375,902.533203125,973.8374633789062,3269.90673828125,389.2634887695313
2023-09-14,2362.28076171875,2841.325927734375,1370.9742431640625,786.5665893554688,565.6885986328125,1212.033935546875,902.3359985351562,971.7714233398438,3262.75830078125,386.21630859375
2023-09-15,2332.903564453125,2831.5419921875,1375.2047119140625,795.5914306640625,567.1091918945312,1214.28173828125,923.2437133789062,976.44482421875,3297.813720703125,384.8429870605469
2023-09-18,2350.8037109375,2842.542724609375,1357.1912841796875,779.9357299804688,571.9866943359375,1203.7091064453125,907.5136108398438,974.2310791015624,3305.008056640625,388.0188598632813
2023-09-20,2330.21142578125,2813.483154296875,1355.7811279296875,748.6483154296875,569.2874755859375,1176.8826904296875,898.1445922851562,971.2302856445312,3304.91650390625,388.7914123535156
2023-09-21,2336.351318359375,2822.585693359375,1366.2435302734375,743.6929931640625,557.0228881835938,1168.31103515625,905.2946166992188,943.8294067382812,3285.899658203125,384.11334228515625
2023-09-22,2344.947265625,2841.228759765625,1361.1488037109375,732.3462524414062,566.4935913085938,1163.4447021484375,898.8349609375,934.9745483398438,3302.716552734375,380.3366088867188
2023-09-25,2338.713134765625,2825.65234375,1341.1339111328125,732.9925537109375,562.6105346679688,1156.2811279296875,897.8487548828125,940.9269409179688,3278.429931640625,379.9074096679688
2023-09-26,2341.640869140625,2835.436279296875,1328.8519287109375,736.1763305664062,562.9420776367188,1157.2939453125,900.1170043945312,933.400390625,3286.265869140625,379.7786560058594
2023-09-27,2363.17822265625,2886.546142578125,1334.6292724609375,731.005615234375,558.5381469726562,1170.336669921875,907.5629272460938,927.890625,3289.565185546875,385.5296630859375
2023-09-28,2324.071533203125,2930.305908203125,1309.56494140625,729.49755859375,558.7276000976562,1153.1439208984375,912.8884887695312,927.3987426757812,3241.403564453125,378.3194885253906
2023-09-29,2329.03076171875,2943.497314453125,1305.92578125,730.7423706054688,566.8723754882812,1158.5289306640625,913.6281127929688,936.5487670898438,3233.93408203125,381.4524536132813
2023-10-03,2332.147705078125,2991.88134765625,1304.606689453125,722.0048828125,571.03955078125,1145.2637939453125,912.5432739257812,925.1358032226562,3220.415771484375,377.4611511230469
2023-10-04,2368.9404296875,2947.586181640625,1314.0228271484375,732.29833984375,555.2234497070312,1143.287841796875,911.5077514648438,915.0510864257812,3242.31982421875,374.328125
2023-10-05,2379.9921875,3014.07763671875,1331.3992919921875,735.2667236328125,560.8111572265625,1143.26318359375,916.0443725585938,925.6768798828124,3289.611083984375,374.28521728515625
2023-10-06,2360.9580078125,3011.7900390625,1345.2733154296875,734.452880859375,562.7999877929688,1145.18994140625,913.282958984375,929.9568481445312,3318.98486328125,379.5211791992188
2023-10-09,2372.198974609375,2993.292724609375,1342.3165283203125,725.9307861328125,554.1342163085938,1135.4326171875,911.8036499023438,923.4632568359376,3334.51904296875,378.06201171875
2023-10-10,2376.827392578125,2994.55859375,1360.2391357421875,730.0481567382812,560.337646484375,1140.447021484375,935.2755126953124,935.8600463867188,3325.857666015625,381.4524536132813
2023-10-11,2414.801025390625,3006.92236328125,1359.5567626953125,737.1099243164062,557.212158203125,1158.5535888671875,942.425537109375,937.7293701171876,3308.44482421875,384.7571411132813
2023-10-12,2415.36767578125,3000.15625,1333.264404296875,742.017333984375,555.0339965820312,1160.70263671875,937.2479248046876,938.86083984375,3246.719482421875,386.860107421875
2023-10-13,2427.12841796875,3007.798583984375,1302.0140380859375,735.2667236328125,545.6578979492188,1160.6534423828125,941.0448608398438,935.9583740234376,3272.65576171875,384.8429870605469
2023-10-16,2416.59619140625,3019.77294921875,1304.7431640625,732.3223266601562,545.1844482421875,1158.0596923828125,933.5003051757812,936.0568237304688,3229.763916015625,385.3579711914063
2023-10-17,2414.564697265625,2985.115478515625,1312.2943115234375,737.8759765625,545.9420166015625,1163.593017578125,940.5025024414062,938.5164794921876,3214.18359375,389.2205505371094
2023-10-18,2407.102783203125,2964.96337890625,1310.565673828125,727.6065063476562,542.3432006835938,1148.1541748046875,939.7135009765624,928.5302124023438,3196.037109375,387.6755676269531
2023-10-19,2406.961181640625,2973.530517578125,1304.288330078125,725.308349609375,540.9699096679688,1139.33544921875,929.949951171875,920.6591796875,3175.2705078125,386.60260009765625
2023-10-20,2356.943603515625,2932.59375,1298.4658203125,729.066650390625,533.298583984375,1135.8524169921875,932.1689453125,917.7075805664062,3211.01416015625,376.2164916992188
2023-10-23,2345.939208984375,2879.97509765625,1281.5440673828125,721.04736328125,523.685791015625,1118.1162109375,926.3502807617188,914.9527587890624,3133.462646484375,374.156494140625
2023-10-25,2340.082763671875,2838.89208984375,1262.5601806640625,716.4751586914062,526.7637329101562,1115.5225830078125,909.8804931640624,901.3260498046876,3115.03955078125,371.40966796875
2023-10-26,2339.232177734375,2788.755859375,1252.7918701171875,700.6279296875,518.0506591796875,1099.9849853515625,893.0162353515625,893.9962768554688,3066.017822265625,372.8260192871094
2023-10-27,2344.569580078125,2825.068115234375,1272.0521240234375,703.380859375,531.4517822265625,1119.4007568359375,901.9907836914062,898.0301513671875,3079.065673828125,372.3110046386719
2023-10-30,2341.593994140625,2848.870849609375,1269.01123046875,711.0172119140625,535.2874145507812,1142.47265625,913.480224609375,909.9841918945312,3104.426513671875,369.47845458984375
2023-10-31,2346.411376953125,2851.49951171875,1261.0399169921875,706.8997802734375,535.6188354492188,1130.3192138671875,901.7935791015624,900.588134765625,3095.421142578125,367.7187805175781
2023-11-01,2335.31201171875,2818.642822265625,1247.90771484375,705.9421997070312,536.4239501953125,1135.0126953125,900.8566284179688,899.30908203125,3060.412841796875,367.4613037109375
2023-11-02,2366.284912109375,2840.839111328125,1262.65234375,707.0194091796875,541.8222045898438,1146.2767333984375,911.11328125,905.114013671875,3087.47314453125,370.0792846679688
2023-11-03,2387.64697265625,2834.17041015625,1280.069580078125,710.370849609375,547.5520629882812,1146.0296630859375,917.9181518554688,918.7406616210938,3079.02001953125,371.8818054199219
2023-11-06,2376.371337890625,2896.6708984375,1293.20166015625,715.5175170898438,543.9531860351562,1155.564697265625,926.251708984375,930.2027587890624,3105.98828125,373.6843872070313
2023-11-07,2375.467041015625,2882.8955078125,1294.1231689453125,712.0465087890625,549.0673828125,1148.055419921875,924.2299194335938,932.8099975585938,3096.9833984375,371.40966796875
2023-11-08,2397.257568359375,2917.11474609375,1281.8665771484375,714.105224609375,549.5882568359375,1154.033203125,923.8353881835938,920.6591796875,3107.183349609375,375.0577392578125
2023-11-09,2356.67431640625,2944.762939453125,1266.9376220703125,711.280517578125,547.741455078125,1141.50927734375,919.49609375,922.2333374023438,3075.85009765625,372.8689270019531
2023-11-10,2366.046630859375,2952.9404296875,1261.4544677734375,714.0812377929688,548.8306884765625,1143.6583251953125,922.6026611328124,923.4632568359376,3062.98583984375,374.7144165039063
2023-11-13,2358.0537109375,2967.78662109375,1265.7857666015625,712.78857421875,550.5827026367188,1143.5101318359375,922.1095581054688,919.3801879882812,3061.23974609375,374.2423400878906
2023-11-15,2365.904052734375,2983.80126953125,1299.8367919921875,720.2573852539062,553.7554321289062,1164.1856689453125,936.9027709960938,925.9229125976562,3128.08740234375,379.3495178222656
2023-11-16,2370.4716796875,2970.366455078125,1331.537841796875,722.1484985351562,553.7081298828125,1166.285400390625,936.458984375,920.9051513671876,3214.046630859375,376.5169677734375
2023-11-17,2406.24951171875,3026.684814453125,1324.7645263671875,720.5924682617188,533.251220703125,1163.7412109375,934.2399291992188,906.9833374023438,3218.273681640625,377.0319213867188
2023-11-20,2384.982421875,3007.019775390625,1323.888916015625,720.6403198242188,533.9141845703125,1160.6781005859375,948.1456298828124,906.58984375,3234.032470703125,374.928955078125
2023-11-21,2383.8408203125,2993.439208984375,1326.1007080078125,726.74462890625,531.7832641601562,1175.2769775390625,957.46533203125,911.164794921875,3225.39453125,374.4569091796875
2023-11-22,2399.68359375,3000.69189453125,1343.4256591796875,724.1593627929688,529.3682250976562,1179.87158203125,956.3804931640624,907.8688354492188,3243.726318359375,377.418212890625
2023-11-23,2397.78076171875,2965.011962890625,1335.546630859375,728.3485107421875,530.3153076171875,1183.4781494140625,963.1854248046876,908.1148071289062,3223.602783203125,377.9761047363281
2023-11-24,2393.308349609375,2973.384521484375,1324.626220703125,733.5192260742188,530.694091796875,1182.6876220703125,959.733642578125,914.41162109375,3176.60302734375,375.7873840332031
2023-11-28,2388.8837890625,2969.2470703125,1329.5103759765625,731.8674926757812,534.5771484375,1182.9346923828125,971.3216552734376,910.5745239257812,3188.594482421875,373.5985412597656
2023-11-29,2402.68115234375,3002.103515625,1345.08447265625,746.4699096679688,538.5075073242188,1186.047119140625,981.6768798828124,924.4470825195312,3228.65673828125,375.2723388671875
2023-11-30,2422.187744140625,3026.87939453125,1340.983642578125,746.3023071289062,534.8612670898438,1174.560791015625,1000.7107543945312,919.8721313476562,3204.6279296875,374.0706176757813
2023-12-01,2439.410400390625,3106.1728515625,1338.3572998046875,744.6744995117188,541.4907836914062,1182.88525390625,1000.7107543945312,931.4326171875,3226.726806640625,386.0875854492188
2023-12-04,2476.187255859375,3225.819091796875,1349.461669921875,770.5279541015625,563.2261962890625,1195.6810302734375,1018.6598510742188,975.2149658203124,3227.46240234375,389.735595703125
2023-12-05,2439.030029296875,3227.668701171875,1339.8778076171875,777.3742065429688,576.0590209960938,1204.3514404296875,1016.8847045898438,997.106201171875,3245.05859375,387.7613830566406
2023-12-06,2443.21630859375,3302.484130859375,1358.63134765625,779.3372802734375,576.2484741210938,1215.887451171875,1010.3262939453124,987.0706176757812,3311.676513671875,397.6324157714844
2023-12-07,2396.210693359375,3266.756103515625,1350.89013671875,780.60595703125,579.3264770507812,1213.886474609375,986.2134399414062,982.88916015625,3321.60009765625,393.21197509765625
2023-12-08,2400.064453125,3289.0009765625,1374.1591796875,791.4979248046875,581.6468505859375,1213.244140625,986.4599609375,994.5480346679688,3332.4423828125,385.5296630859375
2023-12-11,2382.31787109375,3296.15625,1371.7171630859375,790.4446411132812,581.7415771484375,1215.0228271484375,987.0516967773438,1000.697265625,3347.327880859375,388.3621826171875
2023-12-12,2381.4619140625,3253.9052734375,1360.2437744140625,782.5927734375,579.989501953125,1197.5830078125,981.5289306640624,999.31982421875,3374.158935546875,388.9201354980469
2023-12-13,2390.168701171875,3309.78564453125,1335.3160400390625,780.8214111328125,587.0451049804688,1202.473876953125,986.1148681640624,997.5488891601562,3301.982421875,391.1089477539063
2023-12-14,2394.402587890625,3342.2041015625,1383.6510009765625,790.0377197265625,590.6441040039062,1217.39404296875,991.341796875,1016.9803466796876,3369.7021484375,394.9286193847656
2023-12-15,2400.635498046875,3395.650390625,1454.56396484375,793.1018676757812,613.942138671875,1232.9317626953125,978.8661499023438,1020.669921875,3547.732177734375,393.2977294921875
2023-12-18,2412.62451171875,3399.1552734375,1441.6160888671875,792.69482421875,614.1788330078125,1245.4803466796875,976.5978393554688,1004.9771118164062,3546.078369140625,387.6755676269531
2023-12-19,2436.603515625,3406.310302734375,1436.0408935546875,791.3543090820312,620.7137451171875,1263.8094482421875,974.8226928710938,999.0739135742188,3506.5673828125,391.4952087402344
2023-12-20,2433.558837890625,3327.990478515625,1415.8590087890625,793.3171997070312,602.7666625976562,1248.518798828125,958.1556396484376,990.4158325195312,3473.350341796875,387.11761474609375
2023-12-21,2429.466552734375,3333.490966796875,1415.4903564453125,807.5365600585938,609.6802368164062,1266.0079345703125,964.4181518554688,988.2020874023438,3480.196044921875,387.50390625
2023-12-22,2450.78173828125,3385.8662109375,1440.27978515625,799.9481201171875,603.0507202148438,1267.242919921875,975.907470703125,978.2649536132812,3513.734619140625,390.72265625
2023-12-26,2459.488037109375,3397.64599609375,1422.816650390625,805.5018920898438,604.2819213867188,1273.66552734375,986.0654296875,979.0520629882812,3487.5927734375,391.7956237792969
2023-12-27,2481.896484375,3450.167724609375,1444.1505126953125,815.4841918945312,614.2262573242188,1278.01318359375,1007.1211547851562,986.0867919921876,3501.972900390625,392.35357666015625
2023-12-28,2506.160888671875,3424.90478515625,1440.049560546875,816.417724609375,616.9254760742188,1287.2518310546875,1022.4074096679688,989.6779174804688,3491.589599609375,398.362060546875
2023-12-29,2534.849853515625,3432.644287109375,1421.8489990234375,818.3328247070312,608.0701904296875,1277.074462890625,1017.9694213867188,980.52783203125,3485.61669921875,396.6452941894531
2024-01-01,2526.095703125,3432.108642578125,1429.635986328125,812.9945678710938,607.4072265625,1279.69287109375,999.08349609375,983.28271484375,3501.880859375,401.7525634765625
2024-01-02,2487.130126953125,3347.071533203125,1414.0159912109375,813.4733276367188,605.60791015625,1290.2900390625,1007.6142578125,966.4093017578124,3476.244140625,403.7267761230469
2024-01-03,2480.2314453125,3349.261962890625,1373.099365234375,800.9296264648438,609.3961791992188,1276.25927734375,1020.9281005859376,968.1802368164062,3392.21435546875,409.6494140625
2024-01-04,2466.91015625,3367.1259765625,1394.0184326171875,809.5235595703125,608.7332153320312,1282.854736328125,1033.4530029296875,971.2302856445312,3369.288818359375,408.9197998046875
2024-01-05,2493.077392578125,3428.65283203125,1412.31103515625,805.3822021484375,607.9755249023438,1288.3138427734375,1032.1710205078125,977.6746215820312,3434.619873046875,406.81683349609375
2024-01-08,2453.302978515625,3408.403564453125,1403.325927734375,796.4052734375,593.8167114257812,1278.26025390625,1034.5872802734375,966.163330078125,3379.856201171875,399.5637512207031
2024-01-09,2454.730224609375,3461.801025390625,1409.3162841796875,790.2052001953125,592.3014526367188,1274.8759765625,1049.82421875,963.9495849609376,3390.514404296875,398.748291015625
2024-01-10,2452.494140625,3451.6279296875,1400.653564453125,792.814453125,588.8446044921875,1309.261474609375,1048.0489501953125,977.0350952148438,3411.7861328125,397.6753845214844
2024-01-11,2413.290771484375,3412.05419921875,1376.9697265625,789.4871215820312,587.3766479492188,1343.696044921875,1048.1968994140625,975.165771484375,3432.46044921875,397.1174621582031
2024-01-12,2420.712890625,3474.31103515625,1486.21875,785.752685546875,600.0674438476562,1354.39208984375,1061.5107421875,987.3165893554688,3567.763916015625,400.5937805175781
2024-01-15,2448.497802734375,3449.242919921875,1522.4814453125,800.8817138671875,606.223388671875,1377.5130615234375,1087.2017822265625,993.5641479492188,3587.059326171875,401.3663024902344
2024-01-16,2444.5966796875,3478.886474609375,1503.5439453125,803.9219360351562,603.1927490234375,1358.24560546875,1080.791259765625,992.777099609375,3548.008056640625,405.4005737304688
2024-01-17,2438.69677734375,3476.404052734375,1511.51513671875,736.1045532226562,592.8696899414062,1345.35107421875,1070.2882080078125,965.9173583984376,3569.4169921875,400.5079345703125
2024-01-18,2424.51904296875,3500.791015625,1513.7269287109375,711.5198974609375,595.0479125976562,1351.6500244140625,1072.0633544921875,970.443115234375,3585.95703125,399.5637512207031
2024-01-19,2441.075439453125,3549.467041015625,1529.0244140625,704.0989990234375,594.5270385742188,1351.156005859375,1109.4901123046875,983.0859375,3648.3662109375,404.7138671875
2024-01-23,2260.42626953125,3456.982177734375,1513.312255859375,683.3682861328125,573.07568359375,1312.7442626953125,1142.03515625,1012.45458984375,3569.90380859375,394.241943359375
2024-01-24,2323.32275390625,3494.1708984375,1543.95361328125,697.037109375,585.5772094726562,1327.8619384765625,1173.544677734375,983.0859375,3554.683349609375,397.932861328125
2024-01-25,2310.61962890625,3498.308349609375,1538.147705078125,686.9830932617188,580.3209228515625,1336.952392578125,1144.550048828125,993.66259765625,3525.53759765625,391.1089477539063
2024-01-29,2325.939697265625,3609.8251953125,1526.6285400390625,696.438720703125,589.9810791015625,1430.795654296875,1146.1279296875,1000.008544921875,3516.93212890625,386.0875854492188
2024-01-30,2339.4990234375,3537.103515625,1521.88232421875,691.4834594726562,593.5800170898438,1390.8524169921875,1142.67626953125,1000.5005493164062,3516.515625,376.0019226074219
2024-01-31,2361.28955078125,3387.61865234375,1530.5911865234375,700.2210083007812,606.602294921875,1409.6259765625,1154.56005859375,1011.569091796875,3530.76513671875,379.0061340332031
2024-02-01,2353.724365234375,3308.033203125,1527.043212890625,702.040283203125,613.3739013671875,1409.650634765625,1135.328857421875,1008.6174926757812,3566.109619140625,380.16497802734375
2024-02-02,2333.742431640625,3286.664306640625,1560.4952392578125,692.369140625,615.26806640625,1440.3306884765625,1134.9344482421875,1007.4859619140624,3669.87841796875,377.7615356445313
2024-02-05,2302.24609375,3253.2724609375,1554.8277587890625,691.7467651367188,608.922607421875,1421.8782958984375,1098.1981201171875,1006.9940795898438,3676.355224609375,376.0019226074219
2024-02-06,2308.764404296875,3333.588134765625,1593.762939453125,691.3876342773438,615.8363037109375,1410.7869873046875,1118.4154052734375,1009.8472900390624,3826.895751953125,370.29388427734375
2024-02-07,2307.90771484375,3304.820556640625,1560.86376953125,684.6130981445312,639.51318359375,1424.966064453125,1118.661865234375,1005.6658325195312,3778.226806640625,370.63720703125
2024-02-08,2299.915283203125,3247.18798828125,1559.3431396484375,671.734375,662.527099609375,1432.845947265625,1126.4036865234375,973.3455810546876,3825.137939453125,361.2610168457031
2024-02-09,2306.6708984375,3236.528076171875,1538.378173828125,671.9976806640625,686.8670043945312,1443.344482421875,1104.8056640625,994.4005126953124,3824.767822265625,362.0888671875
2024-02-12,2270.036376953125,3212.18994140625,1548.2847900390625,665.4864501953125,670.4352416992188,1435.0443115234375,1103.2769775390625,980.035888671875,3812.739501953125,354.5508117675781
2024-02-13,2277.98193359375,3233.558837890625,1552.3857421875,667.6168823242188,675.6915283203125,1447.642578125,1102.438720703125,1003.3536987304688,3839.38720703125,354.4636535644531
2024-02-14,2272.224853515625,3221.3896484375,1535.475341796875,662.6377563476562,704.056396484375,1463.7236328125,1100.4661865234375,1006.2069702148438,3793.678955078125,358.64666748046875
2024-02-15,2236.92333984375,3212.919921875,1544.828857421875,677.0007934570312,721.387939453125,1453.076904296875,1105.2493896484375,1000.2545166015624,3796.54736328125,351.98004150390625
2024-02-16,2260.140869140625,3297.080810546875,1568.14404296875,679.8015747070312,714.7583618164062,1443.17138671875,1104.55908203125,1006.7481079101562,3819.771484375,352.59002685546875
2024-02-19,2271.464111328125,3251.4228515625,1566.39306640625,678.4609985351562,719.0675659179688,1456.4364013671875,1126.4530029296875,1026.91748046875,3797.102294921875,356.642333984375
2024-02-20,2287.5927734375,3267.87548828125,1553.0306396484375,696.2711791992188,719.87255859375,1453.496826171875,1128.1788330078125,1031.8367919921875,3729.41943359375,353.8972473144531
2024-02-21,2290.447265625,3209.123046875,1525.6610107421875,689.0177612304688,730.6692504882812,1450.2115478515625,1124.1846923828125,1034.985107421875,3693.1953125,351.5007629394531
2024-02-22,2272.3681640625,3274.68994140625,1549.4366455078125,679.634033203125,725.3656616210938,1464.0941162109375,1119.8946533203125,1045.5618896484375,3781.65087890625,361.17388916015625
2024-02-23,2278.077392578125,3298.249267578125,1545.2896728515625,680.13671875,718.8781127929688,1475.82763671875,1110.229736328125,1044.1845703125,3749.266357421875,358.51593017578125
2024-02-26,2287.735107421875,3378.272705078125,1529.89990234375,680.9506225585938,718.7361450195312,1469.6026611328125,1094.7462158203125,1037.1988525390625,3702.03125,356.5987854003906
2024-02-27,2288.734375,3413.611572265625,1533.0792236328125,679.9212646484375,710.1649780273438,1467.94775390625,1111.9556884765625,1043.1021728515625,3797.657470703125,358.29803466796875
2024-02-28,2304.197021484375,3378.3212890625,1540.1290283203125,674.7744750976562,703.2039794921875,1438.2803955078125,1113.1883544921875,1029.327880859375,3811.1201171875,355.8144226074219
2024-02-29,2295.39501953125,3385.47705078125,1542.5712890625,671.9019165039062,708.5076904296875,1443.393798828125,1107.86279296875,1035.231201171875,3789.052734375,354.0715026855469
2024-03-01,2292.921142578125,3537.2978515625,1524.8775634765625,684.9961547851562,728.443603515625,1474.345458984375,1113.13916015625,1069.37158203125,3788.358642578125,356.86016845703125
2024-03-04,2304.625244140625,3547.9580078125,1508.75048828125,685.9297485351562,731.1901245117188,1489.4384765625,1117.8729248046875,1074.733642578125,3775.728515625,356.5115661621094
2024-03-05,2283.548583984375,3516.951416015625,1480.459228515625,689.8316650390625,742.4603881835938,1482.32421875,1152.784912109375,1070.503173828125,3712.25537109375,353.9407653808594
2024-03-06,2284.45263671875,3545.767578125,1490.6422119140625,690.6695556640625,742.4130249023438,1485.0909423828125,1177.242919921875,1079.4071044921875,3760.5546875,355.4222717285156
2024-03-07,2302.293701171875,3579.597412109375,1489.6285400390625,692.3452758789062,746.3433227539062,1461.302734375,1183.1602783203125,1070.4046630859375,3801.543701171875,360.3895263671875
2024-03-11,2274.033447265625,3544.210205078125,1475.0220947265625,683.5838012695312,732.7528076171875,1449.12451171875,1180.1029052734375,1061.3037109375,3814.26611328125,356.77301025390625
2024-03-12,2262.900146484375,3525.761474609375,1486.403076171875,698.78466796875,719.4937744140625,1457.844482421875,1187.6475830078125,1059.483642578125,3878.9423828125,352.4593200683594
2024-03-13,2200.52685546875,3444.862060546875,1484.9747314453125,699.191650390625,707.7025756835938,1415.10986328125,1152.636962890625,1066.4691162109375,3838.92431640625,368.1454772949219
2024-03-14,2221.460693359375,3512.667724609375,1523.5875244140625,696.8216552734375,701.8307495117188,1414.4180908203125,1178.1304931640625,1066.124755859375,3893.144775390625,365.7054443359375
2024-03-15,2214.89501953125,3443.4990234375,1505.801513671875,695.481201171875,693.1650390625,1401.3260498046875,1203.180419921875,1062.92724609375,3903.92431640625,365.2261047363281
2024-03-18,2188.489990234375,3466.912109375,1476.9112548828125,692.3212890625,692.2653198242188,1422.32275390625,1208.4073486328125,1063.7635498046875,3842.1630859375,363.7882080078125
2024-03-19,2157.089111328125,3408.987548828125,1438.943603515625,693.9012451171875,685.4937133789062,1408.267333984375,1211.415283203125,1066.4691162109375,3680.05615234375,356.9037170410156
2024-03-20,2133.301025390625,3416.77587890625,1432.9534912109375,685.1398315429688,697.2847900390625,1426.5469970703125,1214.8177490234375,1067.0103759765625,3674.134521484375,362.26318359375
2024-03-21,2133.68115234375,3465.744140625,1432.72314453125,692.1776123046875,704.9087524414062,1433.685791015625,1203.969482421875,1064.3538818359375,3676.03173828125,367.0997314453125
2024-03-22,2147.193115234375,3522.013671875,1390.470458984375,690.7891845703125,707.1817626953125,1437.6876220703125,1219.058349609375,1072.716796875,3618.61865234375,373.5049133300781
2024-03-26,2131.445068359375,3572.928955078125,1375.54150390625,682.4347534179688,700.8837280273438,1424.3978271484375,1196.37548828125,1066.22314453125,3587.71533203125,372.6770324707031
2024-03-27,2131.159912109375,3608.26806640625,1367.431884765625,689.7598266601562,694.4909057617188,1475.061767578125,1207.914306640625,1066.2724609375,3553.850341796875,372.9820251464844
2024-03-28,2154.615234375,3664.245361328125,1380.5177001953125,693.20703125,712.53271484375,1468.1451416015625,1211.661865234375,1075.66845703125,3586.604736328125,373.2870178222656
2024-04-01,2175.12060546875,3736.383544921875,1378.12158203125,704.0271606445312,718.1678466796875,1467.0831298828125,1200.56689453125,1081.916015625,3624.03125,371.8491516113281
2024-04-02,2175.882080078125,3706.59375,1366.5103759765625,708.6472778320312,725.8391723632812,1469.232177734375,1191.5924072265625,1063.7635498046875,3593.5439453125,371.1084289550781
2024-04-03,2155.424072265625,3682.304443359375,1364.4830322265625,709.6766357421875,730.2430419921875,1454.0650634765625,1208.8017578125,1059.827880859375,3652.29833984375,370.5419921875
2024-04-04,2155.186279296875,3697.296630859375,1370.0582275390625,731.36474609375,719.1149291992188,1445.4935302734375,1190.211669921875,1061.451416015625,3704.11376953125,368.4068908691406
2024-04-05,2157.089111328125,3643.99609375,1363.0545654296875,741.8737182617188,724.2764892578125,1442.7021484375,1174.5802001953125,1065.9281005859375,3681.86083984375,372.58990478515625
2024-04-08,2158.991943359375,3707.031982421875,1360.8427734375,740.4613647460938,727.6386108398438,1468.268798828125,1188.09130859375,1069.6175537109375,3675.6611328125,373.9406127929688
2024-04-09,2154.424560546875,3685.030517578125,1377.56884765625,741.3949584960938,723.7555541992188,1446.2098388671875,1187.8447265625,1089.1966552734375,3651.604736328125,371.5441284179688
2024-04-10,2151.332275390625,3653.82861328125,1388.5814208984375,735.5540161132812,737.819580078125,1461.9449462890625,1212.4508056640625,1091.5087890625,3686.85693359375,380.7815551757813
2024-04-12,2124.118408203125,3581.836669921875,1368.2613525390625,727.223388671875,725.7444458007812,1449.6680908203125,1208.6539306640625,1086.58935546875,3702.355224609375,374.8121337890625
2024-04-15,2087.721923828125,3505.4638671875,1352.9637451171875,715.61328125,717.4102172851562,1447.3707275390625,1207.667724609375,1060.95947265625,3646.654296875,371.1519775390625
2024-04-16,2113.17578125,3449.632080078125,1303.476806640625,722.5794067382812,711.9171752929688,1448.2847900390625,1199.6793212890625,1049.841796875,3583.3662109375,371.1519775390625
2024-04-18,2107.466552734375,3456.93359375,1307.900146484375,715.61328125,705.38232421875,1446.876708984375,1248.2996826171875,1038.4288330078125,3573.373046875,365.00823974609375
2024-04-19,2123.452392578125,3425.19677734375,1300.52783203125,733.13623046875,710.7332763671875,1452.607666015625,1271.2291259765625,1050.03857421875,3540.2490234375,370.14984130859375
2024-04-22,2132.87255859375,3517.048583984375,1320.3409423828125,723.99169921875,725.5549926757812,1462.2166748046875,1279.6612548828125,1069.125732421875,3575.779052734375,370.629150390625
2024-04-23,2153.092529296875,3514.56591796875,1329.23388671875,721.7894287109375,732.08984375,1441.936279296875,1323.843505859375,1072.6676025390625,3585.124267578125,374.0278015136719
2024-04-24,2150.7138671875,3538.612060546875,1318.4979248046875,723.7523193359375,732.1845703125,1432.895263671875,1317.9755859375,1079.062744140625,3544.73681640625,373.7663879394531
2024-04-25,2122.73876953125,3555.600341796875,1325.59375,723.2975463867188,769.6887817382812,1442.57861328125,1320.243896484375,1095.78857421875,3564.3056640625,381.304443359375
2024-04-26,2114.935791015625,3509.747314453125,1318.037109375,722.8427124023438,758.89208984375,1435.2421875,1307.718994140625,1090.032958984375,3535.761474609375,383.4394836425781
2024-04-29,2118.21875,3538.076904296875,1322.1842041015625,732.2744750976562,782.7584228515625,1447.568359375,1314.080078125,1141.4403076171875,3580.960205078125,381.8708801269531
2024-04-30,2122.358154296875,3499.135986328125,1309.09814453125,727.7739868164062,782.5216674804688,1449.5198974609375,1304.070068359375,1131.8475341796875,3535.113037109375,379.6486511230469
2024-05-02,2118.409423828125,3504.1982421875,1303.476806640625,733.591064453125,786.1205444335938,1449.0753173828125,1286.0716552734375,1121.0740966796875,3574.57666015625,382.5680236816406
2024-05-03,2109.607421875,3407.137939453125,1305.1817626953125,727.5346069335938,787.4464721679688,1416.9129638671875,1259.7890625,1123.63232421875,3556.16357421875,380.3457946777344
2024-05-06,2146.860107421875,3371.6044921875,1314.028564453125,728.994873046875,765.048095703125,1402.610595703125,1265.706298828125,1127.813720703125,3628.010498046875,378.8643798828125
2024-05-07,2264.08935546875,3336.99560546875,1327.897705078125,721.09521484375,759.4603881835938,1384.775634765625,1268.41845703125,1113.6458740234375,3681.5830078125,383.7444763183594
2024-05-08,2227.597900390625,3394.531005859375,1315.318603515625,709.8441772460938,767.8893432617188,1401.6473388671875,1270.8345947265625,1104.8895263671875,3679.732421875,384.3109130859375
2024-05-09,2212.944580078125,3188.727783203125,1326.607666015625,693.0155029296875,776.4130249023438,1377.5130615234375,1257.8658447265625,1097.7071533203125,3664.234375,370.4548645019531
2024-05-10,2248.05615234375,3184.833740234375,1313.10693359375,697.820068359375,774.0926513671875,1390.6546630859375,1283.2115478515625,1099.035400390625,3602.8896484375,377.6443176269531
2024-05-13,2246.248291015625,3206.640869140625,1311.7706298828125,706.2400512695312,765.9951782226562,1385.9859619140625,1268.22119140625,1109.808837890625,3652.76123046875,376.337158203125
2024-05-14,2235.73388671875,3289.974365234375,1312.922607421875,709.0062866210938,774.897705078125,1403.154052734375,1266.593994140625,1102.47900390625,3609.643798828125,374.4635009765625
2024-05-15,2210.708251953125,3320.98095703125,1308.5452880859375,698.1111450195312,776.8865356445312,1399.399169921875,1291.8409423828125,1106.2176513671875,3590.3984375,372.8077392578125
2024-05-16,2229.596435546875,3368.975830078125,1339.32470703125,708.6665649414062,768.978515625,1408.3660888671875,1326.5557861328125,1112.8096923828125,3635.64599609375,375.9885559082031
2024-05-17,2207.901611328125,3359.38671875,1330.9849853515625,710.5350341796875,774.566162109375,1418.5927734375,1325.9146728515625,1112.2684326171875,3573.3427734375,380.2151184082031
2024-05-21,2198.718994140625,3349.845947265625,1321.6312255859375,707.9629516601562,786.6888427734375,1419.0128173828125,1325.766845703125,1102.8724365234375,3560.38818359375,378.907958984375
2024-05-22,2252.195556640625,3369.21923828125,1340.6611328125,708.1570434570312,788.422119140625,1443.2454833984375,1329.3170166015625,1093.1812744140625,3571.3857421875,383.3523559570313
2024-05-23,2267.039306640625,3490.47119140625,1356.8802490234375,724.3662109375,801.277587890625,1468.343017578125,1355.1065673828125,1116.2039794921875,3628.65625,384.615966796875
2024-05-24,2254.2412109375,3529.899169921875,1350.15283203125,736.3046875,797.9072265625,1462.6119384765625,1369.357421875,1113.695068359375,3587.695556640625,380.1279602050781
2024-05-27,2268.942138671875,3555.307861328125,1355.91259765625,741.4004516601562,802.818359375,1448.77880859375,1365.2645263671875,1111.579833984375,3585.412109375,376.0321350097656
2024-05-28,2279.83740234375,3561.343994140625,1351.9500732421875,742.75927734375,800.3628540039062,1438.8485107421875,1352.14794921875,1108.775634765625,3578.748291015625,373.8534851074219
2024-05-29,2258.38037109375,3538.5634765625,1337.1131591796875,731.9855346679688,792.1776733398438,1423.607421875,1358.114501953125,1084.2281494140625,3544.963623046875,375.5528259277344
2024-05-30,2237.4462890625,3538.466064453125,1315.456787109375,735.1642456054688,795.2590942382812,1407.8720703125,1358.1639404296875,1095.7393798828125,3482.0078125,369.3655090332031
2024-05-31,2216.1796875,3572.150390625,1322.459716796875,743.268798828125,799.5924072265625,1413.3560791015625,1353.8245849609375,1102.970947265625,3421.288330078125,371.6312561035156
2024-06-03,2241.72802734375,3793.96728515625,1321.5198974609375,762.9965209960938,872.1032104492188,1492.32861328125,1371.92138671875,1141.292724609375,3451.01904296875,375.0299682617188
2024-06-04,2375.32470703125,3313.095458984375,1310.0050048828125,719.780029296875,746.4852905273438,1380.625732421875,1281.7816162109375,1054.170654296875,3462.343017578125,368.496826171875
2024-06-05,2476.615478515625,3318.7421875,1344.267333984375,753.0962524414062,760.4962768554688,1403.821044921875,1325.81591796875,1090.7708740234375,3491.654052734375,381.8983154296875
2024-06-06,2426.041748046875,3390.3447265625,1383.8875732421875,756.9301147460938,786.6887817382812,1414.541748046875,1351.7041015625,1092.49267578125,3569.89453125,386.4246826171875
2024-06-07,2452.875,3438.97216796875,1441.555419921875,763.5545654296875,799.207275390625,1452.4346923828125,1405.6007080078125,1103.6103515625,3629.12255859375,389.7528076171875
2024-06-10,2441.028076171875,3449.92431640625,1409.7369384765625,757.7066650390625,800.9887084960938,1453.867431640625,1406.3897705078125,1105.676513671875,3596.269775390625,387.7559509277344
2024-06-11,2432.46435546875,3503.419189453125,1405.97705078125,759.4052734375,804.5997924804688,1439.31787109375,1407.5731201171875,1100.1668701171875,3590.11865234375,384.2946166992188
2024-06-12,2406.154296875,3534.182861328125,1396.0601806640625,763.9428100585938,808.0182495117188,1445.888671875,1418.5694580078125,1101.4951171875,3571.059326171875,383.67333984375
2024-06-13,2366.85546875,3605.590576171875,1404.2850341796875,767.1458740234375,812.6405639648438,1447.790771484375,1406.09375,1089.49169921875,3614.39697265625,381.8983154296875
2024-06-14,2382.56494140625,3590.160400390625,1399.5382080078125,774.9834594726562,808.1146240234375,1459.944091796875,1407.7210693359375,1087.8192138671875,3571.43212890625,382.6527099609375
2024-06-18,2388.81005859375,3591.523193359375,1408.2799072265625,780.2733764648438,813.603515625,1463.377685546875,1408.6578369140625,1104.7418212890625,3555.635009765625,380.5226745605469
2024-06-19,2360.70654296875,3494.901123046875,1420.640869140625,804.5628662109375,821.0181884765625,1441.2694091796875,1373.1541748046875,1125.993408203125,3543.146484375,375.9963073730469
2024-06-20,2384.9189453125,3526.7890625,1424.44775390625,810.143798828125,812.4960327148438,1456.139892578125,1362.108642578125,1138.144287109375,3529.67919921875,375.6856994628906
2024-06-21,2345.621826171875,3468.45849609375,1440.7093505859375,808.396728515625,805.322021484375,1436.872314453125,1396.527587890625,1139.9644775390625,3551.580810546875,372.4019165039063
2024-06-24,2346.486572265625,3465.122314453125,1435.4925537109375,811.6240234375,801.8554077148438,1424.2989501953125,1400.225830078125,1151.229736328125,3557.218994140625,375.6856994628906
2024-06-25,2336.87841796875,3520.264404296875,1449.4041748046875,830.5266723632812,811.0516357421875,1436.822998046875,1395.4427490234375,1178.630615234375,3577.396728515625,375.6856994628906
2024-06-26,2349.75341796875,3535.12939453125,1448.229248046875,825.7463989257812,814.0367431640625,1495.9844970703125,1439.3785400390625,1198.357421875,3593.613525390625,376.2626037597656
2024-06-27,2365.654541015625,3497.304931640625,1478.9195556640625,823.1500244140625,812.73681640625,1512.3126220703125,1455.453857421875,1200.2266845703125,3666.58837890625,377.7270202636719
2024-06-28,2376.127685546875,3481.655029296875,1472.7156982421875,817.156494140625,817.5034790039062,1546.747314453125,1424.1414794921875,1180.254150390625,3638.62890625,377.1057739257813
2024-07-01,2406.921630859375,3460.16748046875,1495.3223876953125,827.5420532226562,810.7627563476562,1541.5599365234375,1433.954345703125,1192.3065185546875,3707.64208984375,380.7889404296875
2024-07-02,2387.75341796875,3558.23583984375,1523.7568359375,839.8687744140625,795.5480346679688,1546.525146484375,1399.3875732421875,1171.399169921875,3744.17626953125,377.6382141113281
2024-07-03,2411.9658203125,3546.314697265625,1529.7255859375,858.334716796875,808.8368530273438,1533.927001953125,1400.275146484375,1182.2218017578125,3695.572998046875,380.1232604980469
2024-07-04,2398.1298828125,3506.03759765625,1551.580322265625,838.1945190429688,808.2108764648438,1535.5079345703125,1403.4310302734375,1213.115478515625,3747.485107421875,380.7889404296875
2024-07-05,2447.17919921875,3558.873779296875,1548.5721435546875,799.8311157226562,827.9033813476562,1569.6956787109375,1409.9893798828125,1213.509033203125,3738.95751953125,384.87152099609375
2024-07-08,2485.755615234375,3563.63232421875,1561.919921875,793.6434936523438,824.5330200195312,1581.824462890625,1415.3642578125,1215.1324462890625,3721.622314453125,393.7023010253906
2024-07-09,2488.637939453125,3597.0908203125,1557.6900634765625,794.2015380859375,829.3959350585938,1571.325927734375,1415.7586669921875,1228.1195068359375,3714.4462890625,401.6899719238281
2024-07-10,2508.142578125,3581.3427734375,1549.32421875,789.1544189453125,817.5515747070312,1565.3480224609375,1425.127685546875,1223.15087890625,3643.28857421875,400.6693420410156
2024-07-11,2506.60546875,3552.937744140625,1553.507080078125,787.1161499023438,824.9664306640625,1561.815673828125,1418.12548828125,1218.4775390625,3656.84912109375,407.0594177246094
2024-07-12,2519.480224609375,3580.656005859375,1609.0130615234375,787.5043334960938,827.855224609375,1577.6990966796875,1413.490478515625,1213.01708984375,3899.39990234375,407.4144287109375
2024-07-15,2517.6064453125,3582.863525390625,1604.59521484375,787.2131958007812,848.7033081054688,1578.193115234375,1417.7803955078125,1210.1146240234375,3885.65283203125,411.2751159667969
2024-07-16,2583.085693359375,3568.096923828125,1622.454833984375,786.07275390625,848.0773315429688,1557.4681396484375,1446.281982421875,1219.9041748046875,3894.2734375,413.1832580566406
2024-07-18,2631.078125,3587.376708984375,1652.5343017578125,783.6704711914062,860.451416015625,1567.7689208984375,1463.1956787109375,1230.1365966796875,4022.049560546875,417.3546142578125
2024-07-19,2620.124755859375,3550.386474609375,1685.3394775390625,780.03076171875,856.4069213867188,1536.61962890625,1441.5975341796875,1228.5130615234375,4019.1064453125,421.1708679199219
2024-07-22,2628.099609375,3582.71630859375,1702.1651611328125,797.1376953125,844.3218383789062,1482.7935791015625,1445.1971435546875,1221.1341552734375,4005.047607421875,414.07080078125
2024-07-23,2657.932861328125,3471.450927734375,1726.6517333984375,785.4176025390625,831.8997192382812,1470.1708984375,1445.4930419921875,1206.96630859375,4019.060302734375,436.8356018066406
2024-07-24,2610.564697265625,3453.200927734375,1723.878662109375,778.4534912109375,820.4404907226562,1477.8779296875,1435.1376953125,1203.2767333984375,4022.70361328125,438.47747802734375
2024-07-25,2601.1005859375,3551.0244140625,1715.324951171875,784.5440673828125,817.070068359375,1474.6171875,1429.1712646484375,1178.58154296875,4037.88330078125,434.8386840820313
2024-07-26,2604.800048828125,3610.630615234375,1766.1309814453125,785.2962646484375,830.50341796875,1491.044189453125,1493.5216064453125,1187.7314453125,4098.93017578125,445.7107849121094
2024-07-29,2605.328369140625,3703.8916015625,1758.799072265625,778.9387817382812,839.3143920898438,1501.9871826171875,1460.92724609375,1193.142822265625,4092.624755859375,440.2525329589844
2024-07-30,2585.919921875,3713.408935546875,1764.486083984375,784.0344848632812,840.469970703125,1495.1199951171875,1450.078857421875,1189.9451904296875,4077.912353515625,434.7943115234375
2024-07-31,2599.611572265625,3743.187744140625,1756.1199951171875,784.1314697265625,840.0848388671875,1487.4869384765625,1470.9866943359375,1195.307373046875,4096.59521484375,439.63128662109375
2024-08-01,2609.12353515625,3708.15966796875,1741.409423828125,795.3178100585938,830.696044921875,1497.244384765625,1484.744384765625,1190.584716796875,4107.5712890625,438.1668701171875
2024-08-02,2587.024658203125,3596.6982421875,1711.89404296875,805.1937255859375,816.4441528320312,1481.459716796875,1473.2056884765625,1177.2532958984375,4001.031494140625,434.0842895507813
2024-08-05,2609.459716796875,3461.590087890625,1646.7532958984375,784.1314697265625,781.5850830078125,1430.079345703125,1445.4930419921875,1153.689453125,3881.458984375,431.3329772949219
2024-08-06,2642.271484375,3508.8828125,1646.0013427734375,777.0703125,768.15185546875,1438.700439453125,1423.6484375,1148.0322265625,3896.545654296875,431.5992736816406
2024-08-07,2636.506591796875,3569.764892578125,1684.11767578125,787.892578125,778.6962890625,1447.3707275390625,1429.7969970703125,1153.5418701171875,3923.869384765625,437.2349548339844
2024-08-08,2626.081787109375,3486.6591796875,1638.5284423828125,797.21044921875,778.1184692382812,1431.8577880859375,1439.7637939453125,1145.8184814453125,3897.806640625,439.0987548828125
2024-08-09,2639.533447265625,3524.4345703125,1664.471923828125,800.8502197265625,793.7665405273438,1456.7330322265625,1451.961669921875,1152.70556640625,3950.30615234375,440.1194152832031
2024-08-12,2640.974365234375,3504.712890625,1689.5225830078125,805.65478515625,782.4998779296875,1443.2208251953125,1446.50732421875,1163.8199462890625,3919.3857421875,438.9656372070313
2024-08-13,2633.96044921875,3484.9423828125,1689.5693359375,778.0408935546875,768.0073852539062,1446.18505859375,1447.59814453125,1159.4039306640625,3920.600341796875,434.8830871582031
2024-08-14,2615.368896484375,3478.46630859375,1713.821044921875,780.2733764648438,773.2555541992188,1444.43115234375,1459.4986572265625,1152.7552490234375,4012.427001953125,436.8356018066406
2024-08-16,2640.5419921875,3501.1806640625,1747.378173828125,792.0662841796875,782.0184326171875,1460.5863037109375,1471.25048828125,1178.1591796875,4125.2734375,446.1101684570313
2024-08-19,2635.065185546875,3488.131103515625,1752.8773193359375,791.79931640625,783.5592041015625,1475.65625,1457.4658203125,1166.8961181640625,4194.35400390625,445.0451354980469
2024-08-20,2643.232177734375,3505.44873046875,1759.8330078125,794.7839965820312,789.9146728515625,1483.1416015625,1437.1357421875,1170.4189453125,4225.4609375,442.6931762695313
2024-08-21,2681.808349609375,3528.359375,1760.302978515625,789.0089111328125,785.3406372070312,1485.8433837890625,1451.317138671875,1165.8541259765625,4251.8046875,448.5508117675781
2024-08-22,2683.34619140625,3538.6123046875,1767.39990234375,791.6780395507812,789.9146728515625,1485.2979736328125,1474.0272216796875,1181.979736328125,4205.56396484375,447.7964172363281
2024-08-23,2705.252685546875,3530.81201171875,1750.33935546875,788.6448364257812,785.1480102539062,1487.1322021484375,1494.2581787109375,1194.2847900390625,4169.97265625,448.9058532714844
2024-08-26,2710.5849609375,3573.34619140625,1763.546142578125,795.8759155273438,784.859130859375,1499.6490478515625,1501.0018310546875,1204.009765625,4205.98486328125,448.8170776367188
2024-08-27,2658.4609375,3633.00146484375,1786.05859375,794.8082275390625,785.677734375,1487.6031494140625,1510.12548828125,1216.9598388671875,4201.03271484375,444.2907409667969
2024-08-28,2656.01123046875,3619.608642578125,1822.7177734375,794.4927978515625,779.41845703125,1485.4715576171875,1543.4468994140625,1214.47900390625,4209.34716796875,441.3619079589844
2024-08-29,2676.091796875,3614.114013671875,1817.3128662109373,795.1964721679688,784.3295288085938,1507.90283203125,1552.9178466796875,1212.5439453125,4214.71875,448.2845458984375
2024-08-30,2669.126220703125,3634.9150390625,1827.0416259765625,794.395751953125,785.3887939453125,1496.6995849609375,1575.8758544921875,1219.7879638671875,4253.90625,445.4445190429688
2024-09-02,2679.7431640625,3613.770751953125,1846.5933837890625,789.5668334960938,791.6961669921875,1503.267822265625,1558.322509765625,1220.5322265625,4223.359375,452.677734375
2024-09-03,2684.787109375,3620.687744140625,1824.7386474609373,794.6141357421875,794.2479858398438,1496.203857421875,1547.6617431640625,1238.1463623046875,4215.232421875,452.100830078125
2024-09-04,2729.897216796875,3582.07861328125,1807.0670166015625,796.773681640625,786.2554321289062,1501.5823974609375,1548.950927734375,1226.88330078125,4184.3125,449.3939514160156
2024-09-05,2727.206787109375,3555.93017578125,1817.1248779296875,798.5450439453125,788.422119140625,1480.192138671875,1534.372802734375,1226.486328125,4181.22900390625,453.6983947753906
2024-09-06,2727.687255859375,3507.460205078125,1787.7034912109375,794.419921875,753.514892578125,1452.2830810546875,1526.48876953125,1198.899169921875,4163.29345703125,445.2669982910156
2024-09-09,2807.290283203125,3510.943359375,1780.9356689453125,799.0546264648438,755.2000732421875,1449.9283447265625,1529.860595703125,1225.5435791015625,4156.5673828125,454.1865234375
2024-09-10,2784.99951171875,3528.457275390625,1797.5263671875,800.9230346679688,753.6593017578125,1449.0113525390625,1564.7686767578125,1227.8260498046875,4211.02880859375,455.8284606933594
2024-09-11,2790.331787109375,3470.37158203125,1795.50537109375,797.7928466796875,740.1296997070312,1439.0721435546875,1564.7191162109375,1226.88330078125,4184.40576171875,456.49407958984375
2024-09-12,2840.534423828125,3553.82080078125,1833.38671875,808.8092651367188,758.5704345703125,1467.1298828125,1633.097412109375,1242.5623779296875,4220.23046875,461.0647888183594
2024-09-13,2818.00341796875,3544.989990234375,1827.417724609375,808.4938354492188,761.5555419921875,1460.016357421875,1620.8994140625,1240.7760009765625,4224.80712890625,456.0503234863281
2024-09-16,2754.734130859375,3593.31298828125,1833.1986083984373,810.9202880859375,756.451904296875,1458.752197265625,1621.89111328125,1253.1802978515625,4216.07275390625,453.6096496582031
2024-09-17,2760.883056640625,3625.642822265625,1835.360595703125,809.876953125,753.9000854492188,1459.6942138671875,1647.97314453125,1258.39013671875,4208.97314453125,450.636474609375
2024-09-18,2763.141357421875,3660.229248046875,1778.585693359375,822.494873046875,763.3851928710938,1450.919921875,1641.179931640625,1278.485107421875,4059.9755859375,450.2814636230469
2024-09-19,2797.63427734375,3614.359375,1780.5125732421875,829.1435546875,760.6889038085938,1457.0916748046875,1651.04736328125,1282.107177734375,4013.26806640625,451.0802001953125
2024-09-20,2860.903564453125,3722.48486328125,1791.3695068359375,845.0130004882812,752.7445068359375,1473.2025146484375,1697.55859375,1328.201416015625,4002.75830078125,456.5384521484375
2024-09-23,2909.85693359375,3716.401611328125,1782.6275634765625,854.0397338867188,772.1480712890625,1480.5887451171875,1735.937744140625,1311.7781982421875,3987.438720703125,458.8016357421875
2024-09-24,2834.91357421875,3720.228271484375,1784.6484375,858.04345703125,768.6814575195312,1476.6229248046875,1742.0863037109375,1308.50341796875,3990.0537109375,457.2928771972656
2024-09-25,2833.376220703125,3722.43603515625,1781.5467529296875,863.406005859375,763.7222290039062,1481.15869140625,1745.8052978515625,1313.7132568359375,3993.27734375,459.3341369628906
2024-09-26,2869.070556640625,3691.332275390625,1786.1993408203125,865.5171508789062,772.1480712890625,1485.12451171875,1756.41650390625,1318.87353515625,4009.858642578125,463.9492492675781
2024-09-27,2849.998291015625,3635.89599609375,1792.3094482421875,850.5697631835938,772.91845703125,1513.10791015625,1720.2191162109375,1296.5953369140625,4024.9921875,463.9048156738281
2024-09-30,2842.360107421875,3606.36279296875,1763.029052734375,840.572509765625,758.71484375,1463.9324951171875,1695.3768310546875,1263.252685546875,3987.438720703125,459.8666687011719
2024-10-01,2809.1640625,3584.727783203125,1790.053466796875,837.7333984375,767.4296264648438,1452.2830810546875,1684.61669921875,1264.6419677734375,4005.561279296875,458.1360168457031
2024-10-03,2779.955322265625,3431.811279296875,1779.7607421875,816.282958984375,764.6851806640625,1394.928466796875,1659.5760498046875,1246.7301025390625,3954.042724609375,455.0740661621094
2024-10-04,2737.103271484375,3428.180908203125,1803.025146484375,804.4658203125,767.1407470703125,1374.653564453125,1627.2960205078125,1230.2572021484375,3972.2587890625,446.9089050292969
2024-10-07,2722.35498046875,3403.06298828125,1818.2059326171875,785.1264038085938,742.1038208007812,1358.9888916015625,1648.2706298828125,1224.4520263671875,3991.5029296875,452.8109130859375
2024-10-08,2708.327392578125,3465.9072265625,1831.6007080078125,801.2628173828125,752.5037841796875,1385.3858642578125,1643.708740234375,1227.13134765625,3973.1923828125,450.81396484375
2024-10-09,2660.430908203125,3421.4599609375,1835.5484619140625,792.5758056640625,767.8629760742188,1362.8306884765625,1664.1875,1234.62353515625,3972.913330078125,436.3918151855469
2024-10-10,2646.7392578125,3395.213623046875,1803.8240966796875,806.7709350585938,767.5740356445312,1359.31103515625,1664.1875,1233.978515625,3949.045166015625,436.7024841308594
2024-10-11,2674.1220703125,3416.995849609375,1818.9578857421875,801.238525390625,770.1259155273438,1360.35205078125,1673.4105224609375,1213.635498046875,3875.994384765625,433.2855224609375
2024-10-14,2679.791015625,3488.131103515625,1841.3294677734373,819.2433471679688,775.3258666992188,1360.7734375,1681.54248046875,1222.3184814453125,3864.2705078125,441.0513000488281
2024-10-15,2672.44091796875,3485.040283203125,1841.7054443359373,817.3021240234375,774.8444213867188,1332.5174560546875,1703.012939453125,1245.8865966796875,3845.727294921875,442.4712829589844
2024-10-16,2672.248779296875,3466.103515625,1804.858154296875,824.9214477539062,775.61474609375,1342.4813232421875,1719.574462890625,1233.6312255859375,3825.31640625,437.72308349609375
2024-10-17,2631.31787109375,3503.093994140625,1849.9771728515625,811.988037109375,781.0072631835938,1344.811279296875,1687.0465087890625,1221.8223876953125,3838.441162109375,433.9067687988281
2024-10-18,2610.613037109375,3510.452880859375,1766.7889404296875,816.210205078125,790.010986328125,1347.66162109375,1693.69091796875,1254.8177490234375,3860.962158203125,431.9542541503906
2024-10-21,2587.98583984375,3518.10595703125,1741.5504150390625,838.9466552734375,783.7999267578125,1357.476806640625,1678.517822265625,1249.4095458984375,3820.50830078125,429.2473449707031
2024-10-22,2576.60009765625,3445.793212890625,1740.4693603515625,832.0796508789062,761.1222534179688,1331.8482666015625,1678.22021484375,1257.7947998046875,3760.2490234375,427.60540771484375
2024-10-23,2555.078369140625,3390.356689453125,1760.9610595703125,842.3924560546875,756.8851928710938,1327.0645751953125,1671.82373046875,1242.0164794921875,3807.773193359375,426.3185424804688
2024-10-24,2406.921630859375,3377.8466796875,1751.51416015625,849.1138305664062,765.1185302734375,1328.3287353515625,1664.53466796875,1243.15771484375,3790.589111328125,418.6414794921875
2024-10-25,2428.971923828125,3263.784912109375,1750.292236328125,846.0806884765625,752.0222778320312,1316.4808349609375,1652.1878662109375,1245.8370361328125,3799.626220703125,428.0491638183594
2024-10-28,2474.8505859375,3277.9140625,1753.394287109375,841.6158447265625,762.7111206054688,1322.9251708984375,1649.559814453125,1282.95068359375,3830.809326171875,429.6910400390625
2024-10-29,2447.8037109375,3317.259033203125,1748.59326171875,850.1815185546875,801.8554077148438,1328.52685546875,1623.5274658203125,1321.6519775390625,3816.20068359375,433.0636291503906
2024-10-30,2454.81787109375,3344.192626953125,1713.2276611328125,841.8099365234375,791.9850463867188,1332.3935546875,1619.80859375,1302.1029052734375,3825.003173828125,436.2586975097656
2024-10-31,2429.1640625,3554.114990234375,1670.589599609375,842.3438720703125,789.8184204101562,1320.64501953125,1599.2305908203125,1282.355224609375,3716.189697265625,433.8180541992188
2024-11-01,2438.0517578125,3558.0888671875,1674.011962890625,843.1203002929688,790.7813720703125,1327.1884765625,1603.048583984375,1281.90869140625,3730.9384765625,435.1493225097656
2024-11-04,2425.849365234375,3507.16552734375,1676.674072265625,831.8612060546875,799.1109619140625,1291.0009765625,1578.0576171875,1267.42041015625,3712.1630859375,430.0904541015625
2024-11-05,2422.53466796875,3507.50927734375,1667.68994140625,853.0933227539062,817.7442016601562,1294.1240234375,1565.314208984375,1286.7711181640625,3718.905517578125,426.1853942871094
2024-11-06,2430.650634765625,3576.8291015625,1733.762451171875,851.83154296875,823.13671875,1314.002197265625,1585.5450439453125,1292.3779296875,3876.507080078125,426.984130859375
2024-11-07,2406.156494140625,3577.90869140625,1714.1309814453125,847.6094360351562,827.7589111328125,1294.470947265625,1562.7357177734375,1268.908935546875,3887.042236328125,424.1440734863281
2024-11-08,2437.45458984375,3591.39990234375,1739.704345703125,851.4432373046875,811.9182739257812,1272.758544921875,1556.8846435546875,1249.2109375,3883.389892578125,424.2772216796875
2024-11-11,2421.27099609375,3560.5419921875,1768.367431640625,857.1942138671875,816.2516479492188,1261.802978515625,1547.6121826171875,1259.5810546875,3931.8037109375,423.3009338378906
2024-11-12,2392.548583984375,3523.747802734375,1776.638427734375,833.8510131835938,796.0775756835938,1263.33984375,1542.7528076171875,1260.8709716796875,3930.5859375,419.6621398925781
2024-11-13,2395.902099609375,3481.16455078125,1776.2581787109375,815.9674682617188,778.6962890625,1241.3299560546875,1537.5958251953125,1244.100341796875,3886.527099609375,419.0852661132813
2024-11-14,2322.27392578125,3459.873291015625,1772.5980224609375,821.5,774.459228515625,1256.746826171875,1537.6453857421875,1247.325439453125,3882.35986328125,413.5382995605469
2024-11-18,2355.030029296875,3475.4736328125,1722.1165771484375,827.4934692382812,784.136962890625,1249.9554443359375,1524.25732421875,1243.852294921875,3763.994873046875,414.07080078125
2024-11-19,2342.83154296875,3439.906005859375,1734.7607421875,845.5225830078125,773.2555541992188,1231.0189208984375,1512.8526611328125,1239.53564453125,3782.77001953125,414.7808227539063
2024-11-21,2316.05322265625,3417.927978515625,1743.6021728515625,845.0130004882812,751.8296508789062,1212.528564453125,1512.505615234375,1240.974609375,3813.95361328125,405.7281188964844
2024-11-22,2376.754150390625,3535.6689453125,1808.4388427734373,847.1483154296875,785.8220825195312,1254.565673828125,1556.2896728515625,1268.2640380859375,3974.7861328125,421.2596740722656
2024-11-25,2402.219970703125,3682.35498046875,1796.507568359375,866.560546875,813.1701049804688,1275.9805908203125,1565.6612548828125,1290.9886474609375,4040.8046875,423.1678466796875
2024-11-26,2409.7529296875,3632.903564453125,1829.2587890625,866.5363159179688,808.3071899414062,1284.6060791015625,1564.1737060546875,1294.9580078125,4076.01416015625,423.3453369140625
2024-11-27,2417.237060546875,3629.076904296875,1829.591552734375,879.5181884765625,803.2034912109375,1282.1275634765625,1564.5704345703125,1290.740478515625,4057.145263671875,423.3009338378906
2024-11-28,2393.22900390625,3597.041748046875,1765.087646484375,870.224609375,807.7775268554688,1259.91943359375,1547.46337890625,1276.5003662109375,3975.067138671875,421.4815673828125
2024-11-29,2426.22802734375,3654.685791015625,1766.2283935546875,871.6320190429688,807.8739013671875,1281.1361083984375,1613.6600341796875,1290.1451416015625,3999.367919921875,423.12347412109375
2024-12-02,2409.704345703125,3634.326171875,1787.095947265625,875.8298950195312,805.4183959960938,1297.9410400390625,1629.9735107421875,1294.6602783203125,4004.798583984375,423.5228271484375
2024-12-03,2413.30078125,3715.763916015625,1798.789306640625,886.3124389648438,822.3182373046875,1311.969970703125,1607.11474609375,1298.381591796875,4029.239990234375,419.3959045410156
2024-12-04,2395.464599609375,3718.56005859375,1796.0799560546875,902.7157592773438,827.855224609375,1297.74267578125,1570.966796875,1305.9730224609375,4077.60595703125,414.5589294433594
2024-12-05,2424.7216796875,3759.42626953125,1839.4310302734373,905.457763671875,833.3922729492188,1310.7305908203125,1601.957763671875,1326.2664794921875,4180.2861328125,414.9139404296875
2024-12-06,2414.22412109375,3793.914306640625,1827.5950927734373,900.6531982421875,831.6589965820312,1300.320556640625,1584.6029052734375,1318.5758056640625,4162.91552734375,418.15338134765625
2024-12-09,2333.50048828125,3872.99755859375,1828.783447265625,907.5203247070312,826.266357421875,1284.0609130859375,1589.263916015625,1312.1751708984375,4169.142578125,412.6507568359375
2024-12-10,2330.196044921875,3849.302001953125,1852.45556640625,906.5982055664062,835.3663330078125,1273.8489990234375,1565.5621337890625,1320.2626953125,4150.7880859375,413.0945434570313
2024-12-11,2334.083740234375,3843.0224609375,1876.79296875,904.1716918945312,829.684814453125,1267.2559814453125,1572.85107421875,1317.3353271484375,4146.01318359375,412.9170227050781
2024-12-12,2279.263427734375,3787.242431640625,1889.00927734375,902.3032836914062,822.0775146484375,1252.0870361328125,1597.1976318359375,1319.0718994140625,4171.76513671875,408.79010009765625
2024-12-13,2323.149169921875,3813.83251953125,1901.0830078125,908.3695678710938,829.63671875,1261.9517822265625,1667.8072509765625,1334.6021728515625,4189.509765625,417.1327209472656
2024-12-16,2299.86962890625,3804.854736328125,1882.402099609375,905.1907958984376,829.0589599609375,1257.4407958984375,1648.7664794921875,1335.7928466796875,4134.5419921875,417.2214660644531
2024-12-17,2297.05078125,3735.534423828125,1879.1220703125,889.6853637695312,819.044189453125,1234.6378173828125,1601.908203125,1323.5374755859375,4053.352783203125,416.7333679199219
2024-12-18,2293.114501953125,3687.407958984375,1881.54638671875,878.7417602539062,807.103515625,1242.5196533203125,1588.619384765625,1304.087646484375,4071.472900390625,417.5765075683594
2024-12-19,2293.74609375,3646.394775390625,1850.2213134765625,870.3944702148438,801.95166015625,1219.914794921875,1587.0325927734375,1277.0462646484375,4000.350830078125,414.07080078125
2024-12-20,2268.52294921875,3561.523193359375,1827.3575439453125,859.7177734375,781.922119140625,1194.9803466796875,1565.0166015625,1278.5347900390625,3905.208251953125,412.384521484375
2024-12-23,2273.3828125,3571.97265625,1829.4013671875,874.0342407226562,790.7332763671875,1211.834716796875,1573.74365234375,1286.8704833984375,3893.97119140625,420.9046936035156
2024-12-24,2270.126953125,3571.236572265625,1814.9034423828125,872.6268920898438,781.9702758789062,1212.2808837890625,1570.7685546875,1287.3170166015625,3913.823974609375,424.6322326660156
2024-12-26,2267.4052734375,3561.1796875,1813.3348388671875,869.0598754882812,782.35546875,1206.1339111328125,1586.2392578125,1287.4161376953125,3904.0849609375,423.3009338378906
2024-12-27,2275.667236328125,3540.1826171875,1822.2237548828125,872.69970703125,770.0296630859375,1210.595458984375,1586.5863037109375,1297.5382080078125,3900.105224609375,424.765380859375
2024-12-30,2277.85400390625,3511.5810546875,1812.00390625,862.82373046875,759.1000366210938,1200.3338623046875,1573.74365234375,1284.7369384765625,3894.439453125,423.3453369140625
2024-12-31,2261.670654296875,3539.74072265625,1787.2860107421875,860.3728637695312,765.5037231445312,1205.043212890625,1574.586669921875,1271.83642578125,3834.50830078125,429.2473449707031
2025-01-01,2257.0537109375,3598.46435546875,1789.6627197265625,865.1774291992188,763.8185424804688,1210.7935791015625,1582.470703125,1273.8211669921875,3851.03662109375,429.51361083984375
2025-01-02,2303.61181640625,3643.598388671875,1861.296875,870.5158081054688,771.522216796875,1231.167724609375,1596.3546142578125,1280.7178955078125,3910.3125,434.0399169921875
2025-01-03,2338.84619140625,3591.007080078125,1843.1387939453125,848.8953857421875,764.0111694335938,1240.4376220703125,1585.5946044921875,1255.363525390625,3839.28369140625,427.4279174804688
2025-01-06,2309.63818359375,3535.37451171875,1842.283203125,830.1141357421875,747.6408081054688,1207.571533203125,1575.28076171875,1254.4207763671875,3834.6953125,407.9893493652344
2025-01-07,2323.829345703125,3574.719970703125,1835.6282958984373,831.521484375,749.9037475585938,1230.2257080078125,1577.660888671875,1269.454833984375,3772.2353515625,406.5607604980469
2025-01-08,2333.74365234375,3528.65380859375,1837.81494140625,822.2522583007812,742.5853271484375,1254.664794921875,1585.941650390625,1254.073486328125,3847.24365234375,414.3490295410156
2025-01-09,2367.179931640625,3461.491943359375,1822.7467041015625,809.3916625976562,732.2816162109375,1244.0068359375,1593.7266845703125,1252.73388671875,3782.114990234375,414.8559875488281
2025-01-10,2373.6435546875,3469.586669921875,1869.9478759765625,804.0289916992188,715.71875,1231.266845703125,1602.5032958984375,1240.2799072265625,3994.497802734375,410.0631408691406
2025-01-13,2382.343017578125,3399.089111328125,1865.4322509765625,791.4596557617188,702.4780883789062,1229.234375,1583.958251953125,1220.3338623046875,4018.330322265625,404.6712036132813
2025-01-14,2301.619384765625,3397.42138671875,1844.374755859375,799.1031494140625,720.437255859375,1228.143798828125,1586.834228515625,1230.8031005859375,3963.9697265625,402.4130554199219
2025-01-15,2306.52783203125,3435.49072265625,1853.501220703125,797.38037109375,725.7816772460938,1241.478515625,1594.123291015625,1228.7686767578125,3979.468017578125,403.1043395996094
2025-01-16,2279.31201171875,3441.868408203125,1833.3466796875,801.7481689453125,737.9149169921875,1255.6065673828125,1616.6846923828125,1239.53564453125,3938.920166015625,398.9566955566406
2025-01-17,2288.06005859375,3501.474853515625,1725.9193115234375,794.3229370117188,735.79638671875,1291.19921875,1614.007080078125,1216.066650390625,3933.197998046875,405.731201171875
2025-01-20,2279.506591796875,3525.366455078125,1723.87548828125,801.35986328125,750.38525390625,1294.272705078125,1627.5439453125,1223.50927734375,3888.85302734375,403.4269409179688
2025-01-21,2274.938232421875,3474.44384765625,1711.896728515625,797.06494140625,730.9334716796875,1262.7945556640625,1612.6683349609375,1186.9910888671875,3848.846923828125,403.2886657714844
2025-01-22,2277.3193359375,3451.974609375,1764.8974609375,808.5423583984375,725.5409545898438,1266.16552734375,1618.2218017578125,1191.258056640625,3964.002197265625,402.78173828125
2025-01-23,2256.66455078125,3437.305908203125,1773.45361328125,807.9843139648438,718.2706298828125,1252.8306884765625,1622.4366455078125,1192.5482177734375,3953.36865234375,405.731201171875
2025-01-24,2301.764892578125,3393.10400390625,1782.96044921875,800.6561889648438,716.58544921875,1235.6292724609375,1631.1636962890625,1199.941162109375,3959.948486328125,407.02154541015625
2025-01-27,2325.82177734375,3392.564208984375,1732.1463623046875,790.9500732421875,721.4483642578125,1218.82421875,1589.3134765625,1218.547607421875,3876.7890625,405.6390075683594
2025-01-28,2321.93408203125,3349.637939453125,1739.5142822265625,810.6534423828125,724.5298461914062,1223.8310546875,1604.932861328125,1237.3525390625,3853.090576171875,401.3531188964844
2025-01-29,2317.171142578125,3384.763916015625,1788.474365234375,814.0020141601562,730.355712890625,1224.921630859375,1587.1812744140625,1242.066162109375,3909.833740234375,399.4175720214844
2025-01-30,2341.2763671875,3356.55517578125,1768.224853515625,820.8933715820312,734.3519897460938,1242.3214111328125,1627.147216796875,1245.98583984375,3910.07177734375,402.0444030761719
2025-01-31,2399.644287109375,3500.248291015625,1787.095947265625,824.4118041992188,744.2705078125,1254.2681884765625,1612.8170166015625,1243.2073974609375,3921.849609375,412.4595947265625
2025-02-01,2435.850830078125,3382.60546875,1760.0489501953125,820.62646484375,737.6260375976562,1253.7724609375,1609.7923583984375,1245.936279296875,3884.418212890625,426.33111572265625
2025-02-03,2373.546142578125,3227.28515625,1771.40966796875,814.3417358398438,732.7631225585938,1235.232666015625,1638.6510009765625,1243.40576171875,3880.126953125,418.7732238769531
2025-02-04,2369.755859375,3374.41259765625,1805.158935546875,835.161376953125,750.3370971679688,1274.196044921875,1647.675537109375,1258.4893798828125,3916.74755859375,419.5105590820313
2025-02-05,2324.072265625,3319.515869140625,1803.4952392578125,843.363037109375,737.6741943359375,1267.2559814453125,1646.683837890625,1257.9931640625,3901.53662109375,413.05865478515625
2025-02-06,2306.236083984375,3289.638916015625,1821.1781005859373,846.299072265625,724.3853759765625,1270.577392578125,1606.3212890625,1262.6572265625,3893.57373046875,406.5607604980469
2025-02-07,2297.63427734375,3274.087158203125,1809.769775390625,840.9122314453125,709.8928833007812,1255.8544921875,1662.8487548828125,1247.2760009765625,3842.695556640625,397.1133117675781
2025-02-10,2295.30126953125,3265.992431640625,1787.5712890625,832.6619262695312,709.5076904296875,1242.916259765625,1679.013671875,1252.9322509765625,3849.895751953125,393.7491455078125
2025-02-11,2250.395263671875,3178.66796875,1783.1507568359375,825.6978759765625,704.0187377929688,1224.2772216796875,1682.6829833984375,1243.15771484375,3779.89697265625,385.5459899902344
2025-02-12,2267.162109375,3227.7265625,1771.26708984375,828.3184814453125,705.992919921875,1206.1339111328125,1697.3603515625,1242.2149658203125,3767.117919921875,383.7671508789063
2025-02-13,2256.470458984375,3202.21630859375,1752.3485107421875,823.9022216796875,700.6965942382812,1205.6876220703125,1700.3848876953125,1239.337158203125,3728.971435546875,383.5799255371094
2025-02-14,2253.40869140625,3176.70556640625,1764.849853515625,822.5191040039062,695.400390625,1206.827880859375,1702.814697265625,1250.451416015625,3752.52685546875,384.0948181152344
2025-02-17,2264.14892578125,3161.203125,1751.4453125,833.4384765625,700.7447509765625,1214.4124755859375,1661.65869140625,1241.5699462890625,3723.5830078125,382.550048828125
2025-02-18,2231.684814453125,3159.534912109375,1760.619384765625,836.2047119140625,698.9151000976562,1214.908203125,1655.0638427734375,1233.531982421875,3693.733154296875,379.4136352539063
2025-02-19,2187.362060546875,3214.235595703125,1721.498779296875,838.21875,700.3595581054688,1216.9404296875,1631.560302734375,1251.9896240234375,3608.76220703125,380.4902648925781
2025-02-20,2185.077880859375,3214.1376953125,1735.14111328125,818.7579956054688,702.6707153320312,1222.4429931640625,1629.8743896484375,1240.379150390625,3604.279541015625,376.4176025390625
2025-02-21,2178.85693359375,3252.69775390625,1725.49169921875,821.378662109375,695.255859375,1217.634521484375,1625.65966796875,1223.50927734375,3610.57373046875,375.3409423828125
2025-02-24,2178.662841796875,3196.378173828125,1677.1016845703125,813.9049072265625,689.8633422851562,1204.151123046875,1588.0242919921875,1209.0211181640625,3505.289306640625,376.2771911621094
2025-02-25,2196.0126953125,3165.176513671875,1680.524169921875,816.4528198242188,684.5670776367188,1193.69140625,1627.7918701171875,1214.7767333984375,3461.373046875,379.03912353515625
2025-02-27,2182.064697265625,3149.08544921875,1677.2918701171875,825.3582153320312,677.8263549804688,1196.7647705078125,1636.71728515625,1213.0897216796875,3445.160888671875,375.9962768554688
2025-02-28,2128.896728515625,3104.294921875,1604.469482421875,840.7423706054688,663.28564453125,1189.82470703125,1557.18212890625,1194.8802490234375,3321.851806640625,369.8170776367188
2025-03-03,2115.87255859375,3137.115234375,1624.3387451171875,825.7706909179688,669.544921875,1161.2216796875,1582.5699462890625,1196.964111328125,3331.197998046875,372.1109313964844
2025-03-04,2096.918701171875,3152.51953125,1605.0399169921875,829.8715209960938,689.5262451171875,1151.9517822265625,1562.2894287109375,1201.1319580078125,3368.390869140625,369.6766357421875
2025-03-05,2109.6513671875,3178.66796875,1627.0958251953125,820.1654052734375,703.2965698242188,1165.534423828125,1604.833740234375,1206.391357421875,3382.69580078125,379.226318359375
2025-03-06,2156.79296875,3198.53662109375,1631.231201171875,820.7477416992188,704.93359375,1199.2432861328125,1613.412109375,1208.7235107421875,3434.71826171875,379.8349304199219
2025-03-07,2142.796630859375,3183.622802734375,1602.853271484375,819.8013916015625,705.6077270507812,1239.0992431640625,1617.1805419921875,1205.250244140625,3443.873291015625,378.1496887207031
2025-03-10,2184.7861328125,3117.884033203125,1617.5413818359375,818.9521484375,701.9003295898438,1227.796875,1617.428466796875,1205.5478515625,3423.321533203125,379.1795349121094
2025-03-11,2154.84912109375,3135.300048828125,1579.6566162109375,817.9815673828125,702.8150634765625,1236.62060546875,1649.1630859375,1235.864013671875,3409.63671875,380.3030395507813
2025-03-12,2131.47265625,3133.53369140625,1512.3958740234375,830.4295654296875,696.2670288085938,1246.2872314453125,1629.229736328125,1234.425048828125,3343.738525390625,386.1077880859375
2025-03-13,2113.8798828125,3127.303466796875,1501.9381103515625,828.2214965820312,700.88916015625,1237.2154541015625,1618.965576171875,1240.4783935546875,3348.363525390625,385.7800598144531
2025-03-17,2110.42919921875,3113.7138671875,1511.63525390625,830.0656127929688,696.3633422851562,1228.242919921875,1625.560546875,1259.2833251953125,3335.632080078125,381.9414978027344
2025-03-18,2110.42919921875,3113.7138671875,1511.63525390625,830.0656127929688,696.3633422851562,1228.242919921875,1625.560546875,1259.2833251953125,3335.632080078125,383.0181579589844
2025-03-19,2138.422607421875,3257.06396484375,1508.307861328125,846.42041015625,717.5001831054688,1236.471923828125,1623.5770263671875,1303.0455322265625,3335.060302734375,377.3538513183594
2025-03-20,2179.586181640625,3287.97119140625,1535.877685546875,858.3831787109375,721.7853393554688,1258.283447265625,1691.1124267578125,1311.5797119140625,3398.04931640625,378.1965026855469
2025-03-21,2183.27978515625,3351.649169921875,1514.011962890625,859.15966796875,725.3001708984375,1265.421875,1711.4921875,1332.81591796875,3412.306884765625,379.6944885253906
2025-03-24,2192.99951171875,3416.308837890625,1514.2021484375,873.5489501953125,751.8778076171875,1290.951416015625,1704.5501708984375,1347.750732421875,3460.800537109375,384.7033996582031
2025-03-25,2207.6767578125,3404.28955078125,1548.1414794921875,883.958740234375,744.2222900390625,1274.4439697265625,1716.153076171875,1333.4112548828125,3488.266357421875,383.6734924316406
2025-03-26,2183.03662109375,3379.956298828125,1520.571533203125,876.7277221679688,735.7001342773438,1262.150146484375,1724.136474609375,1325.6710205078125,3467.33349609375,381.3797302246094
2025-03-27,2181.773193359375,3435.687255859375,1524.469482421875,885.8514404296875,743.6926879882812,1267.2559814453125,1710.401123046875,1326.415283203125,3482.019775390625,383.3458557128906
2025-03-28,2195.5751953125,3426.562255859375,1493.1920166015625,887.2345581054688,742.92236328125,1264.1824951171875,1719.0291748046875,1338.025634765625,3439.056640625,383.626708984375
2025-04-01,2171.27587890625,3372.10693359375,1451.21923828125,857.9464111328125,743.1149291992188,1241.8751220703125,1709.8558349609375,1308.3546142578125,3386.27197265625,380.724365234375
2025-04-02,2175.2119140625,3355.52490234375,1473.7030029296875,872.0444946289062,747.20751953125,1240.4376220703125,1740.0533447265625,1321.056640625,3379.7392578125,382.9713134765625
2025-04-03,2181.676025390625,3355.77001953125,1422.69873046875,871.0496215820312,750.3370971679688,1238.008544921875,1731.524658203125,1319.3697509765625,3245.463134765625,383.2990112304688
2025-04-04,2181.676025390625,3198.781982421875,1380.0606689453125,881.9447631835938,739.0223999023438,1194.38525390625,1728.9957275390625,1325.07568359375,3146.5205078125,383.5799255371094
2025-04-07,2186.389892578125,3010.739501953125,1327.8680419921875,853.0205078125,719.2335815429688,1155.71923828125,1672.666748046875,1277.6912841796875,3122.345458984375,380.1625671386719
2025-04-08,2225.123779296875,3101.5966796875,1358.3375244140625,858.5773315429688,740.1296997070312,1172.0780029296875,1706.1368408203125,1289.9466552734375,3140.36962890625,386.2481994628906
2025-04-09,2284.172119140625,2996.65966796875,1334.47509765625,856.5632934570312,714.7076416015625,1175.2010498046875,1701.3271484375,1290.83984375,3096.167236328125,389.7591247558594
2025-04-11,2299.86962890625,3057.29638671875,1339.941650390625,876.8247680664062,725.9260864257812,1208.5133056640625,1742.0367431640625,1301.606689453125,3081.766845703125,394.6743774414063
2025-04-15,2295.35009765625,3196.280029296875,1355.675537109375,905.0452270507812,735.2186279296875,1229.4822998046875,1783.886962890625,1339.8614501953125,3097.693115234375,393.59771728515625
2025-04-16,2300.30712890625,3166.94287109375,1343.41162109375,911.4027099609376,743.1630859375,1228.689208984375,1807.489501953125,1346.0140380859375,3122.1064453125,397.3895263671875
2025-04-17,2308.4716796875,3186.173828125,1349.49609375,925.3309326171876,767.9111328125,1263.5877685546875,1873.438232421875,1395.9288330078125,3146.043701171875,400.0110168457031
2025-04-21,2285.143798828125,3218.7490234375,1379.442626953125,935.231201171875,786.447998046875,1284.407958984375,1867.7855224609373,1399.0052490234375,3167.692138671875,395.89154052734375
2025-04-22,2331.508056640625,3196.476318359375,1352.63330078125,952.0227661132812,791.9369506835938,1280.1446533203125,1836.8441162109373,1405.6539306640625,3160.82568359375,405.9561767578125
2025-04-23,2355.90478515625,3238.863037109375,1402.1639404296875,933.6782836914062,783.3184204101562,1288.869384765625,1866.0003662109373,1413.493408203125,3254.856689453125,403.3815002441406
2025-04-24,2260.1640625,3238.470703125,1398.8365478515625,930.2326049804688,783.2703247070312,1290.4556884765625,1830.298828125,1391.95947265625,3243.985107421875,402.6324768066406
2025-04-25,2266.870849609375,3210.50732421875,1407.2025146484375,927.5148315429688,769.0667114257812,1289.2659912109375,1802.13427734375,1394.04345703125,3288.235107421875,400.5259399414063
2025-04-28,2253.651611328125,3264.66796875,1409.0087890625,931.882568359375,787.073974609375,1357.080322265625,1806.6962890625,1417.8597412109375,3283.94384765625,401.462158203125
2025-04-29,2256.66455078125,3259.76220703125,1423.6494140625,926.3502197265624,782.4517211914062,1387.7156982421875,1808.6796875,1418.85205078125,3311.600341796875,398.8406982421875
2025-04-30,2276.49365234375,3278.110107421875,1426.1212158203125,934.2120361328124,759.4371337890625,1392.9703369140625,1849.042236328125,1416.073486328125,3293.6708984375,398.6534423828125
2025-05-02,2253.651611328125,3272.125,1432.5858154296875,932.7076416015624,767.1888427734375,1407.6436767578125,1832.8773193359373,1419.149658203125,3272.02294921875,402.1175537109375
2025-05-05,2282.8115234375,3267.513427734375,1434.2020263671875,939.9386596679688,760.737060546875,1419.0452880859375,1850.52978515625,1418.455078125,3294.243408203125,409.0926208496094
2025-05-06,2315.081298828125,3271.241943359375,1436.958984375,937.4635620117188,745.4259643554688,1408.7342529296875,1885.2396240234373,1420.63818359375,3299.679443359375,407.7818298339844
2025-05-07,2304.389404296875,3258.879150390625,1433.916748046875,944.2092895507812,747.3518676757812,1393.9617919921875,1881.074462890625,1424.4091796875,3285.4697265625,403.662353515625
2025-05-08,2288.9345703125,3261.33203125,1436.8638916015625,935.91064453125,740.5149536132812,1394.9532470703125,1859.35595703125,1424.5084228515625,3289.09326171875,403.1474304199219
2025-05-09,2267.551025390625,3379.072998046875,1433.2513427734375,917.0807495117188,750.38525390625,1365.408447265625,1833.07568359375,1378.2652587890625,3280.89208984375,396.5469055175781
2025-05-12,2315.761962890625,3519.67578125,1546.66796875,949.8388671875,771.9555053710938,1424.20068359375,1855.2900390625,1437.4088134765625,3452.646728515625,407.7350463867188
2025-05-13,2293.89208984375,3499.85595703125,1491.2430419921875,933.04736328125,772.0518188476562,1403.5787353515625,1805.506103515625,1419.6458740234375,3352.130615234375,400.61956787109375
2025-05-14,2284.658203125,3505.84130859375,1513.869384765625,927.2236938476562,771.0407104492188,1412.2042236328125,1818.993408203125,1415.279541015625,3384.269287109375,401.7430725097656
2025-05-15,2289.226318359375,3550.09228515625,1533.4534912109375,938.4827880859376,777.82958984375,1441.7491455078125,1851.7197265625,1439.6912841796875,3414.0234375,405.0667419433594
2025-05-16,2314.692626953125,3536.846435546875,1511.49267578125,938.9195556640624,778.0751342773438,1443.9302978515625,1798.9608154296875,1442.86669921875,3396.28564453125,407.92230224609375
2025-05-19,2315.9560546875,3532.43115234375,1482.8770751953125,940.8607177734376,780.9237670898438,1428.4638671875,1803.2252197265625,1437.905029296875,3355.754638671875,407.5946044921875
2025-05-20,2275.521240234375,3500.64111328125,1483.637451171875,929.3104858398438,771.7393798828125,1412.402587890625,1793.9031982421875,1427.1876220703125,3336.20458984375,407.17327880859375
2025-05-21,2297.6826171875,3521.44189453125,1491.14794921875,935.0856323242188,773.1636352539062,1416.963134765625,1807.390380859375,1433.637939453125,3362.43017578125,405.3944396972656
2025-05-22,2265.412841796875,3484.549560546875,1471.18359375,931.737060546875,771.346435546875,1397.332763671875,1816.2166748046875,1431.057861328125,3315.891357421875,398.934326171875
2025-05-23,2293.114501953125,3532.136474609375,1487.63037109375,938.3856201171876,776.5034790039062,1414.5838623046875,1816.5140380859373,1438.698974609375,3351.749267578125,408.4840087890625
2025-05-26,2327.036865234375,3580.01806640625,1502.55615234375,941.5886840820312,780.33447265625,1422.5152587890625,1832.083984375,1449.4161376953125,3373.3974609375,414.6632690429688
2025-05-27,2313.5263671875,3571.48193359375,1492.6690673828125,934.843017578125,779.6468505859375,1409.9239501953125,1828.513916015625,1435.324951171875,3336.5859375,406.2370300292969
2025-05-28,2295.835693359375,3577.663330078125,1494.2852783203125,933.484130859375,782.4463500976562,1400.802734375,1840.7117919921875,1442.6683349609375,3335.632080078125,400.65911865234375
2025-05-29,2300.404296875,3586.493896484375,1507.4046630859375,935.42529296875,783.232177734375,1405.660888671875,1848.149658203125,1445.3475341796875,3336.01416015625,399.2765197753906
2025-05-30,2282.519775390625,3605.92138671875,1506.5369873046875,943.8696899414062,797.91748046875,1408.7342529296875,1840.8109130859373,1434.7296142578125,3302.921630859375,398.6090698242188
2025-06-02,2305.167236328125,3610.336669921875,1497.9569091796875,937.65771484375,799.2435913085938,1401.5958251953125,1838.7283935546875,1439.3935546875,3289.951904296875,399.8009338378906
2025-06-03,2286.40771484375,3609.54443359375,1487.5450439453125,934.0179443359376,795.4617309570312,1393.4661865234375,1826.0345458984373,1426.8900146484375,3247.418212890625,397.5602722167969
2025-06-04,2298.265869140625,3591.42138671875,1495.4503173828125,942.0740356445312,792.2201538085938,1411.31201171875,1859.851806640625,1420.0428466796875,3252.90234375,397.60791015625
2025-06-05,2309.832763671875,3607.36572265625,1498.43896484375,946.1505737304688,791.72900390625,1430.0501708984375,1863.2236328125,1443.66064453125,3243.4736328125,399.6102600097656
2025-06-06,2322.857177734375,3620.93310546875,1507.5975341796875,960.2728881835938,798.6541748046875,1431.1407470703125,1854.6949462890625,1448.5230712890625,3256.07763671875,401.4695739746094
2025-06-09,2326.162109375,3643.314453125,1516.3704833984375,960.3699951171876,805.5302734375,1436.3953857421875,1849.63720703125,1423.8138427734375,3292.350341796875,403.3765563964844
2025-06-10,2328.105712890625,3644.205810546875,1538.6402587890625,953.7698974609376,802.5833740234375,1426.1834716796875,1841.7034912109373,1412.0048828125,3331.798095703125,407.1428833007813
2025-06-11,2309.832763671875,3649.157470703125,1572.478759765625,946.5388793945312,800.6187744140625,1436.4945068359375,1844.77783203125,1420.0428466796875,3340.45751953125,406.3323974609375
2025-06-12,2267.3564453125,3569.039794921875,1550.787353515625,943.1416625976562,791.679931640625,1429.257080078125,1828.910400390625,1414.2872314453125,3304.1845703125,401.4219055175781
2025-06-13,2254.040283203125,3552.699462890625,1544.424560546875,930.6207885742188,778.3206787109375,1415.67431640625,1825.1419677734373,1405.2569580078125,3315.2490234375,394.6520690917969
2025-06-16,2262.205078125,3593.599853515625,1565.441162109375,939.2592163085938,778.4680786132812,1425.4896240234375,1845.8687744140625,1415.9742431640625,3363.93359375,398.7521057128906
2025-06-17,2263.37158203125,3587.261962890625,1580.9625244140625,936.4444580078124,778.2716064453125,1418.946044921875,1839.422607421875,1412.302490234375,3382.214111328125,397.98931884765625
2025-06-18,2232.9482421875,3566.6630859375,1574.214111328125,938.5313110351562,777.8787231445312,1417.85546875,1850.4306640625,1401.78369140625,3320.7333984375,396.5590515136719
2025-06-19,2229.93505859375,3586.07373046875,1560.2352294921875,939.2107543945312,771.1990356445312,1421.0281982421875,1861.4385986328125,1400.4937744140625,3294.370849609375,396.6544189453125
2025-06-20,2241.59912109375,3626.577880859375,1564.573486328125,953.4786376953124,782.053466796875,1453.6463623046875,1920.6435546875,1416.1727294921875,3305.6279296875,399.0858154296875
2025-06-23,2234.62548828125,3549.03515625,1527.071533203125,945.5681762695312,776.2088012695312,1444.326904296875,1920.2469482421875,1409.226318359375,3265.1220703125,394.6520690917969
2025-06-24,2222.839111328125,3569.93115234375,1524.7576904296875,951.634521484375,781.3167114257812,1438.3782958984375,1917.5693359375,1413.1956787109375,3262.042724609375,395.0811462402344
2025-06-25,2238.1611328125,3584.7861328125,1556.8609619140625,961.0009155273438,785.8843383789062,1454.737060546875,1949.303955078125,1414.8826904296875,3314.383056640625,396.9881591796875
2025-06-26,2240.22412109375,3624.201171875,1557.92138671875,981.1896362304688,782.9375,1482.497314453125,1997.600341796875,1428.080810546875,3311.4970703125,400.7544250488281
2025-06-27,2265.859375,3643.611572265625,1550.208984375,988.5982666015624,791.1396484375,1502.4251708984375,2010.2940673828125,1451.00390625,3310.8232421875,399.18115234375
2025-06-30,2253.7783203125,3634.302490234375,1544.2318115234375,982.023681640625,805.824951171875,1487.7518310546875,1992.939208984375,1434.7296142578125,3330.93212890625,397.08349609375
2025-07-01,2254.662353515625,3631.232421875,1549.05224609375,987.2244873046876,805.7758178710938,1515.3138427734375,2002.657958984375,1421.03515625,3299.85498046875,395.7962646484375
2025-07-02,2266.05615234375,3562.008544921875,1552.619140625,974.418701171875,798.5068969726562,1505.7960205078125,2016.4427490234373,1416.867431640625,3293.697509765625,393.7462768554688
2025-07-03,2272.243896484375,3548.242919921875,1560.5244140625,974.9583740234376,792.8095092773438,1504.8046875,2002.558837890625,1414.98193359375,3272.049072265625,394.1276550292969
2025-07-04,2297.683349609375,3559.830078125,1581.733642578125,976.037841796875,797.4754028320312,1514.223388671875,2000.4761962890625,1431.7525634765625,3290.329833984375,393.3648376464844
2025-07-07,2367.51806640625,3546.757568359375,1568.5262451171875,975.1055908203124,792.56396484375,1528.3016357421875,2017.037841796875,1424.706787109375,3282.53662109375,396.7974243164063
2025-07-08,2350.133056640625,3571.515625,1579.8055419921875,981.974609375,798.2612915039062,1524.4349365234375,2013.1700439453125,1430.9586181640625,3277.24462890625,397.7986145019531
2025-07-09,2380.286865234375,3545.073974609375,1574.9853515625,986.7828369140624,796.5913696289062,1505.9942626953125,2002.9554443359373,1420.93603515625,3255.69287109375,399.9440002441406
2025-07-10,2365.5537109375,3540.122314453125,1557.728759765625,984.3296508789062,793.693603515625,1504.2095947265625,1948.213134765625,1413.1956787109375,3253.9609375,397.46490478515625
2025-07-11,2474.77587890625,3506.352294921875,1537.5797119140625,973.2902221679688,794.3321533203125,1482.3980712890625,1905.96630859375,1411.0125732421875,3142.3525390625,397.4172058105469
2025-07-14,2471.828857421875,3462.08447265625,1513.8638916015625,972.94677734375,794.528564453125,1470.9964599609375,1904.974609375,1412.1041259765625,3100.691650390625,399.8962707519531
2025-07-15,2481.94580078125,3460.202880859375,1528.614013671875,979.079833984375,801.9940185546875,1472.6820068359375,1918.164306640625,1419.844482421875,3129.171142578125,402.4707336425781
2025-07-16,2472.811279296875,3469.908203125,1550.1126708984375,979.4722900390624,816.9739990234375,1472.8802490234375,1920.54443359375,1415.4781494140625,3121.2548828125,404.8544616699219
2025-07-17,2465.14990234375,3440.396484375,1526.589599609375,974.8602294921876,814.32177734375,1463.7591552734375,1913.9000244140625,1407.8370361328125,3098.181640625,404.2347106933594
2025-07-18,2445.309326171875,3431.285400390625,1529.095947265625,960.38623046875,808.7717895507812,1463.362548828125,1901.0,1414.8826904296875,3079.54931640625,403.0905151367188
2025-07-21,2421.048828125,3468.91796875,1527.36083984375,981.5330200195312,809.6068115234375,1416.3682861328125,1909.199951171875,1454.576416015625,3048.94580078125,400.5637512207031
2025-07-22,2435.585205078125,3431.08740234375,1514.4423828125,984.771240234375,800.5697021484375,1400.70361328125,1906.800048828125,1462.316650390625,3050.29736328125,396.6544189453125
2025-07-23,2406.806640625,3451.19091796875,1517.9129638671875,993.2103881835938,806.1196899414062,1412.402587890625,1943.800048828125,1477.2017822265625,3069.122802734375,395.65325927734375
2025-07-24,2394.430908203125,3443.862548828125,1496.70361328125,988.2548217773438,801.25732421875,1390.888427734375,1936.0999755859373,1472.0416259765625,3039.0986328125,390.8857727050781
2025-07-25,2372.42919921875,3409.59716796875,1461.2261962890625,985.9922485351562,792.269287109375,1379.7841796875,1937.9000244140625,1465.789794921875,3027.32080078125,390.361328125
2025-07-28,2398.163330078125,3389.097412109375,1461.515380859375,987.9105224609376,783.0357666015625,1375.71923828125,1890.300048828125,1477.00341796875,2972.775390625,390.8380737304688
2025-07-29,2409.949951171875,3461.78759765625,1459.2979736328125,994.3539428710938,785.0494384765625,1404.9666748046875,1918.300048828125,1474.8201904296875,2950.28125,389.45550537109375
2025-07-30,2394.037841796875,3629.64794921875,1464.40771484375,996.4197998046876,787.4560546875,1398.026611328125,1932.5999755859373,1471.04931640625,2947.964599609375,388.6450500488281
2025-07-31,2476.34716796875,3601.324462890625,1454.76708984375,992.6815795898438,782.4463500976562,1378.2969970703125,1914.300048828125,1470.0570068359375,2931.74560546875,392.7927856445313
2025-08-01,2508.268798828125,3552.6005859375,1416.782958984375,989.7304077148438,779.9415283203125,1381.76708984375,1884.4000244140625,1460.3319091796875,2899.11474609375,397.08349609375
2025-08-04,2498.44677734375,3595.976806640625,1427.291259765625,979.7947387695312,781.6113891601562,1399.4146728515625,1914.5999755859373,1451.9962158203125,2968.044677734375,397.46490478515625
2025-08-05,2489.60693359375,3617.26904296875,1407.8172607421875,972.7118530273438,786.4246215820312,1379.7841796875,1931.800048828125,1433.3402099609375,2957.907958984375,394.8904418945313
2025-08-06,2490.4912109375,3593.302734375,1385.0654296875,976.499267578125,790.8941040039062,1380.874755859375,1929.699951171875,1432.54638671875,2927.401123046875,392.8404235839844
2025-08-07,2472.712890625,3606.375244140625,1385.2581787109375,981.4671020507812,790.8941040039062,1377.5040283203125,1922.5999755859373,1429.271728515625,2941.5927734375,394.3660278320313
2025-08-08,2454.1494140625,3572.7041015625,1371.9542236328125,970.8920288085938,790.0591430664062,1356.0888671875,1858.5999755859373,1424.9053955078125,2931.359375,395.2241821289063
2025-08-11,2473.596923828125,3632.916015625,1376.870849609375,981.5654296875,808.8700561523438,1374.331298828125,1857.4000244140625,1425.5999755859375,2935.607421875,397.46490478515625
2025-08-12,2439.612548828125,3650.44482421875,1372.9183349609375,968.924560546875,806.0704956054688,1368.5810546875,1850.300048828125,1422.0,2930.393798828125,396.9881591796875
2025-08-13,2450.71142578125,3657.97119140625,1375.3284912109375,974.0399169921876,807.29833984375,1370.7620849609375,1867.4000244140625,1420.800048828125,2931.166259765625,394.8427734375
2025-08-14,2436.469482421875,3641.432861328125,1395.6700439453125,979.35205078125,811.9151611328125,1367.4774169921875,1873.800048828125,1427.300048828125,2917.7470703125,392.3160095214844
2025-08-18,2522.412841796875,3599.938232421875,1384.19775390625,985.5003662109376,812.9957275390625,1375.3409423828125,1892.300048828125,1434.5999755859375,2907.03125,387.4054870605469
2025-08-19,2558.4599609375,3578.052001953125,1388.2469482421875,979.35205078125,815.697021484375,1413.564208984375,1909.699951171875,1436.300048828125,2911.858154296875,390.0753173828125
2025-08-20,2622.303466796875,3557.55224609375,1442.427001953125,977.9256591796876,814.272705078125,1406.4969482421875,1928.4000244140625,1430.5999755859375,2991.40771484375,387.1671142578125
2025-08-21,2600.891357421875,3577.65576171875,1442.619873046875,979.4012451171876,811.0802612304688,1418.24267578125,1929.9000244140625,1446.0,2995.269287109375,386.69036865234375
2025-08-22,2583.11328125,3561.018310546875,1434.0396728515625,966.317626953125,801.7975463867188,1402.71435546875,1933.300048828125,1436.4000244140625,2948.3505859375,379.7775268554688
2025-08-25,2584.782958984375,3568.247802734375,1477.0367431640625,966.0717163085938,801.9940185546875,1406.0987548828125,1930.699951171875,1433.199951171875,3031.954833984375,380.7787170410156
2025-08-26,2644.697998046875,3507.04541015625,1474.6265869140625,957.5625,793.5462646484375,1378.5262451171875,1904.699951171875,1416.5999755859375,3047.980224609375,384.5926818847656
2025-08-28,2607.17724609375,3525.66357421875,1446.1868896484375,942.2162475585938,787.750732421875,1379.521728515625,1881.0999755859373,1399.0999755859375,2986.677001953125,382.2566223144531
2025-08-29,2612.4814453125,3566.16796875,1416.782958984375,936.1171264648438,788.291015625,1350.9537353515625,1888.800048828125,1397.800048828125,2977.988525390625,390.695068359375
2025-09-01,2602.364501953125,3563.593017578125,1445.5120849609375,935.1333618164062,791.7781372070312,1347.6689453125,1900.5999755859373,1411.0,3004.923583984375,386.9764404296875
2025-09-02,2629.37548828125,3540.3203125,1444.837158203125,929.1326904296876,789.666259765625,1360.2109375,1887.199951171875,1394.199951171875,3003.861572265625,387.8345947265625
2025-09-03,2617.294189453125,3565.969970703125,1425.9415283203125,938.9207763671876,797.7701416015625,1366.2828369140625,1883.9000244140625,1397.0,2990.345703125,392.6020812988281
2025-09-04,2619.16064453125,3557.849365234375,1410.4202880859375,945.610107421875,795.06884765625,1353.0440673828125,1880.4000244140625,1405.5,2988.60791015625,396.5590515136719
2025-09-05,2586.551025390625,3519.2265625,1392.681396484375,947.7251586914062,792.318359375,1368.671875,1895.300048828125,1402.800048828125,2942.847900390625,388.40667724609375
2025-09-08,2577.219970703125,3495.458740234375,1381.402099609375,950.2828369140624,794.4794311523438,1372.15576171875,1887.699951171875,1402.699951171875,2914.561279296875,388.5973815917969
2025-09-09,2594.998291015625,3490.903076171875,1450.2359619140625,949.4467163085938,794.528564453125,1369.8662109375,1893.699951171875,1403.699951171875,2943.90966796875,390.9811096191406
2025-09-10,2596.471435546875,3515.661376953125,1477.518798828125,950.1845092773438,803.7130126953125,1370.66259765625,1891.4000244140625,1403.9000244140625,3002.413330078125,393.8415832519531
2025-09-11,2575.353759765625,3505.4609375,1455.4417724609375,952.0535278320312,809.0665283203125,1376.9337158203125,1913.0,1401.5999755859375,3016.1220703125,395.7485961914063
2025-09-12,2534.59228515625,3545.173095703125,1470.7703857421875,951.5617065429688,808.96826171875,1388.579833984375,1902.5999755859373,1417.699951171875,3025.00390625,394.5090637207031
2025-09-15,2535.083251953125,3551.510986328125,1454.1885986328125,951.3157348632812,810.1470336914062,1392.8599853515625,1904.5,1419.4000244140625,3004.24755859375,393.4601745605469
2025-09-16,2534.985107421875,3632.32177734375,1456.9844970703125,951.1190185546876,816.82666015625,1398.8323974609375,1939.5,1421.5999755859375,3036.878173828125,393.8892822265625
2025-09-17,2523.984130859375,3649.8505859375,1467.685546875,950.7747192382812,841.973388671875,1407.2933349609375,1941.300048828125,1419.199951171875,3063.041015625,390.2659912109375
2025-09-18,2540.780029296875,3650.345703125,1485.2313232421875,961.0055541992188,839.222900390625,1408.4876708984375,1941.0999755859373,1421.699951171875,3066.805908203125,392.4113464355469
2025-09-19,2514.064208984375,3639.84814453125,1484.845703125,951.168212890625,847.081298828125,1400.9227294921875,1962.4000244140625,1402.199951171875,3059.5654296875,391.55322265625
2025-09-22,2526.439697265625,3609.2470703125,1445.6083984375,948.5121459960938,840.1069946289062,1384.199951171875,1956.199951171875,1401.5,2967.465576171875,388.0252990722656
2025-09-23,2477.3291015625,3622.220458984375,1443.6802978515625,941.6260375976562,855.1851806640625,1383.40380859375,1938.699951171875,1394.300048828125,2956.4599609375,384.4496765136719
2025-09-24,2504.143798828125,3638.263916015625,1440.884521484375,935.5761108398438,850.8631591796875,1376.635009765625,1931.0999755859373,1382.699951171875,2930.393798828125,382.35198974609375
2025-09-25,2493.142822265625,3609.14794921875,1431.436767578125,934.3955688476562,845.902587890625,1366.0838623046875,1935.5999755859373,1375.800048828125,2855.092529296875,381.4938354492188
2025-09-26,2467.1142578125,3693.425048828125,1396.8270263671875,929.6737060546876,841.7769165039062,1371.2598876953125,1916.5999755859373,1359.5999755859375,2798.80908203125,386.2613220214844
2025-09-29,2453.461669921875,3652.722412109375,1389.982177734375,934.8382568359376,855.3325805664062,1366.48193359375,1902.199951171875,1348.0999755859375,2795.9130859375,388.3113098144531
2025-09-30,2469.66796875,3623.60693359375,1389.982177734375,935.5269165039062,857.0025024414062,1357.722412109375,1878.4000244140625,1348.0,2788.47900390625,382.87640380859375
2025-10-01,2491.080322265625,3634.797607421875,1393.83837890625,949.5450439453124,848.80029296875,1362.4007568359375,1867.5999755859373,1372.0,2813.386962890625,386.7380676269531
2025-10-03,2499.625244140625,3696.990234375,1394.609619140625,949.4467163085938,851.9436645507812,1357.125244140625,1896.699951171875,1365.199951171875,2801.51220703125,385.4985046386719
2025-10-06,2496.58056640625,3700.8525390625,1422.9530029296875,957.6116333007812,858.5741577148438,1368.671875,1903.0999755859373,1363.4000244140625,2885.019775390625,382.1135864257813
2025-10-07,2472.418212890625,3693.623046875,1406.0819091796875,966.514404296875,849.3897094726562,1378.4267578125,1929.0,1375.9000244140625,2870.828369140625,381.2077941894531
2025-10-08,2455.62255859375,3693.72216796875,1441.2701416015625,962.7762451171876,843.0538940429688,1361.1068115234375,1943.5,1370.300048828125,2922.4775390625,381.16009521484375
2025-10-09,2472.811279296875,3732.740966796875,1455.0562744140625,961.2022094726562,846.835693359375,1371.458984375,1942.0,1376.199951171875,2955.783935546875,381.3031311035156
2025-10-10,2483.909912109375,3747.397705078125,1460.4549560546875,964.9404296875,865.0573120117188,1375.3409423828125,1939.9000244140625,1380.300048828125,2923.539794921875,384.0682373046875
2025-10-13,2448.452392578125,3733.0380859375,1439.5347900390625,961.1038818359376,867.3165893554688,1368.671875,1954.9000244140625,1379.4000244140625,2903.16943359375,380.683349609375
2025-10-14,2457.783447265625,3708.081787109375,1436.353515625,961.25146484375,861.4227905273438,1369.5677490234375,1946.5999755859373,1384.0999755859375,2857.89208984375,378.3472900390625
2025-10-15,2474.186279296875,3791.665283203125,1421.41064453125,962.3335571289062,870.4107666015625,1367.97509765625,1968.5,1398.4000244140625,2877.756591796875,381.3031311035156
2025-10-16,2515.93017578125,3824.4453125,1418.61474609375,978.1715698242188,871.2457275390625,1391.8646240234375,1967.4000244140625,1417.300048828125,2878.628662109375,386.3089599609375
2025-10-17,2557.37939453125,3802.261962890625,1389.307373046875,986.2381591796876,873.4067993164062,1410.279541015625,2012.0,1436.5999755859375,2870.391845703125,392.98345947265625
2025-10-20,2548.244873046875,3835.23974609375,1408.395751953125,986.6316528320312,891.431884765625,1460.04931640625,2051.5,1390.300048828125,2921.749267578125,393.8415832519531
2025-10-21,2545.5927734375,3850.58984375,1419.482421875,991.3043823242188,891.775634765625,1458.4566650390625,2043.5,1382.0,2913.512939453125,393.6509094238281
2025-10-23,2555.31689453125,3880.794921875,1473.566162109375,992.386474609375,895.41015625,1441.7340087890625,2007.9000244140625,1363.699951171875,2977.95166015625,396.6067504882813
2025-10-24,2471.632568359375,3867.128173828125,1470.57763671875,978.5650634765624,888.4849853515625,1444.9193115234375,2029.300048828125,1377.699951171875,2968.26171875,397.4172058105469
2025-10-27,2467.1142578125,3885.845703125,1472.633056640625,986.6316528320312,906.411865234375,1477.2696533203125,2080.10009765625,1377.5999755859375,2989.2890625,401.0881652832031
2025-10-28,2452.676025390625,3934.37158203125,1468.4241943359375,987.2218627929688,913.779052734375,1480.056884765625,2090.199951171875,1363.0999755859375,2963.1259765625,398.466064453125
2025-10-29,2443.836181640625,3919.81396484375,1478.408203125,991.451904296875,923.11083984375,1497.277099609375,2100.60009765625,1370.4000244140625,2962.83544921875,401.9940185546875
2025-10-30,2425.665283203125,3948.929443359375,1462.1597900390625,981.9097900390624,917.8064575195312,1481.6494140625,2066.300048828125,1362.4000244140625,2941.2265625,399.2765197753906
2025-10-31,2421.63818359375,3991.909423828125,1450.9034423828125,971.2362670898438,920.4095458984376,1479.5592041015625,2054.5,1345.300048828125,2963.222900390625,400.8021240234375
2025-11-03,2416.23583984375,3941.9970703125,1454.0355224609375,976.499267578125,932.8847045898438,1477.866943359375,2074.0,1346.4000244140625,2923.300048828125,394.6997680664063
2025-11-04,2402.1904296875,3886.439697265625,1436.808349609375,969.2196655273438,940.644775390625,1466.3203125,2113.300048828125,1336.9000244140625,2897.524169921875,389.8845825195313
2025-11-06,2392.662841796875,3844.053955078125,1435.6336669921875,968.6294555664062,943.739013671875,1489.2144775390625,2094.89990234375,1320.4000244140625,2917.58251953125,388.5497131347656
2025-11-07,2389.693115234375,3844.945068359375,1445.5198974609375,966.317626953125,938.92578125,1471.19775390625,2001.199951171875,1343.0,2899.074951171875,385.2601318359375
2025-11-10,2384.54541015625,3880.596923828125,1481.4425048828125,968.4818725585938,934.3090209960938,1482.44580078125,2019.800048828125,1348.0,2931.439453125,386.69036865234375
2025-11-11,2403.05712890625,3916.74365234375,1497.88671875,975.564697265625,936.4209594726562,1486.5269775390625,2042.300048828125,1358.300048828125,2952.56396484375,387.929931640625
2025-11-12,2400.08740234375,3916.34765625,1518.8333740234375,973.4005126953124,940.2028198242188,1504.5435791015625,2073.800048828125,1358.9000244140625,3034.735595703125,388.0729370117188
2025-11-13,2383.357666015625,3963.7841796875,1509.14306640625,970.596923828125,937.1085815429688,1503.9464111328125,2091.800048828125,1385.9000244140625,3009.4443359375,386.8334045410156
2025-11-14,2403.255126953125,3965.665771484375,1470.9691162109375,973.4988403320312,950.7133178710938,1511.9095458984375,2100.699951171875,1373.0,3009.7353515625,389.1694641113281
2025-11-17,2400.582275390625,3988.740478515625,1475.66748046875,980.3357543945312,956.1159057617188,1511.3123779296875,2112.199951171875,1379.0,3006.052978515625,388.1683044433594
2025-11-18,2379.793701171875,3960.912353515625,1454.91650390625,976.302490234375,955.2318725585938,1512.4072265625,2149.199951171875,1373.4000244140625,2991.421142578125,386.9764404296875
2025-11-19,2417.015380859375,3980.718994140625,1508.4578857421875,978.41748046875,965.3494873046876,1511.9095458984375,2159.800048828125,1383.0999755859375,3050.142822265625,384.7833862304688
2025-11-20,2403.947998046875,3998.3466796875,1503.955322265625,992.4356689453124,964.1707153320312,1541.9705810546875,2158.300048828125,1383.0,3047.332763671875,386.5950317382813
2025-11-21,2409.19482421875,3985.967529296875,1512.2752685546875,981.8114013671876,955.3792114257812,1539.4820556640625,2162.699951171875,1369.5,3052.953125,388.8834228515625
2025-11-24,2399.790283203125,3974.47998046875,1515.2117919921875,982.8934936523438,953.4146118164062,1528.831298828125,2152.10009765625,1368.4000244140625,3043.84423828125,384.7833862304688
2025-11-25,2389.792236328125,3958.040283203125,1498.1802978515625,973.6956176757812,966.1844482421876,1532.61376953125,2161.60009765625,1357.800048828125,3022.526123046875,382.1612854003906
2025-11-26,2400.7802734375,4022.708740234375,1524.902099609375,987.5662231445312,966.4791870117188,1562.6748046875,2126.800048828125,1375.0,3064.87158203125,383.5915222167969
2025-11-27,2427.013427734375,4041.822021484375,1533.2220458984375,993.0750732421876,955.624755859375,1556.2047119140625,2115.60009765625,1392.199951171875,3039.386962890625,385.4985046386719
2025-11-28,2441.763671875,4030.2353515625,1527.055419921875,991.2059936523438,961.6658935546876,1560.285888671875,2101.60009765625,1388.800048828125,3040.259033203125,385.4508361816406
2025-12-01,2439.6845703125,4033.80029296875,1530.872802734375,985.7954711914062,955.870361328125,1558.892333984375,2089.699951171875,1390.0999755859375,3036.2861328125,385.4508361816406
2025-12-02,2452.850830078125,3991.513427734375,1527.9364013671875,973.6956176757812,950.1730346679688,1539.1834716796875,2104.0,1373.0,3038.514892578125,382.3043212890625
2025-12-03,2423.350830078125,3949.424560546875,1545.261474609375,984.2214965820312,934.2107543945312,1531.718017578125,2086.0,1391.5,3081.441650390625,381.8752136230469
2025-12-04,2437.40771484375,3945.067138671875,1563.7611083984375,980.9752197265624,931.31298828125,1528.53271484375,2103.800048828125,1386.699951171875,3129.11669921875,384.3066101074219
2025-12-05,2315.052490234375,3999.138916015625,1581.9671630859375,986.9759521484376,954.2987060546876,1533.5096435546875,2108.800048828125,1392.5,3137.837890625,386.1182861328125
2025-12-08,2290.699951171875,3958.040283203125,1576.681640625,986.7791748046876,939.466064453125,1535.898681640625,2086.199951171875,1389.5999755859375,3136.190673828125,383.5915222167969
2025-12-09,2283.275634765625,3958.832763671875,1565.1314697265625,980.8768310546876,942.3638305664062,1522.3612060546875,2089.699951171875,1375.199951171875,3108.864501953125,382.3996276855469
2025-12-10,2278.52392578125,3952.692626953125,1551.2322998046875,973.6956176757812,942.7567749023438,1529.8267822265625,2067.0,1363.5999755859375,3090.356689453125,384.4019775390625
2025-12-11,2282.384765625,3965.170654296875,1564.1527099609375,984.0247802734376,946.1947631835938,1537.889404296875,2053.199951171875,1360.0,3092.972900390625,384.1636352539063
2025-12-12,2237.837890625,4034.69189453125,1564.348388671875,985.2052612304688,946.0965576171876,1549.3365478515625,2083.39990234375,1366.0,3120.6865234375,381.4938354492188
2025-12-15,2270.406494140625,4052.7158203125,1572.766357421875,979.89306640625,950.1239624023438,1549.037841796875,2069.699951171875,1365.199951171875,3130.085693359375,383.5915222167969
2025-12-16,2258.13134765625,4024.491455078125,1559.1607666015625,978.1223754882812,944.1319580078124,1535.201904296875,2102.0,1366.0,3105.763916015625,383.0194091796875
2025-12-17,2252.686767578125,4023.104736328125,1568.0679931640625,967.989990234375,958.5716552734376,1537.292236328125,2108.0,1352.4000244140625,3118.0703125,381.2077941894531
2025-12-18,2242.6884765625,3992.107666015625,1592.3427734375,963.7599487304688,960.2415771484376,1537.292236328125,2092.0,1356.800048828125,3179.11767578125,381.7798767089844
2025-12-19,2257.04248046875,4034.097412109375,1603.9906005859375,969.465576171875,962.94287109375,1557.8968505859375,2097.699951171875,1354.0999755859375,3180.280517578125,382.3996276855469
2025-12-22,2266.44677734375,4033.008056640625,1653.8125,971.6298217773438,957.0491333007812,1568.1495361328125,2147.60009765625,1368.5,3221.8505859375,383.9729309082031
2025-12-23,2279.414794921875,4019.539794921875,1632.9637451171875,980.3849487304688,954.691650390625,1563.4710693359375,2122.89990234375,1363.0,3207.41259765625,388.40667724609375
2025-12-24,2259.22021484375,4014.39013671875,1628.16748046875,980.9752197265624,951.7938842773438,1551.0286865234375,2123.699951171875,1359.800048828125,3216.1337890625,387.6915588378906
2025-12-26,2262.387939453125,4008.15087890625,1621.0220947265625,975.9581909179688,949.1907348632812,1552.0240478515625,2105.39990234375,1350.4000244140625,3178.342529296875,385.35546875
2025-12-29,2270.20849609375,3999.634033203125,1609.863525390625,975.564697265625,947.962890625,1538.4866943359375,2081.60009765625,1343.300048828125,3150.7255859375,383.8775634765625
2025-12-30,2267.1396484375,4012.805419921875,1587.2528076171875,974.7777709960938,956.2141723632812,1532.71337890625,2099.800048828125,1342.5,3146.171630859375,381.9705810546875
2025-12-31,2292.580810546875,4044.000732421875,1581.1842041015625,975.0728759765624,964.8092651367188,1563.172607421875,2105.60009765625,1342.9000244140625,3106.829833984375,384.2589721679688
