Date,HINDUNILVR,LT,INFY,HDFCBANK,SBIN,RELIANCE,BHARTIARTL,ICICIBANK,TCS,ITC
2021-01-04,0.016313812532013028,0.013569742400833196,0.02205599964123972,-0.006350672323271911,0.005905224538441445,0.0016855569750984234,0.0037853025778218363,0.007961979079497361,0.037974993205198704,-0.0021042900920476004
2021-01-05,0.026387004304341266,0.0071704492204265335,0.026458904924827165,0.0011579020818428543,0.008410754322148994,-0.010767343127975448,-0.0022323405137170127,0.018483481890188225,0.0562623026353426,-0.011222880490920684
2021-01-06,0.012460348840344082,0.013107148926956524,0.017176433273573544,-0.003157730901717337,0.020221745682370118,-0.03685533977550448,0.01970302479638697,0.03639799463498927,0.04208991713135535,-0.039513573272974445
2021-01-07,-0.00783217113125978,0.0323437865704479,0.001348835102576329,-0.006175171324920181,0.029706401775315028,-0.038415090637215044,0.05842951068819979,0.025781863019840756,0.035704248643303016,-0.051671661959257764
2021-01-08,0.0015287600082674047,0.05890520479250472,0.04097745531316366,0.004631332526954468,0.02362198272044247,-0.0270692026838546,0.04872369847650493,0.02758280110113942,0.06579014533266014,-0.05775075407072083
2021-01-11,0.01740303999712456,0.04086345841050343,0.09183250617293504,0.01852551397476132,0.011094996592652784,-0.045408726644135755,0.062117865059705624,0.032606741231612446,0.08476049842539735,-0.05307461755726561
2021-01-12,-0.004879563814778498,0.04070932735263466,0.08830188730140454,0.03926184408800215,0.04688617894506586,-0.015320721559636485,0.098223847109838,0.03886241103426902,0.08421421759428771,-0.03460365859483938
2021-01-13,-0.006366313812532054,0.04279104806014722,0.10051974153527565,0.03199891592049631,0.09806712142145657,-0.024503138995207063,0.12248856289042487,0.054976105329635594,0.07878434793697098,-0.012157897612997792
2021-01-14,0.0046073973562896775,0.061372403369891915,0.08731012653604053,0.030665512840302167,0.09967770293598188,-0.013534601341927188,0.12695324391785845,0.04890981276775874,0.11222931312890405,0.001402860061365141
2021-01-15,-0.015245814724621054,0.04406345552617941,0.06703961097442179,0.029192003148537538,0.08750898533364548,-0.025182383143368625,0.16985350446770675,0.0293838588143025,0.10629332468324448,0.018704641590463478
2021-01-18,-0.023015307818804343,0.03010793480506635,0.04093789278036608,0.04073544571323873,0.05386536550800769,-0.0017862562978748775,0.13937681692979953,0.010710760419606613,0.1023242169027685,0.027589549361299426
2021-01-19,-0.010219552851738478,0.05616820175124526,0.04458742403740823,0.05529623676767059,0.06871862664936934,0.014540914168864383,0.1497622545929056,0.03592425245338049,0.1156507917123264,0.023380873640561406
2021-01-20,-0.013235399836453166,0.06603699606079472,0.0626760434365139,0.04698076227741654,0.0828559532768669,0.033811294504082934,0.1572356645404338,0.04454970985085871,0.13210856117988934,0.01776952893174366
2021-01-21,-0.008334718690186316,0.05728607755886861,0.06287441806829852,0.03491118445154928,0.055296993520918436,0.056301807845416496,0.12850626773241336,0.04777247263630491,0.12015009624443462,-0.0007015255673252785
2021-01-22,0.009130774691552102,0.05019274394244433,0.06378705376806715,0.01298192560357303,0.015390001138794407,0.031245366895601423,0.11977104909197789,0.011943088251110456,0.13015824615344895,-0.01472983957104812
2021-01-25,0.005046929899445551,0.04957601941069867,0.05129136265613865,0.026525288921621204,0.005547377788917451,-0.023396262925659328,0.12734153074672183,0.019999935398793633,0.12612066064537797,-0.02829078831869658
2021-01-27,0.0015708823450122367,0.04845804345294047,0.03217141995887074,-0.010841806305183721,-0.013421874143268009,-0.046540777544377354,0.10802660752784865,-0.009763036792659885,0.11577069996950762,-0.014963713272370782
2021-01-28,-0.036501756782257866,0.03727838402549266,0.01249569111192872,-0.037612741464413846,0.010558196341515114,-0.05582389430272461,0.10822087444318029,0.0014217050722837854,0.09370189824883846,-0.03390222856415692
2021-01-29,-0.05178958151739266,0.02906707445130996,-0.016977833854670776,-0.024244787211245122,0.009663549340854116,-0.07323283404840031,0.07463838627796271,0.018009380812987308,0.0645510933417881,-0.04956756294049569
2021-02-01,-0.05819768068797582,0.11707781134699036,0.000357299124330579,0.036279246450747316,0.11202585606956594,-0.04638993268046121,0.12423573011941125,0.14464449417673997,0.07413094443981061,0.009819829356270127
2021-02-02,-0.06579963920814524,0.1720894793384764,0.008568547763946999,0.09508439998378271,0.19219750682222503,-0.031043968250047627,0.16344738929595426,0.17033160876025888,0.09606307964084904,0.020341470889793767
2021-02-03,-0.06479431943782987,0.17852753062115423,0.019199629730658918,0.10508400375051763,0.20239785641421704,-0.028603710674788063,0.18188879065078378,0.17981040024395378,0.09489963245470578,0.013560948747648238
2021-02-04,-0.05945444272710132,0.17949117522077374,0.014994874291737847,0.10810144417372047,0.2709375295619729,-0.03179880493037479,0.16587405847545256,0.19109001017708316,0.09093071729793611,0.07528631376449901
2021-02-05,-0.0494230924759399,0.16923680289121434,0.00924268433133757,0.12108346171076567,0.40694327535521,-0.0320755239477617,0.1280210326972333,0.16426543583024622,0.08049503907275546,0.09586165835561555
2021-02-08,-0.06320288139248598,0.19645340329688254,0.034194279235278735,0.12645173295054657,0.4210808429975246,-0.01813832943497662,0.15946806680460024,0.1935543069444987,0.09970674966950543,0.09001624887218984
2021-02-09,-0.0717471446672,0.20774853583006303,0.03578116389599684,0.13108306547750082,0.41302769441008236,-0.015773732431965337,0.16267093913912656,0.20066343046523571,0.08697894565102815,0.07084405095236646
2021-02-10,-0.06368448010927119,0.19726291683863306,0.028601126160983315,0.10996107444855285,0.403900945320365,-0.006641596617700141,0.14568573689343567,0.19838863057046385,0.09943303138283177,0.06406362434686375
2021-02-11,-0.05216632369724061,0.18003088429865244,0.025546494012177012,0.10336466395420008,0.39638501875999,0.03431438287746835,0.16102096711825542,0.1955451007940332,0.09693537609489677,0.05891974043076331
2021-02-12,-0.06115062498315127,0.17297610848422917,0.03915274588142226,0.11010136492706768,0.4071222288568239,0.027220115587853977,0.1380179365296761,0.22767762131658031,0.09173482495994834,0.016834320736381247
2021-02-15,-0.07218695802593422,0.18554364848344185,0.03903394588946951,0.13441629737757,0.4565138773318931,0.02269170786663799,0.15247989189225208,0.2776303846750632,0.07430218691472468,0.022211982817161635
2021-02-16,-0.08018666373120809,0.19464138690310673,0.02376157190035122,0.14146869789383154,0.4400500346760061,0.03622644528873131,0.15296512692743192,0.24805678972438905,0.06367841164032728,0.020575249054473943
2021-02-17,-0.09367333734712424,0.19379341570949027,0.016541971632539898,0.11329421441514986,0.47369353399423564,0.04817612093825385,0.152770983513,0.24616098357490457,0.05146356455176715,0.018236989724460972
2021-02-18,-0.10081464599264967,0.17548186486361717,0.025387794306748868,0.0906987136944375,0.48604144611300293,0.04035225983908952,0.143453334629269,0.22208531020004063,0.04607482005574881,0.023380873640561406
2021-02-19,-0.08646929450140661,0.16330000303454928,0.02447549578765762,0.08003213258718889,0.43002839757081146,0.04669182652854298,0.12850626773241314,0.183033043397536,0.051035843611894505,0.009819829356270349
2021-02-22,-0.09212379698606277,0.1196607834805159,0.0037685560361124804,0.08627763301831082,0.39405850273160126,0.010364681917035323,0.10705601395658926,0.15611348135064906,0.01223613200810747,-0.007943680766983374
2021-02-23,-0.08724423317128416,0.14595229708856583,0.004680854555203728,0.07305006117712876,0.41589107094331346,0.018088047813672015,0.09783556028097395,0.16834117380631675,0.01967766734232601,-0.0009962561100459455
2021-02-24,-0.08741182390841384,0.1770237763431164,0.010988268697482928,0.12729375162205092,0.4540085283092987,0.036981077848809774,0.11220032043543426,0.21535530005645476,0.008694841479357285,0.0006806030425747789
2021-02-25,-0.09392466728970295,0.16148798664077368,0.011186643329267554,0.12725872496915835,0.4575874778341684,0.07891826338030383,0.12423573011941147,0.19052128029542414,0.02484412408125647,0.002118047368596221
2021-02-26,-0.1070132567418205,0.11218197199421698,-0.005672390533450589,0.07673411120695661,0.39638501875999044,0.049459152782578064,0.07987976446402367,0.13317526773910293,-0.00971314670279333,-0.02327616548016509
2021-03-01,-0.10225977912169881,0.1355820510527337,0.005196740991403104,0.09392649790193985,0.4135647959297415,0.05745910161643564,0.03309719137958744,0.15327007120608216,0.000517387275161596,-0.008662402929994095
2021-03-02,-0.08778884690383992,0.1454510456625533,0.03494810283606031,0.100452579290091,0.410880493405533,0.059622640174308295,0.05056793741270749,0.15734580918215268,0.028625134812515496,0.005711658183649826
2021-03-03,-0.08127583503320379,0.15412494871061266,0.06592905021710482,0.11353986065275845,0.4497135237631569,0.10797491688733829,0.060467769537934535,0.19829376250227781,0.04667339822312244,0.00595135962017701
2021-03-04,-0.07985176307252695,0.12767940419482904,0.055456330775143226,0.08911975631010627,0.4160700244449276,0.09476731618410317,0.047461889783597666,0.17677713433115105,0.04345735282248531,0.004753425657397337
2021-03-05,-0.07809262196382227,0.12841180213257752,0.04462709896376471,0.07364661747796841,0.3731209430427753,0.09620119289234297,0.034261866614828884,0.1553553742282101,0.029206569470027643,-0.0007565546735186501
2021-03-08,-0.08921297502763248,0.16823440018932434,0.05974088564101421,0.0662782416178962,0.3944164097348293,0.10244026437926856,0.02047947495321445,0.15270134132442292,0.028830182747887845,-0.003391932962319766
2021-03-09,-0.07918156861335535,0.16291452516467486,0.0675159348778227,0.09645282971686919,0.3872582696702733,0.10241502150849136,0.012811736339904956,0.18502371761520586,0.04388497745050479,-0.004350261025214963
2021-03-10,-0.06688869818390963,0.1751734024476097,0.0854459669650598,0.09171604949734857,0.3876161766735011,0.0978363321659701,0.020770690074862097,0.18597144124215204,0.05072793461734926,-0.010578963519141782
2021-03-12,-0.07656380579243915,0.167309213241571,0.09076128316129761,0.08904942720390441,0.36399419395305843,0.0755220426394958,0.017567632488986185,0.16180089979910228,0.046280060614827034,-0.01680776154971131
2021-03-15,-0.07400894566106242,0.14398604948678617,0.08976952239593339,0.07269924304736963,0.37401546953602804,0.0610816917132424,0.014947128647305519,0.14407576429508073,0.04908552858545345,-0.015609923123574454
2021-03-16,-0.060103351365437874,0.1270625795129483,0.09802067074902476,0.06112068189630371,0.3548673243559328,0.0569055955415787,0.02746771161601269,0.1278673215633923,0.06410603626834632,-0.00411065512533082
2021-03-17,-0.06753783147470871,0.10844266640120237,0.10040071675620421,0.04933159309399371,0.31764463449801705,0.034138363182858456,0.015044200354521253,0.11753543525720911,0.06509833729142867,0.009065567562176025
2021-03-18,-0.072186958025934,0.1010794281707712,0.06081177147197381,0.04627903408442613,0.3138866109641252,0.010867906370586544,0.023391317417442714,0.09687190190857087,0.03894080846866199,0.04284493600382433
2021-03-19,-0.03162219296747926,0.08808795264981772,0.06664297410441078,0.05084022137212307,0.32838196510225925,0.04754709037131488,0.02872952030891973,0.11213286027704106,0.04362811373813402,0.06823924438922835
2021-03-22,-0.01438719301240965,0.0794525072536243,0.08754828848774054,0.030946369597747214,0.3135288244683059,0.03768542878758252,0.02494415598064781,0.08710910437963881,0.07081213429185396,0.08285291140275675
2021-03-23,-0.021046790614918542,0.08276777717476302,0.08814341238309464,0.05269994358042762,0.3339297646671071,0.050314416625349745,0.027370639908796512,0.11165875919983992,0.07524315372007351,0.06464563357417474
2021-03-24,-0.028878961746178433,0.05562839252323193,0.07402127407765002,0.03771791335656327,0.287938473737519,0.030088073124582726,0.016500028960960478,0.07582925518278127,0.06788685437589947,0.03469957738410723
2021-03-25,-0.06303534681847156,0.05713184635086499,0.05819367590665281,0.02687610705137966,0.2712954365652014,0.001987314743013835,-0.014364821904910507,0.08350698895331332,0.04864076044757204,0.013857112340009525
2021-03-26,-0.029172245536155383,0.07810338478413037,0.060097622797549155,0.046489561735670426,0.2784536971371656,0.003597415266112902,0.014267626696793823,0.09677715347224902,0.04930800896624765,0.010503202961482883
2021-03-30,0.004691080398623537,0.09757146938976269,0.09905210644074591,0.09027747452500456,0.2913383492533661,0.021031461802399898,0.012326501304724902,0.12123217948799225,0.0807002796318339,0.027991663090411567
2021-03-31,0.01840802278874598,0.093986194704482,0.08536661711234572,0.04813875629273068,0.3038650943663388,0.00784896788977596,0.004173527656235354,0.10350692435210651,0.08730409446728782,0.0469174720087191
2021-04-01,0.004837666130496299,0.11380109922785286,0.09897264419447294,0.04329671224758802,0.32659255059352876,0.01728299755212226,0.010967744405501412,0.1268246102363959,0.08290716943508603,0.054344299538710894
2021-04-05,-0.006010464311709596,0.08234404195329259,0.11856924797581936,0.017227321414403196,0.2653899710119425,0.0025660636886477572,0.025429576267177456,0.08293837870351806,0.10819211286824526,0.018408764608030426
2021-04-06,0.008691129822165244,0.08018500534150785,0.1194814341013517,0.010666305306831436,0.2546525199002918,-0.001610032483015833,0.03309719137958722,0.07279622853370671,0.11701957576940103,0.01888788087115678
2021-04-07,0.007413418940898531,0.08261374626702933,0.1346742334506379,0.015543192137922324,0.28328544168074044,0.007723229816470889,0.05134426406863546,0.09507108345913595,0.11931199049825714,0.02439814781200078
2021-04-08,0.009361155791989706,0.09417888356435178,0.1423302579083754,0.005438324545565365,0.27272718508552063,0.008981018790017448,0.054061901367981946,0.09327002574597332,0.13503384109584338,0.021762865059842262
2021-04-09,0.03704620202546671,0.08257508831489346,0.1432824561409416,-0.0023158041636859306,0.2634214824941896,-0.002742083383257654,0.05842951068819957,0.07336495841536572,0.13671034152375694,0.021043951823546125
2021-04-12,0.031182660424323716,0.03712425296762434,0.13114383936622542,-0.04070023519340238,0.1769860976628188,-0.038415090637215044,0.01417061674002773,0.020947898289467526,0.11080958010150832,-0.016328645286585064
2021-04-13,0.027999447354942086,0.05913645145437574,0.10845360287107009,-0.017332585240026566,0.2204724010920378,-0.028025165849403177,0.04076480649199721,0.0627488268002172,0.062053341741999724,-3.802358379334514e-05
2021-04-15,0.03061709784962674,0.05986904969239437,0.07957486461914742,0.003543667617840418,0.22655682014691036,-0.021735948821338114,0.04697665474841761,0.09042649596954266,0.10136610658755685,-0.009620730992889182
2021-04-16,0.02988416919026271,0.04791833437506221,0.0740212740776498,0.0025261479479845583,0.21653518304171526,-0.027874320985486922,0.04969429204776432,0.07478654385578531,0.09322274677937914,-0.003631538862204131
2021-04-19,0.020564911082555426,0.010370145885697735,0.08100316196799673,-0.008876912204729748,0.18521819975187492,-0.04316979967434642,0.021935427060553403,0.0611375052234262,0.08181229628839093,-0.014891296497205997
2021-04-20,0.0041465228291834855,0.02659997602405828,0.07211721479319433,-0.023613112324040952,0.17931273419861649,-0.04344651869173333,0.029214755344099563,0.05990505776005839,0.07591030592689596,-0.024713514269543713
2021-04-22,-0.015978855710216067,0.030686201684946512,0.07191895255496883,-0.0017893931021033538,0.20490320543681206,-0.040804998551086324,0.030476564037006826,0.09800948130375264,0.06709998653560234,-0.013453756634541847
2021-04-23,-0.033423456412928876,0.019969336031645524,0.05819367590665259,-0.007648864883629702,0.20418739143035647,-0.04183648620871738,0.014461770111225736,0.08047396230423876,0.06391803553098296,-0.016089039386700255
2021-04-26,-0.011266882632567032,0.02999226139906397,0.06592905021710393,-0.01420997292467352,0.2322833321985549,-0.02498112057798141,0.02407057236615473,0.12056870117001162,0.060941036149883,-0.01632864528658473
2021-04-27,-0.003225110753663718,0.06449488428102645,0.06985608117152653,0.00957845653077416,0.26360031548839524,0.00057861286546812,0.037173647328607284,0.13507107388858697,0.07161614564201324,-0.015849529023458486
2021-04-28,0.007957976510338804,0.06083269429201388,0.07580642097659318,0.03631464083752811,0.3006441723521054,0.004930796771824841,0.05658551875379647,0.17791435483074047,0.0689134424187059,-0.01537050829697495
2021-04-29,0.008397733705957311,0.04753285650518757,0.07608414546109166,0.03329701654738093,0.2863276512081767,0.018390009701835464,0.049888435462196234,0.17810433023084027,0.06588491619616654,-0.021119998991132705
2021-04-30,-0.014156699585740395,0.03350042048034285,0.07449726080037355,-0.008946965510514882,0.2652111380177371,0.003522026854196003,0.041929419976788784,0.1383885851103548,0.0386501392958325,-0.029265453147492515
2021-05-03,0.008565212116855792,0.03508088976184265,0.07267266376219106,-0.0074382452989134595,0.2548314734019057,-0.014314408732699735,0.08482968052663709,0.13127958122148176,0.03911185831986974,-0.03717120586732514
2021-05-04,0.00841862638498303,0.031303026366827025,0.054702844355037916,-0.025753507422846877,0.2580528774457729,-0.03567293921387438,0.072406107514696,0.12142179599249969,0.04347430370864136,-0.043639609797779144
2021-05-05,0.0029738369742016157,0.032112640058712616,0.06430260302358803,-0.015753811722639677,0.27201125057165654,-0.033911857746693364,0.086965011083588,0.14274880765911857,0.0591961543062276,-0.035015134914935686
2021-05-06,0.0010262124493416458,0.033076384808466974,0.08024911358009668,-0.016946832390847044,0.27254799056908974,-0.028427622940094932,0.0846355371122054,0.15298570626525176,0.06458499511409932,-0.028546635447838975
2021-05-07,0.009905713361430646,0.03523512096984649,0.07306941302576031,-0.0072279015146134995,0.28221160016364855,-0.028050408720180386,0.10356205000131502,0.15090028361125962,0.07192415094841142,-0.016089039386700144
2021-05-10,0.018994253390006266,0.07555887030247099,0.06275539328922641,-0.003649023376935512,0.2945596327898241,-0.030842841764826434,0.11142374677770683,0.16255912655340454,0.07623535843130291,-0.015130806860447765
2021-05-11,0.006094035027812694,0.06676939399854365,0.055694717513961045,-0.015087110182542496,0.3051180098924524,-0.027345921701241616,0.10336803008778284,0.15611348135064818,0.06840010024137633,-0.022557443317154258
2021-05-12,-0.024543843174608226,0.06808025911644178,0.052798785070582444,-0.017929141540866,0.3160342939983085,-0.037408845850361305,0.09045909853976197,0.12748808855437654,0.05642458810791284,-0.026151054132207974
2021-05-14,-0.004481479650979225,0.09136476491909051,0.0443892741927403,-0.02680623761253953,0.29008567474206814,-0.025257839595368425,0.08783840944673171,0.13232205328474955,0.0440730744997222,0.016971320282009206
2021-05-17,-0.004732753430442438,0.0691981349240649,0.054702844355037916,0.01066630530683188,0.3711523340176133,-0.013660339415232259,0.06697070941510308,0.1821798289431824,0.05031706825177973,0.018648274971272416
2021-05-18,-0.00557059478985944,0.09275254534072053,0.06311258001999809,0.03624431173132692,0.3681100039827687,0.0002265054361645369,0.04115321682176076,0.2003791851562693,0.05683535816162988,0.006430475883303366
2021-05-19,-0.011643624812414544,0.08207393703901533,0.06073230922570039,0.02326229419428172,0.37580512505957464,0.0048049906584368696,0.02533238105906177,0.18568719593318606,0.054508463789343375,-0.0045898669250994395
2021-05-20,-0.01817764168830749,0.08693141889005829,0.06255735583811917,0.005438324545565809,0.37634198556441634,-0.0010567305284080453,0.0106764675334039,0.1727011570913517,0.04698149984137401,-0.00818328666686774
2021-05-21,-0.010596519684048067,0.09333071207046495,0.07461628557944433,0.05069993089360891,0.4359339836314775,0.0075722488723890535,0.030670645700988874,0.21791470415578318,0.05399541054757284,0.0016391221787552812
2021-05-24,-0.021360742431457802,0.11276023887409625,0.06949923162143201,0.05957665923139377,0.47476725500391836,-0.0009308563749371723,0.022614743759715505,0.22720363987124204,0.0543376065618415,0.013377996076883392
2021-05-25,-0.018219427046358483,0.11869713888089639,0.08024911358009645,0.03782326911565792,0.475840976013602,-0.01225150145752052,0.021255863359592286,0.23279619025150988,0.07066930381362124,0.010503202961483105
2021-05-26,-0.014051899211918295,0.13562060885473404,0.1085330651173424,0.03649004990240812,0.4801356190375181,-0.008779960344878601,0.020576546660430628,0.23696679629576622,0.08596930849437734,0.009065567562176247
2021-05-27,-0.025611953308231294,0.14329220935103804,0.11249965860456279,0.040419654236372615,0.5218322669431896,-0.005735847033373931,0.00902643376208312,0.23649269521856509,0.09336162847163232,0.011701136924262778
2021-05-28,-0.027580358185885556,0.1396298190617553,0.11472122969343279,0.055015563877169216,0.5105581963415144,0.053987492463710485,0.016402957253744965,0.21905216391910098,0.08084648102492697,0.020085814833936455
2021-05-31,-0.019894885112729743,0.13161139864771254,0.117688194866153,0.0637169750835469,0.5187900574157533,0.08694331900477237,0.03833838431429881,0.2563981214447648,0.08619275199370291,0.0378139763993921
2021-06-01,-0.012250972745162292,0.13697013192476826,0.11243559427588457,0.060804798485966094,0.5481386726952493,0.09127053220068371,0.03445601002926102,0.23241695724249456,0.08407841788133519,0.03134547693229561
2021-06-02,-0.012041596649981612,0.13419447093137316,0.10557902520391704,0.0554015925267648,0.5649604223543636,0.10754714888578598,0.027855813193526924,0.22909944602072652,0.07598138407452648,0.0013996118155135129
2021-06-03,-0.010177767493686485,0.16488047231604885,0.11440034608224581,0.06701518033072329,0.588078081570258,0.11177352667875473,0.03280603800838988,0.23270132218332384,0.0800385208887886,0.0016391221787552812
2021-06-04,-0.019057268405775485,0.1854664327293043,0.1111926339059659,0.05326128936143104,0.5662247860842848,0.10213843857126981,0.034067599699497464,0.2183886856011199,0.08089810417821974,0.00020158231609102018
2021-06-07,-0.020208949255500985,0.20107953833591918,0.11440034608224581,0.05248941592918399,0.5613483332921583,0.12070433188754959,0.04134711323439344,0.2288150810798968,0.09446189508210456,0.013138294640356207
2021-06-08,-0.011957913607648307,0.19441024039137056,0.13308532570585552,0.04070032712687399,0.5431071268683905,0.11426413391540269,0.06143836310919437,0.21781983608759692,0.10028982162852129,0.023679330112347463
2021-06-09,-0.013214282504964148,0.17139553905259364,0.13496982851103012,0.03877045967931214,0.5223370724773719,0.09433948014246796,0.04823833994042559,0.20587674783648668,0.10032410864824537,0.018169349781431476
2021-06-10,-0.0036649802755132077,0.17170390131846625,0.14218729330121893,0.039296962674366887,0.5613483332921583,0.0983647994902983,0.0582353672737681,0.21402858268421965,0.10601440555650021,0.03183233166348032
2021-06-11,-0.00881659822254921,0.1591752195716596,0.16031075470364087,0.04301603935708731,0.5517759478058295,0.11741663507905842,0.049888435462196457,0.20511852108218376,0.12561251930811834,0.024930669058394805
2021-06-14,-0.0024462406656895475,0.1686585360113344,0.17225942636350378,0.03817408724541682,0.5544851953635963,0.1334470827440215,0.046976654748418056,0.20407580975518758,0.12648905348370532,0.021972567990562686
2021-06-15,0.009091797489284792,0.16484191451404784,0.1819628118935297,0.04575271495631661,0.5514147871025725,0.13602199164345352,0.053091307796722775,0.2233175183996785,0.12181320932475903,0.02074004976312649
2021-06-16,0.015820700376518282,0.14949881367157491,0.18733578598557799,0.04178790010251521,0.5385918347795211,0.11663397000480225,0.041929419976789006,0.21345961353883247,0.12580157947586668,0.024683993446950714
2021-06-17,0.019954979646487736,0.14691604183831974,0.1991241844301861,0.028805974498942177,0.5180025415012437,0.11867877861791443,0.026205964673555293,0.19999995214725308,0.14072356013297926,0.01383819608475556
2021-06-18,0.04746086554100892,0.1380107919782545,0.20553949638918678,0.03841973348302585,0.49145331332106834,0.12372782905391855,0.04581191776272653,0.19507111934869403,0.13369260222877144,0.008415249635336686
2021-06-21,0.0607287276583135,0.13111024737183508,0.203133937044095,0.04466495811373128,0.5161964969701416,0.12958458331470757,0.047461889783597666,0.19668244092548504,0.12537193229893062,0.007922376095662154
2021-06-22,0.05056163115660173,0.15589820700211687,0.21239595306759496,0.04122655432151223,0.5122232472046788,0.12377831479547274,0.04125004152717726,0.19592409453931836,0.13503297428916494,0.01112648401843952
2021-06-23,0.04644824456565799,0.140516648507778,0.205419572461643,0.0424195749897196,0.5129454481037845,0.1134784750774962,0.03668828879252772,0.18426537122903763,0.12134898619253964,0.005457244104147385
2021-06-24,0.05051939649362547,0.15963761274526633,0.2503673302494769,0.05698045797762363,0.5069855132018866,0.08729937275888755,0.026400108087987206,0.20199050673305918,0.15992612110367954,0.0020062694966405115
2021-06-25,0.0330118931013732,0.17490369813387252,0.2623962509105262,0.06319074788890866,0.5488864211649556,0.0625340753240462,0.038726547642262465,0.23033165422036528,0.16240172097724148,0.010880286090208857
2021-06-28,0.03788449268980987,0.1676560331593091,0.2604718483918764,0.05845415153633238,0.5414813614203953,0.053218775606460156,0.03115594248661857,0.23279619025150877,0.14725620050895016,0.0037318523370364343
2021-06-29,0.051532129795207826,0.16491892996791502,0.253454893711095,0.05859508554915216,0.5225177130827046,0.05412758699451925,0.019023584596325138,0.21345961353883203,0.14866582079176416,0.002252754034798965
2021-06-30,0.04256703629485292,0.15693916750600834,0.267689088394947,0.05567022213241346,0.514209932341114,0.06566453150082352,0.020382279745098764,0.19601896260750395,0.15035050772719627,-0.0007051559597478496
2021-07-01,0.04539383823225562,0.1505783319774674,0.2513296439023607,0.04781211666615026,0.5185442223024253,0.059252298002771875,0.014558780067991828,0.19592409453931814,0.1488890716673834,0.0007738468058469117
2021-07-02,0.04931705651357454,0.14545104566255262,0.2572640238220376,0.043336795241449844,0.5329929400734719,0.07495458834763236,0.019120594553091452,0.21374397847966153,0.1433710766644276,-0.002184063188699903
2021-07-05,0.054274237754195376,0.1626446205506673,0.26620549341502775,0.053943619591795056,0.5627930966125954,0.08563320720743173,0.017082397453806353,0.22815148313005107,0.14184097025331366,0.003978241338552291
2021-07-06,0.04307351527187553,0.1607556888531596,0.2527730019881276,0.08160575783013457,0.5523178696218283,0.07280880825141134,0.021255863359592286,0.23279619025150877,0.12165833986488228,-0.0016911896490252598
2021-07-07,0.04693349388496104,0.16919814493907803,0.2546977416874545,0.08498844993822519,0.5635155385265183,0.065361549011415,0.028050080108858344,0.23981032607219577,0.1260077831534776,0.004471305951512239
2021-07-08,0.032547985766020915,0.15705474076187587,0.2516102906193953,0.07156276146454044,0.5331735806788049,0.056551038669288234,0.019703024796386748,0.21687211246064986,0.12035177326494706,-0.004156035030612126
2021-07-09,0.034193115749936,0.15620666941812433,0.253334407815756,0.058559875029315034,0.5306450942337793,0.045746273495686385,0.04095894990642912,0.21052121569421534,0.10304029553099547,-0.007360525099960213
2021-07-12,0.03111335513960012,0.15709329856387666,0.24126547504767237,0.047988261198806725,0.5440100888802377,0.05225947847684642,0.02814715181607408,0.22511845648097673,0.09786584490825256,-0.008592947790753591
2021-07-13,0.027970467187262482,0.1670007508255622,0.23894016470376722,0.05845415153633238,0.5499700237821354,0.06013593456013666,0.028923725473801287,0.2605684882252919,0.09595752184978878,-0.004895584181730861
2021-07-14,0.01875275199266846,0.1909790967639584,0.2645615128262946,0.05655122059611317,0.5570136818086218,0.053218775606459934,0.028923725473801287,0.25943114809383805,0.1052408287519393,0.006196793255265565
2021-07-15,0.017698008680572253,0.24082512093879882,0.267689088394947,0.07173890599719712,0.5593615276483144,0.05137584191948141,0.01999417816758431,0.2653079437830712,0.10365572827267222,0.01679620161594464
2021-07-16,0.01982850031002159,0.24807248546295702,0.24736024057616324,0.0729017724865364,0.5532209521410836,0.06654803197802228,0.05047074220459158,0.25175353395517,0.1008476598820105,0.02493066905839436
2021-07-19,0.016136898717684867,0.2410178097986686,0.2363336456750318,0.036712069237671896,0.5456354928060074,0.05975722345839696,0.045229611020330296,0.2434123218666573,0.09733275880102554,0.02419092883399032
2021-07-20,0.027211141863538346,0.22617586023207337,0.24302971674462626,0.01708418099825204,0.5203505078483448,0.05715686756793903,0.020576546660429962,0.21687211246064986,0.10463782023931967,0.01950753153569007
2021-07-22,0.0032699289199620285,0.26611403154468793,0.2752270996156456,0.02099576637167333,0.52450439821914,0.0707386206873557,0.06124434319566174,0.2435071899348431,0.10827301482489848,0.020493469688324772
2021-07-23,-0.005188460950907747,0.2426754948343055,0.275427609725053,0.016802404906084645,0.5492474613608043,0.06316535121372269,0.06435014382297233,0.28274871434626325,0.10706709411151283,0.04711504178581638
2021-07-26,-0.009154026221434242,0.2317656398707295,0.28621357001618386,0.011023282979225169,0.5290196903080093,0.04859885397366637,0.05610016021771691,0.2829383308507709,0.10179507958152145,0.040952832795206895
2021-07-27,-0.011811889506931572,0.2399769494449122,0.28513110764863825,0.01468802697989946,0.553040311535751,0.037566902963070525,0.04930600521890072,0.28426528748673263,0.09676432624368969,0.028627937130774495
2021-07-28,-0.003796289639925843,0.24305686654864256,0.2875771286750004,-0.0011339993790818736,0.5369663103463429,0.02865542113783559,0.10239731301562371,0.29867291176898614,0.10188108606639101,0.03084639351084517
2021-07-29,-0.015039022132759428,0.24446037054147807,0.29671888359027987,-0.0004643559678756404,0.5949410989914117,0.03668326640570552,0.10094148440918449,0.3071336360896775,0.1011918784451955,0.01581007239002452
2021-07-30,-0.015650750788528955,0.24870994107266142,0.29150663228772267,0.005314582092039277,0.5597228088589803,0.027620327355807772,0.09026495512533028,0.2976273292772529,0.09142325611498414,0.010387221477248243
2021-08-02,-0.015861811777179602,0.2584564520672934,0.30838702092666703,0.002636560048047354,0.5709203572562618,0.04640265617597428,0.09705911012414647,0.29553580539819446,0.10932387345470063,0.02197256799056202
2021-08-03,0.006940188528347768,0.27436319786992613,0.3273525348737525,0.011128914538735435,0.6128211447119223,0.05410227608365892,0.12627386546824648,0.3126473490715411,0.13189378574734834,0.03479024165802658
2021-08-04,0.0028270265898666658,0.26566916464471824,0.32258097871636693,0.03269485230473923,0.6505681623041961,0.062180743173249065,0.11501490594109698,0.35875358910545896,0.12812047996434162,0.028381452592615597
2021-08-05,-0.005357174950350596,0.2689441742115599,0.32602955028976566,0.04647301371068169,0.5960248221159998,0.07758018710886705,0.16218570410394695,0.3355578080906292,0.13156622913475946,0.06116523368071669
2021-08-06,0.0004645812927412951,0.25564954423175723,0.3233426698662847,0.05197035954537377,0.5736294843066196,0.05475872680402971,0.18004467521548095,0.32643169134213235,0.14047372718588913,0.05623554291754318
2021-08-09,0.0059489095369476,0.24559086526611984,0.3338480958339398,0.05989879411783838,0.5655022236629534,0.048750379238411856,0.16325324588152257,0.33631830785034866,0.14491871183281657,0.054016991000829684
2021-08-10,0.004809921551361285,0.23857334530194163,0.3450350763438852,0.06254178950893774,0.5403978793106237,0.05425373330832173,0.20780347845224179,0.33261091638366547,0.14877783147698675,0.03454385265651028
2021-08-11,0.00845895150202769,0.23455782563641092,0.3452754861667675,0.053591146659536903,0.5461771736071888,0.0690220374344288,0.20518291286011126,0.31863647908111026,0.15232692326584263,0.02862793713077405
2021-08-12,0.009239394157240177,0.26586405680755965,0.35493885958975935,0.0581369810573833,0.5429264862630576,0.06558880288849189,0.2096477173884448,0.3334665234752987,0.15492821010777513,0.029860359821567428
2021-08-13,0.01438640672879199,0.30091329912672027,0.37306265817285866,0.07561509698383695,0.5575556036246203,0.08333590184646478,0.2366299469674784,0.3400259385807596,0.19340017247526675,0.04243164448751591
2021-08-16,0.023625126928642937,0.2913226217422531,0.36680739464199474,0.07871610493323233,0.5346184645066501,0.09739740559081267,0.23080650904082134,0.3359382374182849,0.19669085956210108,0.039720314567770476
2021-08-17,0.04784052820287177,0.2777940410469326,0.3966793547755496,0.06747521542540635,0.5225177130827043,0.09272706625654825,0.21585944214396546,0.333181201479557,0.22429133256887424,0.03133936258716208
2021-08-18,0.04878990950998974,0.273193644592608,0.39010354481417586,0.06631225700259491,0.5160159768722163,0.09696820874751899,0.20925943055958118,0.308654515977252,0.22687576483650407,0.03010684435972588
2021-08-20,0.10504614361582809,0.2425888649674719,0.38970241220180224,0.06754554453160799,0.4690580960190962,0.08464873524712413,0.19130351124173095,0.2942049009107195,0.2265137285804848,0.029860359821567206
2021-08-23,0.11126856752603898,0.2325692445545109,0.39435359485740795,0.07448762488127869,0.47917204179919803,0.09176776912693496,0.20867700031628544,0.29800739970931645,0.25335603467920165,0.017042495080817455
2021-08-24,0.11078365518542999,0.2521018258471266,0.3799992514588941,0.09862576926481936,0.5084305175371404,0.10254742750992563,0.2037269607527723,0.3203475736325132,0.24501783599208626,0.014331165161072024
2021-08-25,0.11584608610479763,0.24274499902804214,0.391787649903502,0.09760392872177204,0.5035540647450139,0.11208984502442276,0.18887696556313238,0.3138831462271021,0.2607990146912176,0.017535655230420222
2021-08-26,0.12487385764222925,0.24426537822850136,0.385492374265604,0.09577151075469881,0.4836870928732506,0.12615141680885378,0.1392798687234833,0.32861820292124055,0.26522685582828287,0.008661734173494473
2021-08-27,0.12974656955689734,0.277287281363491,0.3703361028230203,0.09129628126347056,0.4898279093952984,0.12461132953111775,0.15529460089881453,0.33042452443642123,0.28186992930132115,0.01507071431219087
2021-08-30,0.13385984382160987,0.294441397098389,0.3617152920540989,0.10525049526859731,0.5268523645662413,0.14624637490943027,0.2044065862041835,0.35685239952209247,0.27537465792437565,0.02542354259806867
2021-08-31,0.14921596290538708,0.30387624087269094,0.36845126283716834,0.11451821666347439,0.5389529954827783,0.14013712390078714,0.28904187631458966,0.3671192060942363,0.30471500455844014,0.0416921908730401
2021-09-01,0.1529283448505181,0.31494853935534617,0.3454359841691399,0.11289724568236692,0.5528596709304185,0.14465586993022295,0.29360375255013915,0.3687354325774532,0.280078143585178,0.03281836535275717
2021-09-02,0.1816788053880667,0.31479260559504607,0.3545378393709444,0.11987453655187452,0.5523178696218287,0.15843956601585663,0.2937980194654706,0.37871703678571933,0.32204718934082055,0.03405078804355055
2021-09-03,0.1671877106116857,0.3189252007684704,0.36380019257512175,0.11074793303676134,0.5582780455385432,0.2059505951432039,0.2781714506181032,0.3771009299343666,0.3238733583885409,0.03824121626553323
2021-09-06,0.17305147686529132,0.321030456757724,0.3876576361813724,0.10345337975483293,0.557013681808622,0.22468243822181622,0.27069779366877555,0.3711120391885252,0.3273019640490966,0.03183233166347965
2021-09-07,0.17182801955375226,0.3112837454628219,0.3686117608395414,0.10595534919964034,0.5499700237821357,0.23240730100027807,0.3016595927409629,0.3630315049317614,0.3148628066545325,0.0439107427897536
2021-09-08,0.18161545339360208,0.29947083673134256,0.35786603744256307,0.11099459054256422,0.5580974049332106,0.22758557248143374,0.2964184615567016,0.3707316098608693,0.30047689777209485,0.041445801871524246
2021-09-09,0.1857288399845458,0.3021999279119312,0.35654260328433973,0.10549724470787214,0.5615288533900833,0.22468243822181644,0.3319421368644382,0.3694008250052583,0.3064207837897135,0.04834756001325258
2021-09-13,0.1754773864831125,0.3034864565470079,0.3567833502878994,0.09630003628614103,0.5635155385265187,0.1973926495890146,0.34582166198371844,0.3449692468348673,0.32501060875062526,0.055742478304583454
2021-09-14,0.16543688164409853,0.3227848868238359,0.3521722921328869,0.0913666103696722,0.5640573398351085,0.19582731944050136,0.3475685822109058,0.3450643541667813,0.3389830508474576,0.06535575743934241
2021-09-15,0.17087875057286572,0.3388086079842274,0.37246101545107746,0.09013341477413128,0.6032491207478199,0.20080064126417407,0.4083276903713884,0.35818306474583905,0.362638397725191,0.06486297943631048
2021-09-16,0.16784156160420038,0.34212237565334,0.36508327744563385,0.09940086036859186,0.6749501852500126,0.22599506750222642,0.39493340028728796,0.38261464291623004,0.34497865633022173,0.13757907090232746
2021-09-17,0.14843552025017503,0.3381845724926218,0.3563021934614574,0.11504692606186073,0.6402735759187625,0.2069856208851486,0.4134717498484337,0.3692107299732945,0.31898071624813706,0.1395511382808825
2021-09-20,0.18138338739969484,0.32894472103129613,0.3535355136110263,0.09933043932891805,0.5801314615319253,0.20890435122454143,0.40726002509291304,0.3499124354571115,0.3174815259418866,0.15236881194834684
2021-09-21,0.18648816530827017,0.34184946653528114,0.3780745117595672,0.0937628563214965,0.5850077938166434,0.21413010175598535,0.4105599691346553,0.35342985152369466,0.3310748845846907,0.19057582609579504
2021-09-22,0.17469683150166904,0.33405217761946737,0.3768315513896485,0.08090081196561871,0.5851885549293847,0.2271562395579736,0.41075423604998695,0.33726902227389544,0.33079943268466017,0.20043558976871267
2021-09-23,0.17376867985227062,0.37990070915308927,0.39740125860555087,0.10648378279761017,0.624741255530536,0.25714721948417596,0.4108511842563032,0.36322148033186097,0.3332457537548621,0.1955057079322544
2021-09-24,0.1587290960883534,0.37915979845385994,0.41448204496034347,0.12871945590829226,0.5920514518431299,0.25351211001210516,0.4353101669522217,0.3745342282913302,0.3339522011977727,0.17553950497497484
2021-09-27,0.1430565540109472,0.35643062515016033,0.38023977367533557,0.1453165733710462,0.6131824259225889,0.27459133595274055,0.42893505050631076,0.3879382608661297,0.3221160523158282,0.17677202320241037
2021-09-28,0.14911048857417786,0.35452016117361307,0.35293398328280445,0.13823365094202789,0.6070418504153581,0.28650719568103344,0.3767255391339155,0.3635068023276029,0.3021997242013774,0.17208872144075316
2021-09-29,0.13284733517249014,0.34192728319022825,0.3570639970049341,0.12329262304674637,0.6615851906035546,0.2763082594060824,0.3726713750973034,0.3489619602972922,0.30659308569501253,0.17381411320786366
2021-09-30,0.13980819172739967,0.32785318470919544,0.34339098336159224,0.12406789801746343,0.6363002056458917,0.27196607739192036,0.36120122903155427,0.33251580905175104,0.3009594201564145,0.1642007385364619
2021-10-01,0.14075768536074906,0.323135812897112,0.3353318032074175,0.11543442564701123,0.6314237528537652,0.2742128970113329,0.3366786433722566,0.31635474053822366,0.28533282198160115,0.16025679485263766
2021-10-04,0.13322711016058375,0.3374439622437977,0.34623791221320976,0.1175840140930331,0.6729633796061687,0.2905968129072587,0.3475556146164307,0.33127989226432586,0.30018391711478976,0.16641929045317538
2021-10-05,0.14269778402811073,0.33857445696843946,0.35750502933078265,0.1244201870827768,0.6785622743122179,0.31738160804435234,0.3828562472991901,0.3253858695866705,0.3208584121372968,0.15705220924664665
2021-10-06,0.13316387049235057,0.3216932503516001,0.3420679987776052,0.13812792744904523,0.651471124316044,0.2924650575050971,0.3673319371968289,0.31093625452013773,0.31313998022525036,0.14004401182055637
2021-10-07,0.12613966194297643,0.3352607894494617,0.35606167124501575,0.13502691949964984,0.653999731268478,0.29880163043090047,0.3695072820453038,0.3350825106947868,0.34139508489793546,0.1484250593378078
2021-10-08,0.11375794146455664,0.34652787994482304,0.38240469841042635,0.12949445507859303,0.6543608919717352,0.3487108003221566,0.3754401417691533,0.337364009973945,0.3561256939028241,0.14226265927391246
2021-10-11,0.11588820844154335,0.3387304908788742,0.3560214343508632,0.15144807629669144,0.6949975567122917,0.33931949983190735,0.3662441412716917,0.3561868874624221,0.2699646285088093,0.17356753313306195
2021-10-12,0.12898724423317387,0.3397442105460273,0.3513702516952575,0.14848800236011583,0.7446644441083614,0.3469688381182865,0.3573447899354676,0.34725074611402507,0.25867986498619167,0.1895897924065173
2021-10-13,0.11658429409703452,0.36613827789238607,0.37065676164708883,0.15539478025647746,0.7399687524289762,0.36067687363167167,0.3643654455844543,0.3498175673889252,0.25948955873568713,0.2285362601684413
2021-10-14,0.11776551674559732,0.39518351961425124,0.37590936223735727,0.18922363194029868,0.772116875315201,0.3634285506666264,0.3562571175112301,0.38280485758005756,0.24680220569553613,0.2647711114006921
2021-10-18,0.11964282504965107,0.3945207260203747,0.4371766648043023,0.177172165008447,0.7986659829879679,0.3670637962188632,0.34597344458953105,0.4173132669224926,0.2591272335441084,0.2943506890293732
2021-10-19,0.07441837477422708,0.4394337551423313,0.46123450612640116,0.19013974899036334,0.7634475723481278,0.3793076091470098,0.3469623162939559,0.4211156460892256,0.25463919749881936,0.21251400089498573
2021-10-20,0.045668026562909914,0.40875095856197774,0.44535621846025686,0.17967395058630986,0.805709641014454,0.3634285506666264,0.4010505233535886,0.4180736470503481,0.24590467553596063,0.21571839542769133
2021-10-21,0.0317884357898357,0.4080101480128837,0.4063023789108293,0.18140064506040043,0.8167266693138113,0.32409689207189496,0.37652769069249126,0.43642098787925576,0.21954604756380092,0.20635160083109105
2021-10-22,0.03531087407780409,0.3974837679164811,0.3791573113077895,0.18453686352963272,0.8167266693138113,0.32657082948821836,0.37346252186120377,0.4436457954125219,0.20792871921223033,0.16641929045317516
2021-10-25,0.03604919439627152,0.3911678997985857,0.3693335522759835,0.16779862818711488,0.8295497421442712,0.3136453910090067,0.36673851537345437,0.6003118563431833,0.20589191614165436,0.15064322910795025
2021-10-26,0.03435149573609886,0.40060264342275254,0.3783541469345697,0.16480334373070238,0.8514032786450616,0.34356071036296076,0.376824586855528,0.5769260999282535,0.2023184574539496,0.1669122595294925
2021-10-27,0.017266788278535783,0.39147986746932073,0.39878246305314335,0.15779093427482982,0.8752433797748786,0.32657082948821836,0.38898683196356476,0.5875732161961891,0.2047870265622309,0.1755395049749744
2021-10-28,0.014316764465374776,0.4146379838015142,0.3785159936596516,0.12311647851409013,0.8109473750172462,0.3120297111991053,0.36406879642321677,0.518556517143183,0.18127634008794002,0.10972517165068507
2021-10-29,0.015802391200814947,0.37752254404577656,0.3492695036824034,0.1155402410734665,0.8138369016581202,0.2805494699371358,0.35536717002751783,0.5249258372166801,0.17302539993978527,0.10035828151744197
2021-11-01,0.02172389313731915,0.3999008914263349,0.37540134335029385,0.13136226743244794,0.8627814676476757,0.2813320669713095,0.4090598037052007,0.5284433729151274,0.20017811914122907,0.11835232155952413
2021-11-02,0.02673229513942199,0.41572972042388523,0.3736617158427795,0.13238419990896744,0.8844542430357245,0.2626507096342514,0.41192749459776246,0.5228344329694858,0.20287090224366122,0.11219011256891465
2021-11-03,0.023527627759858172,0.4733131437337692,0.3773832913711952,0.11455351911678391,0.9059466188332577,0.2539666177662594,0.3825595981379528,0.49431515363662015,0.2056500770783758,0.09666082237177664
2021-11-04,0.02840910112056938,0.48847897883717284,0.3823995283067083,0.1233631360198928,0.9160606851207678,0.26166630571402694,0.3865147144529528,0.48699523877144,0.21131205830180222,0.11687341433057186
2021-11-08,0.03225020892679309,0.5006431140923338,0.4056999494341347,0.12780306305781197,0.8900531377417737,0.26323149978237415,0.4021379487760266,0.4832876080410289,0.20927525523122625,0.13289586467731218
2021-11-09,0.03193198871346303,0.5154969815250019,0.40974499362559613,0.10806972712582574,0.9113648729339738,0.2732031821802483,0.41044412529067564,0.49545596309213136,0.2102935604546612,0.1277194027660522
2021-11-10,0.01877364467169551,0.5206042378129032,0.40784374418011793,0.09608868123364767,0.8942071486199774,0.28744111385970395,0.45444650787003393,0.4847137394922818,0.202905478198945,0.1380721355152872
2021-11-11,0.00860778375852811,0.5062180715110001,0.4023019549623241,0.0911905577704879,0.8407472905415525,0.28978904104239067,0.440899570673823,0.4667465887273019,0.20425182159423438,0.13388170729330473
2021-11-12,0.020811130181611626,0.5282455929684169,0.4402455709351123,0.09450292077237687,0.8470686271615246,0.3092528593334565,0.470366391354345,0.476538097903604,0.21731922120694502,0.14817828818972067
2021-11-15,0.029215603461447914,0.5181870141529146,0.44586828351544683,0.09749811329531743,0.8297303827496039,0.30152799655499485,0.4585993491255589,0.47026400479388486,0.22672667408781555,0.17381411320786344
2021-11-16,0.02153260156538117,0.5246199577787041,0.45003493753783785,0.09097920271799453,0.7883712760951245,0.2712844518408555,0.44426163566814747,0.4526770440928325,0.22779718033566176,0.1607496683923122
2021-11-17,0.01495342954449752,0.5227484522046981,0.4461111659966288,0.07885703894605234,0.7993884249018903,0.24407045986046794,0.4239908154850869,0.4474484138429826,0.21588658239122638,0.18071587134959177
2021-11-18,0.01845531213213425,0.4791612105707648,0.4395982964283427,0.08491802889855138,0.8197970775748349,0.24876590598534354,0.41271851786076263,0.4504905325137243,0.19993656901350998,0.17085610767667414
2021-11-22,0.013850161300470676,0.45381972114396496,0.42341755769470124,0.06796843850353995,0.7569458361376393,0.19345462566761817,0.4675976246824953,0.42976658507374466,0.19396369312809103,0.13831862005344608
2021-11-23,0.0162479893604619,0.47085696167123925,0.4052144092588881,0.06810937251635973,0.7809665778727894,0.2046125188717678,0.5008218367374921,0.42948114344613897,0.1959835453125114,0.14176949912431014
2021-11-24,0.007992348337124922,0.45226018324069406,0.3721247339222946,0.06987127751028721,0.7813277385760469,0.18721902422492342,0.5008218367374921,0.4453571292276528,0.18875091038779157,0.122542940854792
2021-11-25,-0.0029163259437625655,0.4424355551407093,0.39348321913585416,0.07543895245118093,0.7719361142024592,0.2586872387218293,0.5131819302869538,0.4279602635585644,0.1896483442355137,0.14029059189535809
2021-11-26,-0.008837715554035452,0.38648958653917886,0.36860546680023165,0.05003203421837399,0.6995127282937521,0.218118883579268,0.46097241891455876,0.3731083361038052,0.18997647871922152,0.1043022252012662
2021-11-29,-0.011257110250440072,0.3779903453266771,0.37240785329762915,0.05803107369745675,0.6800072786474716,0.23271021544960346,0.46215901555950856,0.3658834089386749,0.20901617634623237,0.09197723400019098
2021-11-30,-0.016286854236493675,0.37604112324785866,0.3855952143721655,0.05260442470285498,0.6635719962473978,0.21448309370636753,0.4402074716315352,0.35818306474583883,0.21838924589552566,0.09025174669643765
2021-12-01,-0.004698943234813235,0.39261036219396295,0.38741565284866186,0.06042750351622561,0.7168507316908559,0.24558530426742675,0.4283417521838362,0.38356535733977704,0.23518497365581847,0.09394949245203121
2021-12-02,0.011621496544847565,0.395105502659034,0.4143967382489968,0.07529811037183332,0.7229915482129039,0.2535879066645197,0.44871137308670916,0.373488526167733,0.25765982614939986,0.1114505634177958
2021-12-03,-0.005208455020081493,0.40450128788065975,0.4041220562581427,0.06669984852121802,0.7090847522578556,0.21592241362124387,0.42062887399166193,0.36189069547624997,0.25681411176682345,0.09271687868795242
2021-12-06,-0.020977260677729204,0.3899982463711329,0.3715583827780662,0.05982846501163741,0.6807294795465775,0.19287383551949544,0.3795932300264777,0.349056947997342,0.22089239095909075,0.0742295829596249
2021-12-07,-0.014567701266138933,0.4020452059682651,0.3847862055338731,0.07526262405157969,0.721907945595724,0.20259308920959818,0.3820651005352904,0.39677929488261254,0.23749809543310385,0.0877869013148509
2021-12-08,-0.006503014836046317,0.42305910790866386,0.4185229305901177,0.09506665682365623,0.7755482032646648,0.22089546328458476,0.41430068788766206,0.4324283940486946,0.2521361487471081,0.10898571803620904
2021-12-09,-0.006863806691046581,0.4657498055334732,0.4266940547291409,0.07607320147560581,0.765072855766489,0.24025844617270797,0.41192749459776246,0.43547039308757207,0.24345334624939508,0.16050327939079634
2021-12-10,-0.009813830504207699,0.46075942445319584,0.4232962850444486,0.07304279843282857,0.7869265127746876,0.24152072579173,0.40550001377035083,0.4411743207332637,0.255553871168257,0.16395415846166017
2021-12-13,-0.02188968665474289,0.4514805144391938,0.411484396345992,0.06500845650043652,0.7620028090276905,0.21662921400300306,0.39047007776975207,0.4335690838723416,0.2461806089952574,0.1565594312436147
2021-12-14,-0.015968521696932525,0.4547554238559004,0.41755218742030253,0.058876953574791724,0.7647118155706403,0.20173469552301038,0.367727387077879,0.4424101178888249,0.2510660277466743,0.12697966254164816
2021-12-15,-0.014843799142723824,0.4665295744851088,0.4030298156509571,0.05715035103417354,0.7511663008262575,0.19822586844490808,0.3555650184689425,0.4302420021014506,0.23261325455280568,0.10454870973942465
2021-12-16,-0.01970381819325273,0.46114920877887866,0.43328773526640907,0.05722068014037518,0.7379819467851318,0.21372594366321973,0.3475556146164307,0.40913762533381504,0.23649712634323738,0.09887937428848992
2021-12-17,-0.053342379339160084,0.44025238234637376,0.4731328254717937,0.03815680375265096,0.6897597022020905,0.1816903592441539,0.31719896995309615,0.38470604716342405,0.23744656859166446,0.07447616303442617
2021-12-20,-0.03685210229774305,0.40301986708274207,0.4553747555299563,0.004751029907705373,0.6225741708035843,0.14983140688044472,0.30177346057054755,0.3498175673889252,0.2279695785528142,0.047115041785815714
2021-12-21,-0.035260327273705205,0.4250084301376176,0.4656492127336922,0.016132853428351135,0.6110152206882284,0.16694729798882402,0.3190777891412333,0.3695909200372218,0.2457147485615343,0.04760820193541848
2021-12-22,-0.03322317874248293,0.4588880190293252,0.47624758817471036,0.018529007446703494,0.646594912538734,0.19464083647389385,0.35418057338256803,0.39326187881602914,0.25346534863253534,0.04514326101718891
2021-12-23,-0.02346045667352359,0.46469702731364415,0.5028648556242881,0.01775373247598666,0.6680870473214502,0.19421177571076575,0.3423147304339693,0.39040997480911543,0.2644955599272574,0.07127167296507775
2021-12-24,-0.025030665061147928,0.4498430597308407,0.5076383224721783,0.014089172342256706,0.6505681623041966,0.1980237893985255,0.3389527889405446,0.3824245478842656,0.2673264542271172,0.07472274310922722
2021-12-27,-0.023142236460193644,0.45514530833171807,0.5097822296117207,0.02247571140648974,0.6545414120696589,0.19673619886864357,0.33638199421101955,0.3993459965256485,0.276026303922839,0.07250419119251372
2021-12-28,-0.019873543128777427,0.48111053279971805,0.5274596009781352,0.029523331382199203,0.6659199625944989,0.21094909179757093,0.3448857721652938,0.3989656868298568,0.27963424225397415,0.08482899132030353
2021-12-29,-0.020828428421230005,0.4774846973097351,0.525477652957234,0.024625299852511606,0.641357178535942,0.21301927936162657,0.33855721555859475,0.398775591797893,0.27554310735554743,0.06856034304533232
2021-12-30,-0.012869890279734841,0.470350101837663,0.5313833725193442,0.03001673832727647,0.6316045139665059,0.19110656240476542,0.34350145057981907,0.398775591797893,0.28902455162498253,0.06486297943630959
2021-12-31,0.0017950855027297763,0.47830362496418166,0.5272572925717827,0.04263221711082377,0.6632108355441406,0.19567586221583855,0.35230187769533083,0.4072363161185846,0.29061283039540364,0.07496932318402871
2022-01-03,0.0022833676302784767,0.4993173266043107,0.535913956886052,0.07099902541326197,0.7005963309109318,0.21370063275235984,0.36713408875540465,0.45391284124839393,0.31802424323442846,0.0801455940220035
2022-01-04,0.0192404724890618,0.5107795095627836,0.5364801956367211,0.07727146235172655,0.7464704886394637,0.2410915289484361,0.37929645736434114,0.46940839770225185,0.34115526838357213,0.08581502500958105
2022-01-05,0.02541650566573761,0.5193956259829091,0.49238797762064057,0.10285434125024584,0.7786184910182798,0.24689779746767093,0.38433949310537807,0.49830786709904507,0.33293871156699484,0.0872938367018905
2022-01-06,0.01505957783309464,0.5006040555396578,0.4706653372756464,0.08516487027129882,0.7760902455880714,0.22008769141971718,0.4049067154478767,0.49260393945335346,0.31446840961585143,0.0781736221800915
2022-01-07,0.025565225596005492,0.48532104477822546,0.4678336939480643,0.09277622629828719,0.7744646006474845,0.22993322750378864,0.39363441782355246,0.5081946032391254,0.3303665109047158,0.07669461941449685
2022-01-10,0.021702326500905533,0.5229044861151335,0.49732317880005383,0.09883730818425818,0.8192551557588363,0.23094307841503925,0.3941287919253149,0.5414670957941354,0.3394635506828596,0.1008511550571165
2022-01-11,0.02025927140713568,0.5291812956803528,0.5012468379477035,0.10359449763459794,0.8275631775152437,0.23980407449872,0.3911623003129403,0.5412768811303075,0.35190935359529174,0.09419588145354707
2022-01-12,0.024291558459066387,0.5393567497034788,0.5189243217076771,0.09707531125685853,0.8430952568886532,0.27290013165075666,0.4440639107276232,0.56618375669654,0.33257619375170977,0.09813972960072848
2022-01-13,0.024737381271175973,0.5738212153839803,0.5345790585848018,0.0768835950326876,0.8470686271615242,0.2800697873522877,0.4472278802787235,0.5679899585798567,0.34569512020586,0.10405554958982188
2022-01-14,0.003301941895889504,0.5943674161936141,0.560913431446163,0.0889705482847929,0.8362322394674997,0.28193803195012634,0.4250786114102252,0.5590539368633236,0.3699478895087298,0.09740037152289505
2022-01-17,0.014274417476166867,0.6135879296653595,0.5691250172664566,0.07230273398194886,0.8566408921404443,0.28862773290647725,0.4408995706738237,0.5577230323758486,0.3875550446318752,0.10726013519581268
2022-01-18,0.005763908233964443,0.5767841571299517,0.55395559577746,0.07776459349638754,0.8306333447614505,0.2732535318416365,0.4127185178607635,0.5649478399091148,0.3776983932678779,0.08827987039116802
2022-01-19,-0.019533868605265292,0.5757706377630687,0.5105103150874715,0.07015305360245483,0.8631427488583405,0.2731525603585281,0.391656674414703,0.5373792749997965,0.3538524452327456,0.08630799408589862
2022-01-20,-0.039950621388709306,0.5622031988153422,0.475438579336418,0.06349311707883998,0.8472492677668568,0.25086140446025906,0.41479506198942584,0.5405165010024522,0.3233839978626467,0.07842020225489299
2022-01-21,-0.012954921236844275,0.5252047344173632,0.4446951195457196,0.07237324695509462,0.8158238278093719,0.25106321134631004,0.37494576766739196,0.5295839431069107,0.3257873638463402,0.070039154737642
2022-01-24,-0.030272817950628084,0.4814225004704533,0.4051334858963469,0.04774169562647668,0.7849398276382515,0.20059869829795707,0.3643654455844554,0.5180813393792056,0.3042933512653154,0.04415713179126901
2022-01-25,-0.012169536227453759,0.5012276904307229,0.3932811355166197,0.0487283256496871,0.8589888584875456,0.19825090719543614,0.40777440634043893,0.5241653374569608,0.30379175913407086,0.056481931919058814
2022-01-27,-0.02570990178194099,0.48996049978522627,0.35804755304048386,0.03949581477464692,0.9106425515274597,0.18050360411721433,0.39867733006368966,0.5108564122140753,0.26206580449579797,0.057960934684653465
2022-01-28,-0.03071864076273778,0.47959015359925883,0.36419626747733513,0.031249933922817164,0.8907754591482882,0.17936760689216102,0.41558596175152585,0.4851891565199873,0.27617626147820507,0.07275058019403002
2022-01-31,-0.034878305760985495,0.48867397115014954,0.4046479457211003,0.047072052215270554,0.9444158373246372,0.20499136605367307,0.44228389225929865,0.499733878918434,0.29215410898148386,0.08556854047142237
2022-02-01,-0.021338164858961006,0.5520667031947575,0.4336520027914026,0.0550359731079888,0.9227429414291799,0.20100258423039064,0.4299237987098372,0.540611488702502,0.314426513959728,0.12278942539295046
2022-02-02,-0.011893887655794244,0.5459844853419744,0.445827821834176,0.07913890697169235,0.9498339709179455,0.20345121073585393,0.43387903852573695,0.5471707841760987,0.33363803193277164,0.14448092458069817
2022-02-03,-0.02452160258080527,0.5077384507114597,0.40654919516657895,0.06796843850354017,0.9509174530277171,0.18790037761565626,0.4271551555388875,0.5380447870594658,0.32270942964313076,0.15581988209249586
2022-02-04,-0.020934689036058884,0.5188887661493327,0.4086122913371393,0.07406473090934806,0.9155186427973614,0.1770703015311943,0.42428758814722545,0.5306297648623715,0.31935469517394677,0.15508033294137724
2022-02-07,-0.041733351005991404,0.46941449927586265,0.38749635142408456,0.034703322870997866,0.9261748719156868,0.16990091798999507,0.39719396075660307,0.49517076072825317,0.306938845247847,0.1348676454459392
2022-02-08,-0.0388682458237084,0.46247479596663177,0.3893572515818513,0.030263487766550856,0.9193114929723079,0.18956654316711186,0.40194047083730244,0.506768591419736,0.2946442519448724,0.1400440118205566
2022-02-09,-0.03322317874248315,0.4727675257979218,0.4055377655283747,0.055458775146447925,0.9333988090252805,0.20342617198532587,0.4226064938996137,0.5263518490360688,0.3005582812880121,0.13462116090778053
2022-02-10,-0.030888702676956425,0.4822801862271713,0.4316698299833832,0.07483991394659295,0.952543338983121,0.20218920327716416,0.4319012951168879,0.5314853719540047,0.3039474954006265,0.14497398919365811
2022-02-11,-0.041563738396698025,0.45908301134230145,0.39263363622273184,0.07043519742851068,0.9129901563523359,0.19984127609447744,0.41430068788766383,0.5035362580851666,0.27787086853451215,0.14596011841957823
2022-02-14,-0.054063963049160724,0.40274705811481826,0.36096011973060693,0.03861490824441938,0.8111278951151706,0.18073099407445725,0.363969872202506,0.4329986791445857,0.29128971009939475,0.10785618830960031
2022-02-15,-0.02793834188510147,0.4628258221900434,0.40630653747251433,0.06969522491110292,0.8956520324478234,0.22081980271233648,0.4071811080179646,0.47549239578000635,0.3203576868127298,0.1257778115765178
2022-02-16,-0.029466540262212182,0.4508565790977239,0.40230195496232324,0.06825030652917974,0.8663936772172898,0.21829551563462468,0.4274518047001252,0.45267704409283227,0.318732327978843,0.12451558145320307
2022-02-17,-0.020531550191850934,0.45709453041053694,0.3954249302626023,0.0617312120849125,0.8528482829803155,0.23371993028068783,0.4179591550414261,0.42662947870295276,0.3087373727937113,0.12401076583319126
2022-02-18,-0.018409258377288018,0.46832286280362756,0.3809835942493569,0.06585406057735521,0.8613364633124219,0.22407647324299917,0.40915872792591435,0.42387256239608884,0.3120922035747482,0.1202246486831029
2022-02-21,-0.025943428016855674,0.45339087826560664,0.40019817232337385,0.07272562795388016,0.8488749127074444,0.21170651400105012,0.4040168914650648,0.4344246909639746,0.286326856618039,0.10053597967285866
2022-02-22,-0.036491310442742786,0.43818598460952685,0.40315131308832663,0.06469128602148833,0.8002915074211461,0.2062030238509749,0.38285624729919165,0.42843568058626924,0.24032976022778807,0.08463400103255903
2022-02-23,-0.04054505180485557,0.419355455763734,0.41002800060737044,0.057784600058598645,0.801375110038326,0.19865479312786993,0.3930411195010781,0.41569704043927524,0.23251366809663976,0.09018706838933133
2022-02-24,-0.07832227294375382,0.3702708730658115,0.3576835103026077,0.0003459456557346474,0.7072785872193446,0.1389251259030706,0.3267906673334089,0.3449692468348666,0.17643532110082805,0.052577062722097834
2022-02-25,-0.07861920733624872,0.3856317004821912,0.3709919192402782,0.026211060313782175,0.7444839240104373,0.1531634658230241,0.36189357507564335,0.388033368198043,0.21762530027627913,0.08009027830588211
2022-02-28,-0.07802488924633366,0.4165872058803337,0.3879817792057709,0.0051737400126927735,0.7453868860222843,0.19133381628184232,0.35764143909670665,0.4120845170407781,0.22919350958273954,0.08968225276931951
2022-03-02,-0.0877875551521774,0.3914407087665104,0.37762617385237585,-0.031474251594884484,0.7130581225307269,0.21102488844998524,0.3334155025986463,0.35913365953752163,0.2264098080909267,0.08690567132261195
2022-03-03,-0.11244894772786296,0.36633327020536344,0.3922291318035851,-0.033764590186781684,0.6883149388816541,0.20080064126417407,0.3290646894007967,0.32766748849769245,0.225804199158272,0.10760368496295158
2022-03-04,-0.1427979790264442,0.3347148710632095,0.3942115293987227,-0.03693629497626738,0.6686288486300407,0.17416730335174324,0.2927754320154119,0.3081793382132736,0.21887051622575315,0.13839858422338325
2022-03-07,-0.17486610713226458,0.2744411146750081,0.4076008616989346,-0.06632485188828086,0.5904259274099515,0.130746027530787,0.33568989516873304,0.24296525759072862,0.20522659386004127,0.13562209831331828
2022-03-08,-0.17272252949686662,0.29319392701598845,0.4386274408649675,-0.06421065782904034,0.5904259274099515,0.12870108283750858,0.35071995467023176,0.26435471709037794,0.24501600606687512,0.145466385050119
2022-03-09,-0.1519663830054887,0.3184962577399768,0.46706503439748226,-0.033658958627271085,0.6316045139665065,0.18858213924688783,0.3675296621373556,0.26901282298060836,0.25630770404292,0.15732983873032436
2022-03-10,-0.10780105676518237,0.347541499461842,0.47721844373808375,-0.018471273226186913,0.6930108715758565,0.2078437424114048,0.3798898791877168,0.28640956901783254,0.25227859397792685,0.17121265042721934
2022-03-11,-0.1110057803078619,0.3478926258353887,0.4740632193538965,-0.015581620329285006,0.6989709269851629,0.21132780289931086,0.3741546209034925,0.2888814025926827,0.24473939842460668,0.1931728941908739
2022-03-14,-0.1259043384883567,0.36200568271896305,0.5296439697989468,0.01666137895979336,0.7524305440487711,0.2212741743863249,0.38513063986927865,0.32357978733521753,0.2599044701990889,0.20655117687768532
2022-03-15,-0.13486055821643728,0.3594326254488094,0.48805970166028434,0.003588071484894151,0.7549590304937961,0.19330289628262376,0.3904700777697534,0.32586128661437574,0.24292353474517414,0.20074541510097887
2022-03-16,-0.12045011367414415,0.3693742289065529,0.5285923032665905,0.020608082919579607,0.7798829752556102,0.21344834012475467,0.40807105550167644,0.34611005629037805,0.2643658278610532,0.2247250168813233
2022-03-17,-0.10775854128662754,0.39409188314201704,0.5004377167158511,0.04309022966912002,0.8129340601536819,0.253007252596563,0.4296272730494992,0.3691155030095159,0.2701933691600573,0.23633625382480794
2022-03-21,-0.12934247593971926,0.36945224586177017,0.4991837417771421,0.047635880200022074,0.772116875315201,0.24578724723364376,0.4005560257509271,0.35133856690836396,0.254267241121924,0.2343168958081181
2022-03-22,-0.1538339750905331,0.38329259392755577,0.526974397983565,0.05302741060825911,0.7833143032050742,0.27797442495753844,0.42240876895908763,0.36550309924288293,0.2799461000344976,0.26082067122516395
2022-03-23,-0.16017962087650228,0.3779903453266782,0.514838703441385,0.042526309750896774,0.7722973954131254,0.28203886735306916,0.3941287919253149,0.3656931942748467,0.28390586556521713,0.2721794048220003
2022-03-24,-0.16554909554918373,0.38134327169860227,0.5264078220522186,0.01673179999946739,0.759474202075257,0.30195719339828897,0.3968973115953651,0.3388852487571117,0.29685788357784526,0.2865671276755497
2022-03-25,-0.17102477467357835,0.3653975674934282,0.5181960114448068,0.008450892494745066,0.7724780360184582,0.31064142134644723,0.40283029482011434,0.3294738100128729,0.2821941149990481,0.2789944156921593
2022-03-28,-0.16164407411733883,0.35798996275316197,0.5160522166988235,0.009789903516741028,0.7970405790621979,0.3238192885334301,0.4497001212902352,0.3505779475167805,0.28228041041947716,0.297673548999023
2022-03-29,-0.15657181465273062,0.36192766576374513,0.5258415833015495,0.023180657271005156,0.7880101153918677,0.3241222029827555,0.4930101578255064,0.3599892666291551,0.2814678273143869,0.2853049930888778
2022-03-30,-0.1443260650773236,0.3829416678542792,0.5403635054966587,0.04090533876978908,0.7854816289468423,0.34956919400874487,0.48223198730114514,0.3896495946812599,0.2905287501475966,0.25804408977845683
2022-03-31,-0.1304249638309517,0.37830231299741324,0.5427099458296716,0.036253872812431975,0.782772501896484,0.33028187169286993,0.4930101578255064,0.38850866559388475,0.293433900886241,0.2653641073419133
2022-04-01,-0.11790328486830692,0.3958073548055878,0.5400402616207305,0.061378831086127184,0.8356904381589103,0.340935315721975,0.5000306899735933,0.399821413553354,0.29993591409290743,0.27874210341879624
2022-04-04,-0.09655282028701406,0.42407272742568236,0.5233739827118427,0.16765778610776794,0.8508614773364716,0.3448987866343973,0.5184225674676166,0.41949953923787264,0.3039474954006258,0.2895961169322636
2022-04-05,-0.09173503589946164,0.4316362659262485,0.5056966113454282,0.1334412509718521,0.8400250896424468,0.32588947609748553,0.5160494976786167,0.41037330285751183,0.3193203118423691,0.30978931495259165
2022-04-06,-0.09078003828077785,0.4446969451905334,0.4796050085716901,0.09298767328425295,0.8564603720425208,0.3223549298680253,0.5339471245717775,0.4099932324254483,0.29875975374214736,0.31054672945589457
2022-04-07,-0.08112352066353168,0.4240337690231408,0.46516378495200383,0.06895506852675082,0.8600722200899091,0.29902861214764553,0.5077434446648676,0.423207169968284,0.2741359911809147,0.2956539999090477
2022-04-08,-0.07337705444676901,0.4275035706026886,0.46807646403568604,0.06747521542540724,0.8642263514755213,0.32063841465518106,0.5071502698432924,0.4341394886000973,0.2746547268220214,0.35194313888314466
2022-04-11,-0.08186633403125199,0.38910170236200914,0.42920234178723504,0.0544369346034006,0.8598916999919848,0.31788687370039237,0.49914074248988083,0.4442163197721416,0.27837246066575627,0.3504285964864664
2022-04-12,-0.09493981560525688,0.36274639311792134,0.4097045319443242,0.052569306116490466,0.8524867607548328,0.2930710224839139,0.4667076771987837,0.4522967343970412,0.27653954978831496,0.33679800152629213
2022-04-13,-0.08649310766244434,0.3729610058438586,0.4146396207301781,0.03244810286546551,0.8700057662794953,0.2883248184571521,0.464729933789934,0.4492547353581635,0.26645820287090105,0.36077750776999373
2022-04-18,-0.07566907119685673,0.35545586388554895,0.3117706290229123,-0.016533039832658747,0.8403861298382957,0.28438665845558986,0.44267946564124827,0.4407938914056082,0.2201499228830981,0.3635540892167013
2022-04-19,-0.10308942066622762,0.33003645765366674,0.2637138406036752,-0.05406193797046355,0.8486940310872946,0.3333364631771498,0.430813869694449,0.4569548402872716,0.20073046761908708,0.3203910161926955
2022-04-20,-0.08105994401660455,0.31900331787382274,0.28450597467300653,-0.04553428102646628,0.8396638084317813,0.37254170329774694,0.4621590155595092,0.4365160952111695,0.2300928696675244,0.31029422610924606
2022-04-21,-0.06705275064475091,0.3368592857552739,0.30966718356464074,-0.03140383055521068,0.8649486728820355,0.40467866744041925,0.4550398061925094,0.4494448303901273,0.2549417130295861,0.31458534995263165
2022-04-22,-0.09718948536613681,0.32114743211548236,0.28268587337718754,-0.044618163976401726,0.8082381274594792,0.392914537097121,0.4609724189145594,0.42149607541688106,0.24937363586298833,0.31811934590264235
2022-04-25,-0.1083103438979881,0.2922972828567285,0.262985755127924,-0.03746463664076527,0.7871071533800202,0.3607020484623664,0.4621590155595092,0.4301467751376724,0.227118759642019,0.2885864856922402
2022-04-26,-0.08810594385485482,0.3255138778542892,0.2790857952861425,-0.033024617669373924,0.825937773589474,0.40142213298992235,0.4956797532748438,0.4330937864765001,0.22646152755607174,0.3072653323891754
2022-04-27,-0.08948542230169754,0.30765801012297334,0.2562708019404032,-0.032672144737116326,0.7961374965429417,0.40278538409205256,0.48816497052589414,0.4006769010131235,0.2316144043237074,0.2999449326791481
2022-04-28,-0.04841878364170449,0.3405629379002042,0.2803798947254448,-0.033518024614451414,0.8331619517138844,0.4237387358792173,0.47797997482310794,0.4205452413614701,0.2396037614786859,0.31811934590264235
2022-04-29,-0.051389924786353736,0.32114743211548236,0.26820407568267157,-0.024179882179900414,0.7927059275786608,0.4087937316576704,0.4614669165172216,0.41322532649628996,0.22659983137720596,0.31029422610924606
2022-05-02,-0.05323634337679428,0.30952931539670936,0.24672431781885962,-0.010718799319434535,0.7735616386356372,0.4038457207448576,0.46611425537540896,0.4088524229699375,0.2251126800526002,0.32846816164952686
2022-05-04,-0.07825858397059571,0.27405123019918975,0.2423148937088453,-0.04433611208381805,0.7325636926844152,0.36002042291130154,0.42863840134507436,0.3770059422343164,0.20344569138330448,0.31130376181262687
2022-05-05,-0.08035942147497643,0.27693635529021354,0.28244321568312336,-0.04648579246331208,0.7338281769217447,0.3333869489187047,0.4218154706366126,0.3856567615869717,0.21508324522403832,0.32291499875611174
2022-05-06,-0.08774515199985444,0.26508428785592275,0.2482208380580735,-0.0713991198840973,0.7480960130726417,0.3231628378130593,0.40461018978753915,0.3674995157900278,0.18713932414890522,0.34613737710643844
2022-05-09,-0.10156139077846393,0.260172124031133,0.27046936786602527,-0.06981354328977085,0.7190181779400324,0.27148639480707293,0.4070821837972516,0.3505779475167812,0.19146208905417583,0.32745862594614605
2022-05-10,-0.07450200165344034,0.2537782389580199,0.2564326486654853,-0.05487251539448945,0.7164898120024155,0.24944766761657533,0.42319991572298754,0.3523841494000979,0.18926617880218366,0.31130376181262687
2022-05-11,-0.08167543560112323,0.2248109140412371,0.2351954361021782,-0.049551406025926226,0.721366023779725,0.23664837545116635,0.42952822532788737,0.3578981016456897,0.18001484743528162,0.29060574817228746
2022-05-12,-0.09215951672762057,0.18999572258772912,0.22067317672639186,-0.07097604204522157,0.6711573350750653,0.211453949213114,0.39501873940902765,0.32291427527554895,0.17885640846550244,0.27672293647539226
2022-05-13,-0.0686867603317649,0.19650658301860102,0.2171133355294994,-0.07931762564156886,0.6061388884035104,0.22518715955719348,0.3643654455844556,0.2878354612053582,0.1810178390740642,0.30549828664584866
2022-05-16,-0.05886040545276272,0.20305640185201423,0.20473509568681458,-0.06951448370483759,0.64352450427771,0.2254902100866849,0.3708916036307801,0.2985778044370717,0.16784112550801966,0.2827808194521766
2022-05-17,-0.047081652184069345,0.2507761385092371,0.2284803705210987,-0.06316905158947872,0.6879536576709877,0.2769647101264543,0.39828175668174026,0.3499124354571115,0.19371039295428583,0.33629328144292314
2022-05-18,-0.02738682008932003,0.2261366013791255,0.22099687017655611,-0.06324030003040193,0.6543608919717345,0.2816095344296099,0.37672553913391726,0.34487413950295354,0.1927416883352271,0.3468946960730992
2022-05-19,-0.03878332719283095,0.2069938044121924,0.1546156606712532,-0.08238323920418289,0.6164334747889446,0.25207306225756154,0.33341550259864605,0.3124573736714409,0.1281211541473124,0.39157221595714065
2022-05-20,-0.012721507328161574,0.2554545519187794,0.17726847011123303,-0.058214021307052444,0.6702542525558097,0.32508143207228657,0.36041008226765636,0.3490569479973422,0.13885954052696725,0.413532746330723
2022-05-23,0.010135869809406728,0.2820047533257084,0.18798811820250383,-0.07029858428888158,0.664836118962502,0.3162204359886056,0.356356041731944,0.3519089716361201,0.14880258362324672,0.3857665497170768
2022-05-24,-0.019640241546326043,0.26808638830470555,0.165820511757093,-0.05963990946023867,0.6689898888258885,0.32073938613829034,0.34122730501153264,0.3463951390223923,0.13713026120352323,0.36734039744007574
2022-05-25,-0.024287964019659825,0.2278910314452376,0.1411044937529935,-0.05261701958854015,0.6658718801385095,0.3187954809682034,0.3610035040910311,0.3562818751624728,0.10288754493188601,0.3766795819469364
2022-05-26,-0.03214046619878863,0.21993770861898865,0.1520265626441759,-0.02559602538503758,0.7201657699911228,0.30622357876003736,0.3717815511144926,0.38508623722735225,0.12353420582883046,0.37921751286018646
2022-05-27,-0.010747710791403797,0.24781329691340082,0.182284369866069,-0.0075223644259379,0.7203493027742596,0.30016474545286553,0.35348847434028174,0.4065708040589153,0.13549382650652286,0.39214600903317964
2022-05-30,-0.00295889758543344,0.29502637403731735,0.2352360101770079,-0.000749165864623258,0.7410764565278545,0.3454541297914946,0.3824606739172416,0.42311206263637047,0.17516814604883346,0.3913703470311214
2022-05-31,-0.001133484000249707,0.29007495135958106,0.22934917273282407,-0.009732628963584844,0.7172310530720636,0.3292215350400658,0.3847351899882283,0.43138257229323407,0.17137297747516,0.39964448904519445
2022-06-01,-0.02014964100536276,0.2850067536243561,0.20886825642859863,-0.005526029078005257,0.7179647021749762,0.3296508679635257,0.3737594180242416,0.4310025018611705,0.16818727030826763,0.4058503582815163
2022-06-02,-0.030188011645981838,0.27654657096453095,0.23294655337845094,-0.012477486641836344,0.7236509647521836,0.37549559545925115,0.3763300892528667,0.4254885496155787,0.19179349814089086,0.4143832135240133
2022-06-03,-0.027153069201942714,0.28816458753316887,0.24414780787040002,-0.015899618209483157,0.7040245256677748,0.4033659020798439,0.357641439096706,0.41512663571152086,0.19776444778924662,0.4102459992120129
2022-06-06,-0.03201320057870294,0.27892463592170813,0.25097492982988734,-0.017218771601492766,0.7010896882413071,0.397332515763698,0.350620906948619,0.41978474160175105,0.19456150080063894,0.42110593599732726
2022-06-07,-0.061258738980795036,0.23935311425357542,0.23188375988374532,-0.028519050132333357,0.699988973572121,0.39995804648485,0.3552683693077061,0.3979202239699884,0.1707985735829285,0.41645177291169233
2022-06-08,-0.06743465983123953,0.23553238660075104,0.22640592260107084,-0.025096918564686543,0.7289702822705264,0.37536931306528265,0.31176048433101,0.38698754644258293,0.185230134283763,0.3854231910232233
2022-06-09,-0.06715873044400145,0.24375861854505865,0.23866985819416642,-0.01775345667556949,0.7130123297154982,0.41308515576994687,0.3375684673550705,0.39316677148411605,0.19322093611653912,0.4006791508856047
2022-06-10,-0.06622485015680568,0.2359612294791098,0.2074374864214492,-0.036718136846834226,0.6943028315023219,0.37042157431280165,0.33163573113212075,0.368925407977553,0.169823705005268,0.39705878981059595
2022-06-13,-0.06749840496751347,0.1945963193423239,0.1646766825062873,-0.054185680423989524,0.6356066855100067,0.3444949007019642,0.32758144359460895,0.3080842308813607,0.12097510357858132,0.36861609823001085
2022-06-14,-0.07849194171616336,0.2044207471420385,0.17779930489079088,-0.06459493974266506,0.6438607199474087,0.3269243657592651,0.34884101198119444,0.3033311372910805,0.11782416499067883,0.37275321700536845
2022-06-15,-0.08082551917183933,0.21666269905214675,0.16279600108212167,-0.0678389042412677,0.6557834819290083,0.310868539143359,0.3489399362019068,0.30665833869383574,0.11634452599061929,0.3621517068385507
2022-06-16,-0.08076138089375551,0.19097048385234072,0.14235610842696222,-0.08648282852816969,0.620015557506435,0.29254058199718047,0.29376418021893635,0.2900219727844666,0.09395693203599875,0.34818873989843246
2022-06-17,-0.09628402361546506,0.1617691080699053,0.1342619738759121,-0.0804583361641179,0.617814248675471,0.3076878013452764,0.2729001852143007,0.30589783893411626,0.07546910132758078,0.3616346625282738
2022-06-20,-0.05969364143669553,0.14761709278378987,0.15621445904923492,-0.0573583045481969,0.5947026148300012,0.28398277252315696,0.26746169959221366,0.30418674438271354,0.08365108218887474,0.36577187684027446
2022-06-21,-0.055796707493505626,0.16983950640404788,0.18544375281194325,-0.04709172597831224,0.6535824141128614,0.30470873435307877,0.2939619051594613,0.32348468000330444,0.11831169559136256,0.39576598796161844
2022-06-22,-0.05671733328540551,0.15303621659229116,0.1751010727178428,-0.05158331962758478,0.6422098889584464,0.2650741613090217,0.27131801518740084,0.30542242190641056,0.12214153643217274,0.37197745946666827
2022-06-23,-0.03541387723192024,0.16516109299450554,0.1875286533329661,-0.048089847685542586,0.6559667736973283,0.24455014244531692,0.30563002316753507,0.32928371498091,0.15203192005962007,0.37301154808722203
2022-06-24,-0.01344679780379554,0.1655899358728643,0.17824876673357148,-0.034793049939824794,0.6664221169656936,0.2622721346126786,0.3273838421549833,0.35647197019443677,0.14656593345736946,0.3748216808564051
2022-06-27,-0.006274206302847474,0.1975203026857535,0.20563862750829798,-0.03304640590227581,0.6919184719178555,0.2585357814971674,0.3525986503574683,0.3638869923915311,0.15408644451117715,0.39602451011675655
2022-06-28,-0.007558993736687336,0.2097620542955918,0.21017651745634613,-0.0404255379785905,0.7031072232743167,0.276232462753669,0.3470612405146689,0.3504829598167316,0.1552874533200519,0.4058503582815165
2022-06-29,-0.04361414142321629,0.20695494615978527,0.19635885330246228,-0.04181584787805104,0.6842144332928206,0.302714479521603,0.3602123573271303,0.3361282128183847,0.14566050572583533,0.417227339377108
2022-06-30,-0.04483467825274101,0.21502534449392807,0.19525503615869066,-0.03892821751753672,0.7091603104029807,0.31054044986333906,0.3545761467645181,0.344588937139076,0.13751329344353147,0.4143832135240133
2022-07-01,-0.02267462235920814,0.22586359211093066,0.20956318580442046,-0.034828812060494485,0.712645384656633,0.2161493953379896,0.3318333325717453,0.3383147243974929,0.15422580776269612,0.4704930302197676
2022-07-04,0.017084707457565518,0.23331005510360292,0.21659441446720562,-0.03347408041475952,0.7368577331712887,0.21867395457603322,0.348544486320856,0.36911550300951657,0.12635431320113755,0.5095370408938857
2022-07-05,0.02834653540972365,0.2202105175869118,0.20674221986495134,-0.03564876669868078,0.7320884114653134,0.2285449376511306,0.35358739856099297,0.3678797058539556,0.11982600685855904,0.4836801440845422
2022-07-06,0.0698401822380803,0.2133877896354397,0.2195788006415842,-0.022351968952963097,0.7607030161196708,0.21774003639736272,0.37237497293786626,0.38023803630515784,0.13530235854244665,0.49609159594725827
2022-07-07,0.0589421789491682,0.256234220720279,0.2253426795321294,-0.004848663255137886,0.7856488932298309,0.20574878825715337,0.3582347374191803,0.4107537321851682,0.14473803079629244,0.5097958496589525
2022-07-08,0.06917633421097835,0.3157672667095215,0.2382201715642689,-0.003921881922302917,0.7922520966782707,0.20741481772844317,0.3747480427268661,0.4368012975750477,0.13693888955129996,0.5154842924384269
2022-07-11,0.06650004942354437,0.296702686998076,0.20445310024707153,0.002530376887704744,0.7909682107481735,0.22382404453522886,0.30632212220982225,0.46303907762875496,0.08413851647770554,0.525568758294968
2022-07-12,0.04892200515802303,0.2894901747209213,0.17620488986161442,-0.007700623428454456,0.7790455692739824,0.22208194625119293,0.3111673095094345,0.4447867244998971,0.07400679846109015,0.5136744462791718
2022-07-13,0.06956172551063777,0.2844218768355613,0.18098779776846752,-0.03190569537972687,0.7847317113437813,0.2004219301624348,0.27260341255216325,0.4320480843529029,0.05800814759752915,0.5206557864442667
2022-07-14,0.06958317982081974,0.28356419107884356,0.16823337668352578,-0.03675380703403208,0.758501707288707,0.2103180880682265,0.26894494539840075,0.43052708483346414,0.04683712837349052,0.5041072158061928
2022-07-15,0.09985779499115144,0.3137399275253505,0.16945959041314085,-0.02891123832456377,0.7575847664174746,0.2126657430905814,0.2890177936391367,0.42824546592244195,0.04538850179014786,0.5180698961363828
2022-07-18,0.09343441945310871,0.34711265658348145,0.2181476934537574,-0.03924897340189959,0.7986720083583909,0.22299109783966697,0.31126611022924733,0.46779229085089913,0.06944123137400937,0.5271198912257993
2022-07-19,0.09962202223161043,0.3487892699946462,0.2134469452385952,-0.038892731197283426,0.8267362556781555,0.2304888428212175,0.33074590714930774,0.4842383224645761,0.0731937337967341,0.5235001989072894
2022-07-20,0.11527299767260324,0.35670353426821855,0.23891510094008983,-0.026772314161312427,0.8658059625860617,0.26376139594844505,0.32629629323164555,0.4888964283548065,0.10480415080972216,0.5421170423231143
2022-07-21,0.1165363307962608,0.3939784130389836,0.25330496070327446,-0.029838111590870908,0.8784622531631656,0.255329732788224,0.34152383067186953,0.49441026096853413,0.109167463005172,0.5490984780248522
2022-07-22,0.13073155827934446,0.3960315909580019,0.2315565822332497,-0.007201608541575588,0.884515219784421,0.2638121538503311,0.34251257887539466,0.5211233384180831,0.1069682781501724,0.5542701631039775
2022-07-25,0.12345214453241105,0.40764059401448405,0.2293491727328245,-0.004278491860807865,0.8995561109608086,0.22205677142049862,0.3416227548925821,0.5227393256375719,0.10548459405228017,0.557114575567
2022-07-26,0.09069399638759101,0.3830013573347777,0.1864657474447009,-0.006310313528994027,0.8863497040639283,0.22261225065776125,0.3528951760178063,0.5139933989530026,0.08773326008495808,0.5640955335855238
2022-07-27,0.1056168731971665,0.41885480523853036,0.20273617623849205,0.0012827477370347395,0.9377086359826652,0.22145107860201385,0.3347011469652075,0.5219788258778522,0.11319965504946627,0.5728868154465163
2022-07-28,0.12195337562790631,0.42248735078756283,0.240632137342228,0.010159108340930922,0.953300005001054,0.24058667153289415,0.3187811399799967,0.5487868910274514,0.13821203593818954,0.5692669320547212
2022-07-29,0.12936129058347023,0.42785760133015116,0.2670405775590261,0.02252884895339724,0.9382588728098498,0.2670179303989424,0.3407328074088698,0.5563920082565095,0.1526643999993058,0.5671984682036848
2022-08-01,0.11034895267022193,0.43310907381254937,0.26814450709635707,0.031048783485732923,0.958068724169987,0.3000384630588968,0.3794680001141164,0.5655183642687345,0.15158224001722753,0.5902111436232917
2022-08-02,0.12844066479157012,0.4160117432042345,0.262053225768198,0.01971274283422253,0.988700984364763,0.30498661005187566,0.36427183190243295,0.554776021037021,0.1491385193670609,0.6028813087144311
2022-08-03,0.12462943576287744,0.41344499539259005,0.28044924155140083,0.02210108250744125,0.9841151954419245,0.3159426963699743,0.37688571980091323,0.5681800536118204,0.1657899719713236,0.5935727914698761
2022-08-04,0.12531473810016158,0.40578471186154874,0.3080844574656094,0.02088912354396899,0.9562349629349305,0.2985490656429639,0.37916999244298166,0.5595292342591653,0.17118343574814676,0.6005541316349714
2022-08-05,0.13278679133380922,0.4115892133897898,0.32177916306585463,0.017431229855652264,0.9481639792510312,0.2794133366319176,0.3977430457569615,0.5936573339058087,0.17470931638039167,0.6075356628733517
2022-08-08,0.13490672429751438,0.44491547278524934,0.32402770860890495,0.04238491607071526,0.9090943928505333,0.29615065271872276,0.399133418886525,0.6008299819463523,0.17799095015302902,0.6194297838158624
2022-08-10,0.13167375070765797,0.465053461644348,0.3101693579866325,0.04541495137960405,0.8881838268212101,0.30390109856837655,0.4207854731325662,0.6233997294166467,0.17093928520039237,0.6093453179593216
2022-08-11,0.11921272790992599,0.47453006802497333,0.32447739523880315,0.059246526132870736,0.9250523454055612,0.30824314450237256,0.4099593842590956,0.6443437994864649,0.19476471881080193,0.5837469433051163
2022-08-12,0.11118376122139306,0.45818276177817885,0.30334223602714516,0.058854246007168376,0.9468799728135253,0.32939830317558805,0.4097607948122721,0.6724603979649628,0.18745127824128294,0.5956411597842703
2022-08-16,0.13240151236038122,0.46011776253781766,0.30526360391969964,0.07097466304313937,0.9294544810378547,0.3386378742808429,0.39863694526946625,0.6817368919665614,0.18436169030384186,0.6059841477959502
2022-08-17,0.14959427765247457,0.46548781278013585,0.3132762531404132,0.07650014052031207,0.9375253442143459,0.34563089792701707,0.4360809360676612,0.6893875889358196,0.18729428992063624,0.616326753661059
2022-08-18,0.14848090004762926,0.4961686063577879,0.29422610684333717,0.07778343985817959,0.9529330599421895,0.34807122354235953,0.4564416649057512,0.6929261798423385,0.18036455577409694,0.6323583755254989
2022-08-19,0.12814097840640826,0.528942037007675,0.3057952254541707,0.06448673404593408,0.9089106190525797,0.32403538383690234,0.4546537423798416,0.6648095813638404,0.1819354984109498,0.6134826278079648
2022-08-22,0.12477939128169013,0.4851913503533116,0.2882575592816985,0.04830248980664642,0.8757107075050174,0.32036298839937105,0.4453175683611459,0.6300940892647475,0.17104378356106809,0.6258939841340383
2022-08-23,0.11024168111931121,0.48234838846915107,0.26107225478450635,0.04505852530804377,0.9145971226446041,0.3407261605069649,0.4651818235821772,0.6523771987887956,0.14662516524706115,0.6336509863011914
2022-08-24,0.10831506159970816,0.49522078547950943,0.25706587397737013,0.050084895964865206,0.9050588407548792,0.33715500871287385,0.4674662197251451,0.6703564323720437,0.13641408626344398,0.6243428512032072
2022-08-25,0.10229830701904441,0.4830195946743736,0.24124513181347718,0.04438125141864835,0.9090943928505333,0.33325454291726997,0.4719357172876695,0.6685393439890992,0.1234452136765134,0.6152926650405053
2022-08-26,0.10116381208271097,0.5047369511634865,0.2440249617103214,0.044559418487692515,0.9215672711519092,0.32613755023994795,0.4517734543955032,0.6656702129937633,0.12484192817100426,0.6181369819668852
2022-08-29,0.10298360935632855,0.48586255655853416,0.1951323023921705,0.02623634201862557,0.8887338226335779,0.3158294776719335,0.43141272555741317,0.6369798600953165,0.0935457767348693,0.6214985342768273
2022-08-30,0.1389745064385426,0.5182411953759851,0.22064159413629048,0.05953161183003619,0.9488977488613526,0.33624327160124756,0.443331303390212,0.6971341110281755,0.12098434951648462,0.657439992479355
2022-09-01,0.11591539138952345,0.5106992893045934,0.19713549279573872,0.04958588107798634,0.956418134195842,0.2969606018662454,0.46011655767918214,0.6723646924737281,0.09324894360343783,0.642442650308755
2022-09-02,0.1148878310254069,0.532456205097058,0.1879782275693056,0.05910393731755259,0.9688911330046264,0.2818147433198088,0.4600172629557704,0.6686351691121972,0.09279521846321259,0.6711439595811213
2022-09-05,0.11360304359156714,0.554449975958957,0.19476455066684495,0.06591271413259281,0.9769616346588916,0.30172218295175557,0.4707439336049295,0.6878576170265773,0.09384241724259468,0.7006208353189032
2022-09-06,0.10182732313111931,0.5496722136154275,0.1896953763650029,0.06184870306233181,0.9729265645928717,0.3154242309378408,0.5121605778458911,0.6901527543382366,0.09162589625402662,0.6918295534579106
2022-09-07,0.09818784091011512,0.5463552411419927,0.19178038927958485,0.05682242433898255,0.95476730320688,0.30777530089195926,0.4959712153982909,0.6759032833802474,0.09949756032444679,0.6863996328335749
2022-09-08,0.10356164014270242,0.5592279386027563,0.20670130860944513,0.06773069854453717,0.9980557334713511,0.30962422210623797,0.5291445450825845,0.7191301040785218,0.10649702425267216,0.7060511380898098
2022-09-09,0.10850747643395997,0.53976115594888,0.2359308271592715,0.06844364262113034,1.0299718795962245,0.3014688016828233,0.52109957297094,0.7238162038249383,0.12325345677687682,0.7091541682446134
2022-09-12,0.10495324982252785,0.54935623993929,0.2560029680891056,0.06484325205096719,1.0356581421734323,0.3160321010389804,0.5278533431755326,0.7351967830513195,0.13208525371142454,0.7112223454857216
2022-09-13,0.10760830495224205,0.5726136050553354,0.2631570429119705,0.07878156156541039,1.0470306673278476,0.32702397644071457,0.557848253703453,0.7405523427089189,0.1273380424692887,0.7293223356645546
2022-09-14,0.10109944915216484,0.5430384689688281,0.20629275802217206,0.08986818670695351,1.0974724173605352,0.311118518408144,0.5560603311775434,0.7560451476299039,0.08930420272181072,0.7342354030518989
2022-09-15,0.09638904864175446,0.5458814308529887,0.17146278081670974,0.0841999365475179,1.098940197595995,0.2981255841666388,0.559536758005051,0.7550886908768828,0.08370126066436989,0.7277712027337238
2022-09-16,0.08257921245833022,0.5162669357633998,0.1258815729298739,0.06427280485622067,1.0609704823128236,0.2659600431891247,0.5487109161333801,0.7388307205534808,0.050310807981323924,0.7132912870199715
2022-09-19,0.10446103627688297,0.5089225257583614,0.13671451372870225,0.0712954189275028,1.0993067811326345,0.2676062049561909,0.5548686709957031,0.7198951498490751,0.05732741541941122,0.7355282049008771
2022-09-20,0.10630217553445154,0.5262963708895974,0.13528385611511196,0.08419993654751812,1.105910105088483,0.2678088283232374,0.5735410190330947,0.7534630134764064,0.06134217501828387,0.7375965732152705
2022-09-21,0.12345214453241171,0.497037108329093,0.12604488077122422,0.08252463288436451,1.0899520320260465,0.27130418346491414,0.5498032815918086,0.7505940021129345,0.04769266656508897,0.7631950434061183
2022-09-22,0.1530627993494098,0.49115368849441876,0.11844123171202003,0.05946036338911331,1.0811475197466427,0.2593242299784757,0.5575502460323181,0.72792866878327,0.04985698652924553,0.7843980637397552
2022-09-23,0.14848090004762948,0.46639577390465736,0.11639713005294494,0.03104878348573359,1.0198833608793159,0.23571922007830337,0.5322234225137452,0.6874750343253693,0.04100756452556986,0.7913796905147781
2022-09-26,0.13927430514993633,0.46213138115348396,0.1284976454111313,0.01714614415848814,0.9931029994896485,0.20423734585434294,0.4998448211194446,0.6469258140080985,0.04531857938475525,0.720014009493285
2022-09-27,0.14728181752828706,0.45403674648665504,0.13937183464614367,0.008020184177680134,0.968157483901714,0.21381099376691726,0.5108693759388387,0.6306679633165606,0.05336543471606903,0.7316496082806574
2022-09-28,0.15706644321235386,0.4494958392125603,0.14031200676788802,-0.009304862517628631,0.92541904944961,0.18149345124407668,0.5125578802404369,0.6248342350983827,0.059718935045166566,0.6804526678989617
2022-09-29,0.1564027075114831,0.4337408208645548,0.14354163568818956,-0.01443815180257102,0.9140468858174204,0.1778715415480996,0.5189144715513829,0.6141232354150483,0.046331009585147465,0.7223407088895315
2022-09-30,0.15464716084218044,0.4591699416595387,0.15564203865281678,0.013367310718864545,0.9465130277546614,0.2044399692213894,0.5889357766916015,0.6487429023910432,0.04886198877427472,0.7179450679590351
2022-10-03,0.12298082366579233,0.43674191981198707,0.13953547966817137,0.007556747544526843,0.9067097922512508,0.20026108340632476,0.5957889651205059,0.6226346836460939,0.04201980210225553,0.6776083509725819
2022-10-04,0.14244325278794046,0.4780047769611391,0.16868295091986574,0.03593265726070882,0.9542169458722873,0.2223969718352854,0.6064162175453534,0.659549607565612,0.07909331636189965,0.7213070024155479
2022-10-06,0.11934111679232551,0.5106992893045932,0.18973628762050998,0.02452518430133077,0.9710920803133651,0.22690517165186308,0.566489117656467,0.6935956397535219,0.08286354016560527,0.7409583165984976
2022-10-07,0.11321776461813893,0.5198602224594857,0.18650654630664953,0.02010483909298144,0.9450457295488364,0.23209731038232628,0.5754279892806164,0.6880487887453184,0.06992962878137088,0.7277712027337233
2022-10-10,0.11574409388676021,0.5080932826400022,0.1958684802041759,0.008840046882394148,0.9470633850892545,0.21864864366517378,0.5739381979267415,0.6865188168360763,0.08865862437009531,0.6954496279229909
2022-10-11,0.09221410727604695,0.4838488377927317,0.16410448689698764,-0.0013908615002928837,0.9347741600784238,0.19438500576197582,0.5500019945395316,0.6651920444331856,0.07155296506634135,0.6874341036006992
2022-10-12,0.10964219602275582,0.5093569770442836,0.1681105305234467,0.005132737684110156,0.9582523774605332,0.2031736071973902,0.5405665257974241,0.6608885273879779,0.0824445836043699,0.7070852267103636
2022-10-13,0.0989582865307399,0.4816376229605768,0.1609157692321932,-0.006417324090586485,0.912946291655643,0.20699800418024794,0.5273568695584736,0.6326762234182457,0.08333479406310529,0.6995869377716344
2022-10-14,0.10298360935632878,0.5096331911167995,0.20535247350686836,0.025951164387989056,0.934040269960694,0.20086868134713232,0.5214968753654858,0.6645227041538668,0.08188607116790925,0.7174280236487582
2022-10-17,0.10929960101722935,0.48720506911911277,0.21818882949638296,0.03133405304984316,0.9943873674493797,0.22014280388691354,0.5215961700888976,0.6931175908248075,0.08909597649528389,0.7182039722607443
2022-10-18,0.11430968791280205,0.5147663862896832,0.22943088285027957,0.029408966142833615,1.063355564941741,0.2416710943750664,0.5556631522838964,0.7154961665763617,0.10062816516866313,0.7598338732427468
2022-10-19,0.10606662742737294,0.5043420591809145,0.21450962633974213,0.03996090621029991,1.0301555328867704,0.26327531759579936,0.5561598729027544,0.7063150191704053,0.09263110306543187,0.7911211683596397
2022-10-20,0.1137315448001972,0.5037498714322604,0.22714165083884041,0.03293820020554561,1.0374922649307146,0.2666692930138699,0.5750308103869692,0.6997163648135385,0.10503828492474754,0.8084450188532011
2022-10-21,0.1364267228597391,0.4821114332495806,0.2268145855819037,0.02566589482387971,1.0574856490739886,0.25197930302324645,0.5840691002354299,0.7351011971919501,0.0980732043280994,0.7872423806661348
2022-10-24,0.10182732313111909,0.5081722009464349,0.24100011385467202,0.041671880060651034,1.092886869452514,0.2561583249184769,0.5933057325289144,0.7717292439014936,0.10657831145673669,0.7981022219148064
2022-10-25,0.07283749539462736,0.539247786356523,0.2479087211444959,0.034435428733126994,1.122418173963287,0.23675764782439535,0.5937030349234611,0.769338281466736,0.1067180599556683,0.7908624551312158
2022-10-27,0.07866116118365163,0.5510541853292232,0.2596042825092997,0.03693068703446678,1.1264539670737581,0.24162047255334573,0.6231020536100118,0.7680950671356044,0.10507314981559035,0.7882766603599745
2022-10-28,0.08090925837729324,0.5597411078948413,0.25076025813203584,0.03999639253055309,1.0938039308311551,0.2796116054336546,0.6226054564920533,0.7364398777505878,0.10712073981371995,0.7882766603599745
2022-10-31,0.09223522460753508,0.5976871928708289,0.27092782119353287,0.06708900290886755,1.1049930437098423,0.29148977095598916,0.6526997852442855,0.7380657944147921,0.11758550421855407,0.8032736203840039
2022-11-01,0.10003807859242042,0.5987533912087573,0.30014587560033235,0.07888848019353145,1.1163653278494405,0.2814857014786274,0.6597515631200133,0.7378745030641878,0.1408776590980303,0.8074107391593617
2022-11-02,0.08559685666274564,0.5899480911834893,0.2838631959086009,0.07956575408292688,1.1051762149707538,0.28948898427655,0.6087004901874216,0.7304149778136697,0.13457770815928827,0.8340436801173345
2022-11-03,0.09768877546435961,0.5863152451840516,0.2652248596120115,0.07482465299021479,1.145713461099303,0.2943013232639462,0.6261810545420732,0.7379702085554221,0.12234533231345357,0.8291308038032756
2022-11-04,0.08648052712454124,0.5913694219003671,0.2513801086103882,0.06740985072670225,1.1789134931542735,0.31334737544565483,0.6217116804804483,0.7315626062854315,0.1260729862780634,0.8286135684197131
2022-11-07,0.09184747445701791,0.5933833409664391,0.24596633565639214,0.07571585606932407,1.2530175958892498,0.32036298839937083,0.6342260266537172,0.7548975191581428,0.1317777299642917,0.8280967151827214
2022-11-09,0.08150166692127558,0.582208689045745,0.2490659252288323,0.07539491631801698,1.2581531396096386,0.3190460045536514,0.6269756593311662,0.7415086798300767,0.12560048032647253,0.8653307841609419
2022-11-10,0.083570828428424,0.5617944861141304,0.24142035337208956,0.08708756690803221,1.222202164433562,0.3030899246993606,0.6402846102935285,0.7418912625312855,0.12196027752452943,0.8410253068923574
2022-11-11,0.07902273932227133,0.5882105864902041,0.29774897055928995,0.14868740606122932,1.2058772668196691,0.3331281244431352,0.6425691299373963,0.7339534490883248,0.1605650539375254,0.8428351530516125
2022-11-14,0.05951627831744566,0.5792868088551513,0.3103124349873465,0.15146793392667846,1.1737774674042507,0.3266694876085068,0.6326369405764307,0.7117662843192387,0.1674071442976912,0.7955166182168507
2022-11-15,0.05938699082519605,0.5767200610435068,0.31750337489759106,0.1542842239127975,1.2042260743084818,0.32071761331174353,0.6591555477777433,0.7438038171417358,0.16639240261282318,0.7854323434335948
2022-11-16,0.06815944483883696,0.5822877075023134,0.3247768116802041,0.16419437641112178,1.2001905222128277,0.31314488815877417,0.6709747073862307,0.7474379939076246,0.17435469613706456,0.7794851874256967
2022-11-17,0.06046453636225024,0.6027811291907665,0.3120482411138519,0.15367829039779757,1.1976225093378159,0.3165385914165131,0.6808077255246843,0.7592967416945846,0.172132300125454,0.7774168191113031
2022-11-18,0.07068128105820581,0.5987533912087577,0.31700738212134993,0.1506481631554366,1.2110128105400584,0.31582947767193326,0.6632276194448214,0.7603486646751121,0.17018969004726614,0.7637124698629663
2022-11-21,0.07831148962555212,0.5884870008629906,0.2961786077517572,0.13884859393730054,1.1941379171137978,0.2921485350391808,0.6908389626072622,0.7623570444086609,0.1492076712776269,0.7438024424515928
2022-11-22,0.08447584087417037,0.6029784249568497,0.3101057432321894,0.13717301447373043,1.1978061626283614,0.29931601345805725,0.683687766507223,0.7667562669451029,0.16021486403944452,0.7595751600143232
2022-11-23,0.08087645911774755,0.5991878424946808,0.3085353804246569,0.1401318013416959,1.2291723129408672,0.2952635461171269,0.6750470260551085,0.7739289149856465,0.15788748810789222,0.7572482695447913
2022-11-24,0.09889572081989417,0.6206681436140888,0.34709345198496133,0.15866899086742126,1.2354080893008081,0.3064331422155453,0.6851775578610981,0.7957334970535239,0.18303460927918302,0.7621609547855646
2022-11-25,0.09385193605492548,0.6289998336506226,0.35192873529034796,0.15332168045929273,1.228255010547409,0.32593506295306707,0.6821980986542482,0.779379940870752,0.18635939076203512,0.7598338732427472
2022-11-28,0.08857125526810261,0.630342246061067,0.34180353673307673,0.1409161777261565,1.2326571461797022,0.3714990570665113,0.6634263323925451,0.7929601911812865,0.1883194332856446,0.7585410713937693
2022-11-29,0.13555922737525306,0.6193651903568609,0.3464736015066088,0.13920492807538887,1.2324737339039742,0.37385433257815737,0.6603474549613835,0.8108438389051642,0.18905458166079625,0.7701764791078565
2022-11-30,0.1571782078125168,0.6385555586379512,0.3513500208546205,0.14676241108769217,1.2100957491614173,0.38355467112519825,0.6859721626501911,0.822607000832754,0.18676207062008698,0.7582823581653455
2022-12-01,0.14790994581382866,0.6617731641503748,0.36965792008750076,0.15464064998435822,1.230822782407604,0.3794770289535738,0.6856742784799559,0.7983157508388854,0.21645906004639404,0.7559554676958136
2022-12-02,0.1273258269457176,0.6469658665305129,0.3537885115125241,0.14579995956765956,1.228805247374594,0.37889446976329433,0.6857735732033678,0.7799536952907005,0.20368406321986954,0.7435441113697401
2022-12-05,0.12937319716398976,0.6470450852873513,0.3553175134903137,0.14997079733256946,1.2645730512897595,0.3587845428444669,0.6767352833549072,0.7856918376495081,0.19904674380218657,0.7414753609087756
2022-12-06,0.1443317937151254,0.6532837376511098,0.33312495567478595,0.14868740606122977,1.2339412731246173,0.3627103195509309,0.6553813602809007,0.7647480068434178,0.18485461436830186,0.7443198689084409
2022-12-07,0.16709313192491493,0.6773704460356491,0.3270084981893919,0.14818820730740634,1.2269708836024957,0.34260039263210373,0.6566725621879523,0.7637915500903967,0.1831920791590962,0.7587995935489078
2022-12-08,0.16627382439366567,0.7118810809284166,0.33911733067095073,0.15464064998435845,1.2438462590583903,0.341967211620104,0.6538915689270259,0.7824403632166916,0.17267463217058499,0.7500083116879153
2022-12-09,0.17351617048426338,0.7011015212905636,0.29708775925119424,0.16287540688605717,1.2616384548781086,0.32162962258370187,0.658460484713862,0.7786148951001988,0.1524450015978127,0.7655225070955072
2022-12-12,0.17136074243146093,0.7087223456683884,0.2788212208480574,0.17192984262552535,1.2489820437935961,0.3236554480136693,0.6455487126451465,0.7793799408707518,0.15024003803162356,0.774831024340062
2022-12-13,0.16836488951592132,0.7159874367664536,0.2994434158560526,0.17517389905760017,1.2625557572715667,0.3296835272033445,0.6647175342995966,0.7844486233183767,0.16621730766378362,0.7872423806661355
2022-12-14,0.15730738297853453,0.7337959334838828,0.30543579085221717,0.1851197217431222,1.294654833642534,0.3248713242961143,0.6471377987224329,0.7630263846879797,0.17785466888081114,0.7862081009722961
2022-12-15,0.1480822542526734,0.7196599422193783,0.273283477798391,0.16341009196013379,1.2596209198450987,0.30605320639231226,0.6414762704753689,0.7382570857653963,0.15676747756752385,0.7523353932307326
2022-12-16,0.15155257316930948,0.7176459230031713,0.2581578897974375,0.16900681787822958,1.2133974111393422,0.2995945695576838,0.6343253213771292,0.7252508291385387,0.1340703373168548,0.732942410129636
2022-12-19,0.17172726292425855,0.7247535780889105,0.2458838387840241,0.17264297056906242,1.2174329632349963,0.31666528205097944,0.6693856213089444,0.733762277369584,0.12070051848522945,0.7608681529365868
2022-12-20,0.15295361825256548,0.7083670129891695,0.24584259034784006,0.16455089441615467,1.2174329632349963,0.32806254026697257,0.646641078103575,0.7399785882889702,0.13536515387070502,0.7590581157040466
2022-12-21,0.14935401184368002,0.6949809459360501,0.24770214178289796,0.15328582640515087,1.1768959581212641,0.3091683535504244,0.616944298747689,0.7066020160122433,0.14397514460743088,0.7332011233580602
2022-12-22,0.1403660037921357,0.6662745121211182,0.25803403209532627,0.14932919363037156,1.1768959581212641,0.30577451421251967,0.6221088593740953,0.7035417132981672,0.14087765909803074,0.7192386341011556
2022-12-23,0.12991225074809476,0.6289998336506231,0.23741172469377214,0.13906243119354245,1.1057264517979393,0.2674795143217241,0.6063169228219416,0.6810675516872429,0.12990542753890932,0.6895024719150937
2022-12-26,0.1283386725735307,0.6513489371917414,0.2417923760526608,0.16173460443003562,1.1904689485547832,0.27854745853620444,0.6109850098312894,0.7084191043951877,0.13849760058280114,0.7303566153583949
2022-12-27,0.11790648616590338,0.677449364342082,0.2520826807482275,0.16291107707325447,1.2080782141284079,0.289007804809877,0.6185332613240757,0.7226686949850409,0.14080773669263813,0.7228583264196655
2022-12-28,0.11374659651519314,0.6750801125967909,0.24819813455913908,0.16198411187347528,1.204959964426212,0.28888138633574245,0.5966826176312112,0.7194169812884965,0.13996789733310422,0.7293223356645553
2022-12-29,0.10704330400870066,0.6670249370831782,0.2543143672574151,0.17018319858797626,1.2443967369003919,0.28829869106529715,0.630352544433463,0.7368225800836601,0.1440451633246762,0.7342354030518996
2022-12-30,0.1040256598042848,0.6472029219002178,0.24658618613474514,0.16080773116372882,1.25136664439288,0.2902741668338764,0.6012515334180473,0.7039241763675115,0.13982776358675997,0.7145837067223793
2023-01-02,0.10288318970552757,0.6500852427874597,0.25964564333904283,0.1611997354890149,1.2458637940914006,0.3048120191990076,0.6159511045117725,0.7261115804003255,0.14149010617225932,0.7213070024155488
2023-01-03,0.09583494334265108,0.6496904509550236,0.2584470784249626,0.16879288868851572,1.2465976842091302,0.29526354611712735,0.624095247845929,0.7240074951755426,0.15895491237643777,0.7122566251795619
2023-01-04,0.09327008617668686,0.6351596678580831,0.23551058764185284,0.14790312161024155,1.2201843883857362,0.2757617614597714,0.6125740959085766,0.7197039781303347,0.16010978780765006,0.6910541780657811
2023-01-05,0.11378950513555752,0.6484269568510124,0.21931051721604877,0.14052398953392675,1.219817081804646,0.2734822826005394,0.6032379218898807,0.6815458398796852,0.15886765383747714,0.724409650423782
2023-01-06,0.1106642524015371,0.6477953099491416,0.19724181710263244,0.13674533996124727,1.20349242520557,0.2850565811123871,0.5811886887501925,0.6642357073120277,0.12402558890364057,0.7326838879744977
2023-01-09,0.13118389601287062,0.6755538227356601,0.22695608907279152,0.13895542063194966,1.2293557252165965,0.31539892002698044,0.6276708458959483,0.670452018231414,0.16196494672317097,0.7481982744553748
2023-01-10,0.13971922935219472,0.6636686056066621,0.21480578336793044,0.11813708586154292,1.183315869801385,0.29594748503101287,0.5749313921626582,0.6474996880599111,0.15022250927434877,0.7241511282686433
2023-01-11,0.11790648616590382,0.6784363439231722,0.2160457091117538,0.13424998972643531,1.1890018913637754,0.27961160543365504,0.5207021470754931,0.6569674734121138,0.16502727840616882,0.7158766996446422
2023-01-12,0.116527007719061,0.7056026689610364,0.22377377784086483,0.14031015227768484,1.182398567407927,0.25197930302324667,0.5035198373937759,0.6461608878694092,0.1670047533751997,0.7057922337881006
2023-01-13,0.13116221705022557,0.7005881516982078,0.24282538525420905,0.14120135535679412,1.2014746491577428,0.2499530693527814,0.5182192849866014,0.6706433095820183,0.18107447044372127,0.7001039820819117
2023-01-16,0.11956633088612145,0.6877947731444178,0.26088534429574817,0.13025741096404175,1.212113284194428,0.2380491846790891,0.5079892114554008,0.6549593329422931,0.19342376887928925,0.7076024620939265
2023-01-17,0.14993586172191842,0.7477346289823046,0.2724570479584407,0.1470832589055271,1.1752452476397108,0.25562652363008387,0.521000278247528,0.654768041591689,0.20929875532339604,0.7182039722607447
2023-01-18,0.15797549940242672,0.7899056475562487,0.2773335797000114,0.1673313303481314,1.1697421563234145,0.25354953205773256,0.5425529142692576,0.6630881984721304,0.21345104824857786,0.7306155196601041
2023-01-19,0.1422625198817451,0.7951178611857006,0.2719611675757585,0.1721794420024365,1.1638724814704786,0.25220737338131904,0.5335146244207969,0.6566807158340038,0.20740189337545822,0.7176869279504681
2023-01-20,0.09872341238104854,0.7768358546296725,0.2609268175190502,0.1841928484768145,1.172493581474154,0.23731489610381495,0.5185171691568367,0.6647139955044707,0.2038224633528578,0.7303566153583947
2023-01-23,0.11926428565010139,0.7638449800095295,0.27948265694327157,0.19285527989099682,1.202758776102657,0.23105888263623298,0.5349051210512601,0.667296129657968,0.22236403607533783,0.7466463772314023
2023-01-24,0.12103185122615523,0.7433121993179947,0.28270610421782316,0.20882559494057062,1.1803807913601,0.2237900244937503,0.5407651152442479,0.6654791609068877,0.2300243919399303,0.7528524375410097
2023-01-25,0.13045107967973735,0.7174091680838717,0.2753498333821647,0.17542349843451133,1.0862835454966677,0.20687144962594717,0.5424534960449463,0.6359278174829257,0.227679968810369,0.7544037615451262
2023-01-27,0.12605395702847888,0.7056817875677399,0.2556370146607245,0.1520026190007553,0.9808137744788201,0.18397541739018886,0.5384805956003802,0.5630543067650473,0.2209861023922126,0.7893109400538143
2023-01-30,0.10708621262906459,0.6686041044129225,0.2718783335227126,0.15082642215795294,0.9743939833061084,0.19532218986462757,0.5299391498716775,0.5751041066388833,0.2290759128100346,0.7831052618907774
2023-01-31,0.11079353989378604,0.677686219411517,0.2677042615254219,0.14323317702497995,1.0305221164234122,0.19233332510048395,0.5301378628194005,0.5911707856116812,0.20224737930631909,0.8221493681015382
2023-02-01,0.10971599435673185,0.6943886580372609,0.28204489290972745,0.16037996471777238,0.9345903862804723,0.18526722640521376,0.5277540484521208,0.6218696378755408,0.22001970925762948,0.8689508586260228
2023-02-02,0.1358395936486272,0.693875488745175,0.30903126080733934,0.14312625839685889,0.9373415704163948,0.1787073459271451,0.5449366051356377,0.6409009140711803,0.23865085200354597,0.9578991033695012
2023-02-03,0.14183152413216904,0.7109731198038951,0.32196652312884844,0.18265994976203492,0.9964049024823918,0.17974577367323774,0.5750308103869701,0.6521856681744636,0.24648996266759893,0.9685008046096046
2023-02-06,0.1370251970202112,0.7027205483740646,0.2975423911976922,0.17763367103868566,1.0008072791295022,0.17085592859438314,0.5677803195635192,0.6328676344007136,0.2384897222732134,0.9827221981682188
2023-02-07,0.12133355948348057,0.7099858397723997,0.29138479766967307,0.17938040700970692,1.0070436580264857,0.16804464844675793,0.5611259675832379,0.6310505460177691,0.2430000063565816,0.9302322648642598
2023-02-08,0.11340164265880825,0.6827798552810489,0.3146103646867491,0.17923772626091616,1.0167652316845301,0.19137110224730347,0.5396725027840201,0.6431960513828396,0.26002062229399736,0.9421261947334856
2023-02-09,0.11508282936297687,0.6958496482076253,0.3365136214811928,0.17677813814677412,1.0206171304896388,0.19344782165932273,0.5228873719959497,0.6464476454475201,0.26744809609765485,0.9354036633334573
2023-02-10,0.111116814787525,0.7088407231280383,0.32952959811322313,0.1814479907985631,1.0288711649270406,0.1836207924778157,0.5334154531982853,0.6331545116106883,0.26626683121867734,0.9204065122361424
2023-02-13,0.11262558072661721,0.7399952268445595,0.29555864487984596,0.18233910194420022,0.9718259704310959,0.17688387170389253,0.5267608542162043,0.6270339061825361,0.24652579067697333,0.9351447590317479
2023-02-14,0.11202216421196542,0.7307948345364503,0.3168834120256798,0.19328304633695237,0.9841151954419263,0.20461741775774112,0.5398712157317431,0.6550547991697999,0.25286156962508977,0.9984947246576634
2023-02-15,0.09859378791010442,0.7176857827569278,0.32002425003430424,0.19085912841000807,0.9892515827141748,0.23189468701527893,0.5601327733473211,0.6655746271343941,0.26021729109814484,1.008907645491798
2023-02-16,0.08939033814688813,0.7202522301181671,0.32395049423381295,0.1865457018297796,0.9813637702911868,0.23093232808193243,0.558245556098,0.6629926126127605,0.27360492762260447,1.0107472990835746
2023-02-17,0.08438968665474644,0.7581983150941545,0.3090727340306414,0.18059254984012307,0.9479804464678965,0.2360737089105096,0.5430493878863165,0.6499863559859029,0.2532373784761106,1.0152151657159498
2023-02-20,0.08264380004133742,0.7575271088889324,0.3162222007175839,0.16950583276510778,0.9265197641187974,0.22300484193642434,0.547717721897464,0.6298072120547735,0.24827962952297233,1.0186315560588
2023-02-21,0.08467016525435289,0.7606465852960143,0.30551862490526216,0.17389050778625936,0.9202831442069968,0.23298387266325782,0.5475188854488411,0.6338239715218708,0.2352861011016334,1.0091703712592146
2023-02-22,0.07514310361870313,0.7332431047383101,0.29088902968054975,0.15086181654473374,0.894236672935059,0.20502239233150243,0.533812755592832,0.6052290848509301,0.21758533085721887,1.0175802708425605
2023-02-23,0.0736773586262065,0.7051291591224376,0.28171423105889937,0.14305500995593534,0.9112953401592732,0.19924796657109156,0.5155375864490872,0.6061855416039517,0.22197031321962912,1.0372911998905532
2023-02-24,0.0708970597485703,0.6853068434890717,0.28167298262271534,0.1328596798269739,0.9114788729424097,0.20745400881622644,0.5039170162874231,0.6060898361127176,0.21719180062521692,1.0241508989807007
2023-02-27,0.06397787622548057,0.6692361519153336,0.24749545002774043,0.1356757859461486,0.9358746337327939,0.1994251429471121,0.49557403650464393,0.6380319027077086,0.19263632316787294,1.008907645491798
2023-02-28,0.06074467798316152,0.6656427650691126,0.22951832503924674,0.14045264915953037,0.9178986641151214,0.17647862496979938,0.4744187028774607,0.6350670662211386,0.18583545428085846,0.9799988306314931
2023-03-01,0.06315890567292537,0.6704996460193451,0.2365440464176367,0.13934770075765135,0.9688911330046275,0.18729332399551302,0.49021076293051413,0.6378406113571045,0.2119120811469728,0.9905111095740324
2023-03-02,0.0584600747643409,0.6754750045793625,0.21678952968577625,0.12965129358209682,0.9580687241699886,0.17825147737133196,0.47014791826265934,0.6334413888206625,0.1889135811077738,0.9739542272480437
2023-03-03,0.06520650054366017,0.69952175306001,0.2226992954160134,0.15207395937515034,1.0587697760189032,0.2083149880259667,0.5184178744334249,0.6612712297210503,0.196323237218597,1.0233621484585926
2023-03-06,0.07117708904325148,0.6909140492512302,0.24596633565639192,0.160201797648728,1.060604139791002,0.22011749297605276,0.522787953771638,0.6597410185480803,0.20695433219383408,1.0401817565519984
2023-03-08,0.07128503455155033,0.7143291508300069,0.23377511869602396,0.16251888888102362,1.0719761829157832,0.2244991382383299,0.5226886590482263,0.6680610557966575,0.21359445659792864,1.0625205164940188
2023-03-09,0.06106806520313235,0.7320190697875162,0.2236082221283322,0.16262580750914446,1.05033257032059,0.19506894467586067,0.5362956176817233,0.6371711514459217,0.19442618264695266,1.036765557282433
2023-03-10,0.06281406414277257,0.7041022196374562,0.21629353690953512,0.13264584257073198,1.007960598897717,0.1765545577023795,0.536990927747405,0.6117323926121554,0.19233217033560113,1.0393933881764612
2023-03-13,0.058352353908504906,0.685149207176476,0.1861663310032986,0.1183152529305862,0.9443119599385155,0.15720450243001793,0.5202056734584348,0.5844764257635806,0.17477442319312564,1.0165289856263202
2023-03-14,0.05289902770414301,0.693322659999603,0.17368558823472835,0.11532088780889516,0.9274369460048464,0.15287361506962682,0.5331173220262506,0.5882060687569755,0.150791904950216,0.9957673445819446
2023-03-15,0.03722929378251982,0.7189490765606694,0.17339617482008496,0.09931490257212383,0.8986389290747607,0.13316886684480966,0.5030232402758181,0.5796947401577939,0.1450468065975148,0.9941904167575852
2023-03-16,0.06018439474133652,0.7165406661125666,0.16054340937094413,0.1064444352715268,0.9241352840269224,0.12752079151845042,0.4817684884243236,0.5758692720413008,0.14007143257524857,1.0049654214675416
2023-03-17,0.055032889120531836,0.7340326884031825,0.17426407788333775,0.12123846154482609,0.9435781903281946,0.12610263206937367,0.5042150239585583,0.5994910621239868,0.1380310659661057,0.9739542272480437
2023-03-20,0.08253607918550143,0.7196599422193783,0.1601716114774916,0.1134671412762811,0.9046921367108334,0.11503455177472754,0.49934822400148726,0.5998737644570593,0.1251449252610375,0.9910367521821521
2023-03-21,0.061585552150824174,0.7440623238296502,0.14946792327161096,0.12608648126565924,0.9144137103688781,0.1497077100096289,0.5036191321171883,0.6303810861065864,0.11182904106718028,0.9813126505418646
2023-03-22,0.06751300737758847,0.7484058351875267,0.148269583144649,0.12348430433619861,0.9133131162071007,0.15320292907113986,0.5031224114983304,0.6453001366076225,0.1206705654988971,0.9855176003335371
2023-03-23,0.07128503455155033,0.7426407928125023,0.1361192774397879,0.11446526298351167,0.881030145530771,0.13861431880412267,0.5167293701318276,0.6362149339566283,0.11846906915942168,1.0007606627491543
2023-03-24,0.06943120242984269,0.7106570459776222,0.1411611401067725,0.11268285682529289,0.8538832006044643,0.11607297952082019,0.5145443922131709,0.6303810861065864,0.11698355513631942,0.9905111095740322
2023-03-27,0.0772768527088612,0.7010618618370772,0.14802130577263073,0.11753106041307038,0.8714919841484545,0.13342218007365947,0.513153772081808,0.6233041435572768,0.1176279777457967,0.9983955576225434
2023-03-28,0.0702933062552249,0.6849517111101224,0.13864015257650086,0.1266211663397363,0.8639715988139651,0.13871569852772891,0.48673458310480666,0.6348758945023985,0.11533710400659114,0.9960300703493619
2023-03-29,0.09100693726804798,0.6958891073608418,0.1435580451478149,0.13203990905573226,0.8947870302696526,0.1319785736335568,0.477100401414976,0.6277032464618548,0.12356993752635215,1.011798393226528
2023-03-31,0.10372395154695835,0.7091169372005544,0.18025645287950254,0.14754669553868038,0.9213837383687746,0.1807842014193306,0.4878270720641349,0.6779115434819327,0.1475524557692618,1.0157406172507835
2023-04-03,0.0932700861766862,0.7138157812376502,0.16612273803747235,0.14825954768180138,0.9323891979569165,0.18098682478637707,0.5107700812154281,0.6904396315482118,0.14544072207692915,0.9915623947902714
2023-04-05,0.11338018834862629,0.7829956888371326,0.17661995927531438,0.17905946725839983,0.9186324337254437,0.17815023372789174,0.5165307806850041,0.6919698427211818,0.15968726770784802,1.0309836796664005
2023-04-06,0.10583613400070258,0.796026022610492,0.17525595104226155,0.18804283842388925,0.9356911009496578,0.1860521368022081,0.521496875365487,0.673608026436725,0.1528503781877526,1.0359769978336102
2023-04-10,0.09156722050987276,0.8240215907667148,0.17996715185841872,0.1824104423185957,0.930738487475363,0.17764360727019257,0.5290452503591729,0.661079818738582,0.16813468403644394,1.0422843269844764
2023-04-11,0.09829219197901007,0.8175460833335217,0.16223796706126614,0.18586833600691244,0.9520156370413257,0.18346892701265527,0.5377855325364986,0.686805694046051,0.15038046071352706,1.0814428860931886
2023-04-12,0.09018785438926136,0.8072794926874844,0.18054586629414615,0.20126838772868383,0.9377086359826683,0.1886863766539788,0.5317267018948879,0.7025854958088742,0.16034931538645303,1.0685653109507531
2023-04-13,0.09331321944951321,0.7837854728022746,0.14822810992134716,0.2066510925235936,0.9551343687731557,0.19316940163986218,0.5236818532841434,0.719512686779731,0.14144955888208033,1.079340506733995
2023-04-17,0.1000596452288327,0.748445094040473,0.04003402377820331,0.18825676761360333,0.9956712533794791,0.19922238349989962,0.5089824056913179,0.723911909316173,0.12378480927074675,1.1032560034270897
2023-04-18,0.09540394759307524,0.7504985724098967,0.04090203923501523,0.18323030502330973,1.0024578691036474,0.18549502460295453,0.5091811186390411,0.7154002218213993,0.12065245887050358,1.0945829959297564
2023-04-19,0.09133021216178738,0.752867724005053,0.018461428834587457,0.18757940179073573,0.9820977809163256,0.19139641315816358,0.5189144715513838,0.7059325561010605,0.10592290929599968,1.0958973890599837
2023-04-20,0.07451789581517554,0.7632524918104702,0.011187992051974405,0.19199974699908506,0.9986059702985388,0.18838237356332588,0.5341105162621675,0.7107143613387112,0.1113638548164293,1.1040445628759121
2023-04-21,0.07682417799664076,0.7493931152190221,0.014452912549828278,0.1939248339060946,0.9925531241846919,0.1898768059453977,0.520007084011612,0.6939782224547306,0.1314269621950923,1.145830761805367
2023-04-24,0.07760035225506301,0.7602119337098214,0.01358512188013461,0.20358538702750728,1.0345574275042493,0.1944357636638614,0.5101741893740581,0.7305106833049038,0.1364203465338989,1.148196249078549
2023-04-25,0.07359109208055292,0.7752562866993882,0.012427805402238423,0.18647426952191237,1.0609704823128263,0.20357871785131687,0.5347064081035378,0.7471512363295143,0.13684970477527525,1.1631765857267489
2023-04-26,0.08236354609419383,0.7975264719340733,0.014618131081682861,0.19192849855816174,1.0776624454929928,0.19651261915604668,0.5363950359060354,0.750020247692986,0.14477848177461783,1.1668555107637313
2023-04-27,0.06432283008186479,0.8207839372002537,0.030074493327022722,0.19848776792976253,1.071793011654874,0.20408548038918206,0.5623177512659783,0.7565231965586185,0.14112739573326816,1.186566057665153
2023-04-28,0.05930072427954092,0.867219348525371,0.035446793057716475,0.20319329076874926,1.121501112584649,0.22609495034400817,0.5877438695079629,0.7551845159999808,0.15233125729923347,1.2367625383245242
2023-05-02,0.056886608916008274,0.8830534854800796,0.055862296310554616,0.2029437833253096,1.1104954119816903,0.23650426655546308,0.569667536812841,0.7636959642310261,0.15238490300144236,1.2309808517817773
2023-05-03,0.07167278470206728,0.8608227593986111,0.049002130644696384,0.20715029127741702,1.0928868694525167,0.2258923269769617,0.5480154825667998,0.7651303502808982,0.1382458413986476,1.2451726289811553
2023-05-04,0.08061777180701601,0.8612966698377502,0.0526388490360028,0.23185437811556842,1.127737853003858,0.24002493260799995,0.5674824353932846,0.7629309184604731,0.15285037818775282,1.231769220157314
2023-05-05,0.07803112335217555,0.8775648574778414,0.0406953474798577,0.15902541693898176,1.1148977886288005,0.236858891467836,0.5639069608441647,0.7729724582326247,0.15642961558664692,1.2535823374912152
2023-05-08,0.08473464051113067,0.868009132490513,0.04606775960411058,0.17242894944587595,1.1409440188859215,0.2521311684884071,0.5767193146885687,0.7939164086705788,0.1635528402461799,1.2677739236173076
2023-05-09,0.08451908647322726,0.8750773284230353,0.05028319243114465,0.17246471156654586,1.1038923290406593,0.2560064594533169,0.576421183516534,0.7872221684543419,0.17524018731499602,1.2275642703656415
2023-05-10,0.08749337275235347,0.8672590079788574,0.044125374116007254,0.17788308654865337,1.0991233688569095,0.264642923263239,0.5812879834736053,0.7903780570277881,0.17651073328185052,1.2357114441815695
2023-05-11,0.11753996567310532,0.7706760204222114,0.038215720779329,0.1786674629331142,1.1037091577797482,0.25638639527654994,0.5664891176564684,0.7964029569647062,0.1748461755237285,1.209693568129281
2023-05-12,0.13090352973949448,0.7540522998026307,0.02920670265732883,0.18907672225178973,1.1209508757574649,0.2584378037777093,0.5731437166385493,0.8053926933881943,0.1720366624552696,1.2099562938966977
2023-05-15,0.14765125850309713,0.7743877847280822,0.04007538460794602,0.19478036679800637,1.1347080015111635,0.2609199060039875,0.5832743719454385,0.8089311646628494,0.16514583829740603,1.2485888282507194
2023-05-16,0.153535468130803,0.7588695212993763,0.04499350196637808,0.18792966831966162,1.1508492458345114,0.24296276730992572,0.5640061320666769,0.810078673502747,0.1662554471576343,1.228352829814463
2023-05-17,0.1474355921389623,0.7528677240050525,0.03061162214588853,0.1815474628154392,1.1508492458345114,0.23561784035469713,0.5737396084799193,0.7966899538065444,0.1485548695369261,1.2475377341077651
2023-05-18,0.13269277427819293,0.7280705505623446,0.02986768917830629,0.18627091268149676,1.1064603419156707,0.23295856175239837,0.5878431642313748,0.8103657899764494,0.14538698006286777,1.206013878799157
2023-05-19,0.13868459243550357,0.7295313404324391,0.04879555128309798,0.18764108915055444,1.1099454161693232,0.2369602711914427,0.6005562233523671,0.8252847208456211,0.15361981358262877,1.2068026293212646
2023-05-22,0.13724052640565176,0.7504985724098963,0.06854984322784041,0.18342235404664997,1.1172826302429018,0.24357063741106577,0.5928092589118577,0.8177296097357329,0.1807703176114499,1.2325577796061356
2023-05-23,0.1330158245194697,0.7355333380270328,0.07454221822400497,0.18064596318744797,1.1336072868419782,0.2433425670529934,0.5890350714150145,0.8235633379539107,0.18017963701603468,1.2556849079236931
2023-05-24,0.12726090238401322,0.7256617395137015,0.07338512653322704,0.16521373475042078,1.1376425979228153,0.23609901982137083,0.5919153593993527,0.7991763824688076,0.18243477905771877,1.2785493104738337
2023-05-25,0.11963080614289834,0.7411008843357043,0.07809632734938399,0.16074264226543966,1.132323400911881,0.23594701827604436,0.6342260266537192,0.7976462909277018,0.17890909104918018,1.3187589637254993
2023-05-26,0.14338353567031947,0.7519595625802606,0.08892398565093518,0.16521373475042078,1.1497487721801432,0.26965788561768234,0.6247905579116118,0.8183990696469159,0.1915803600098538,1.3316365388679348
2023-05-29,0.14249975288229244,0.7567769843772767,0.08640299812066332,0.17942012226967963,1.1827653919593857,0.27679991704553286,0.6313457386693813,0.8135217981817593,0.18852024349947882,1.3605451626549536
2023-05-30,0.14519412219296868,0.7459183061327204,0.09421367611570153,0.1803215299641987,1.174694769797712,0.27647073912418585,0.6257837521475285,0.8169645639651801,0.1870344405408173,1.4178663839801078
2023-05-31,0.1499358617219173,0.7418510088473598,0.08962655778877404,0.1616441418934309,1.1685240674383577,0.251118051653175,0.6882566822940612,0.8154343527922103,0.1774772227282868,1.3942199184728485
2023-06-01,0.16301928416739409,0.7435489542372937,0.09061820616057914,0.15670428063391117,1.1793694931880192,0.24774965930629622,0.6446546896317435,0.7904735232552944,0.1898263285401487,1.3630491780600464
2023-06-02,0.17112373408337422,0.7646740228276174,0.08810531096656149,0.1585070960229491,1.196011807315886,0.2436720171346718,0.6616386568684367,0.7943946968630216,0.1832401387738225,1.3829339837977477
2023-06-05,0.1621141593954165,0.7913273788736659,0.0927124353470059,0.1569926759360738,1.196011807315886,0.25484134107275835,0.6576657564238706,0.8108438389051633,0.1772624472957458,1.3681546562457823
2023-06-06,0.16010947314504587,0.7989480029512204,0.07135248901717839,0.1533871370914699,1.1890929949645996,0.2559049436495451,0.6476342723394932,0.8019498079729095,0.15700247848922877,1.3797092399601474
2023-06-07,0.17090818004547104,0.8286020573441608,0.0796869209975517,0.15937246579638176,1.2034912201314873,0.2654281058205652,0.6770334145269437,0.7983157508388845,0.1722509563285457,1.3858896964495124
2023-06-08,0.15525967578156719,0.8481870171574166,0.0745354746104594,0.16009350001852485,1.2008735582041763,0.26618784138686524,0.6606453391316205,0.7939164086705783,0.15848779988862471,1.3802469201852468
2023-06-09,0.13642155585309657,0.8661138913344957,0.0604209790670327,0.1614638603545271,1.1642233990440163,0.2572220635754303,0.6556793679520374,0.794203405512417,0.14876964496946798,1.3563314234921524
2023-06-12,0.13954669626088578,0.8479108030849007,0.08220004097868738,0.154396658549248,1.1640363715460333,0.25833628797393726,0.661340649197302,0.7901867656771833,0.16222845595341107,1.3482700415813658
2023-06-13,0.153535468130803,0.8593221097747594,0.09300555774909891,0.15634362562263138,1.155621821240517,0.2769267437601646,0.6573677487527358,0.8047232334770111,0.1610832117075145,1.3936822382477487
2023-06-14,0.16338569233396072,0.8598356796673854,0.08927813775561111,0.15508165485030467,1.1561826627196488,0.2926297145058545,0.6446546896317435,0.7975505854364675,0.16371416260021943,1.3888454091012772
2023-06-15,0.15948437766774948,0.8647710783235107,0.07788615139389532,0.140875359264518,1.118597607084391,0.29298420333806163,0.6481309929583514,0.7723029983214413,0.15983732157506836,1.4081927256871647
2023-06-16,0.17067105937115423,0.8691149902819275,0.08194861658701491,0.15580278100592015,1.136361604170522,0.3055720269256397,0.6642208136807404,0.7868397053849969,0.1449079249052625,1.4350637439587386
2023-06-19,0.16615116414906272,0.8687596576027081,0.08391730216794402,0.1568124863306426,1.1273862123858738,0.2926042675148286,0.64505199202629,0.7657043439645741,0.15770960011511148,1.437750807571239
2023-06-20,0.16304377128582215,0.8811185848705756,0.09179103294962898,0.15922831411203697,1.1219636200184513,0.2952889931081535,0.6511106991670008,0.7702947382197565,0.16394829671524525,1.4337203076891312
2023-06-21,0.16326112254342662,0.8909505239304201,0.08839865815577275,0.17949229004532485,1.1180365245904422,0.2989362137149909,0.6666046280480198,0.7686689411874164,0.1749469177221319,1.4025497583496147
2023-06-22,0.15359106961530644,0.9081665324487898,0.07348841621402569,0.18526139122371887,1.1053215469054014,0.2843476034479737,0.6741530030417058,0.7706773209209652,0.16784305174508374,1.4057741200406433
2023-06-23,0.14804990429805231,0.8870811233119529,0.059625345062271684,0.18518931538154626,1.0740939801126639,0.273836771432747,0.6979900352064037,0.7663736842438933,0.15985542820346188,1.3901892275174559
2023-06-26,0.15261326977166467,0.8776043166310576,0.06410681344365954,0.1794561601907665,1.083256640410112,0.264111121974846,0.6923287539611391,0.7739289149856456,0.15022703593144793,1.395294514629907
2023-06-27,0.15228729904837368,0.885896547514375,0.0714781450162354,0.19607846742489188,1.1171016281153436,0.26456699053065935,0.7180528798742587,0.790473523255294,0.15300389928168667,1.392070152938878
2023-06-28,0.15658995533909192,0.9122732888873673,0.0833726429806192,0.20873439693618923,1.1309390118030995,0.28130838902244215,0.7325537380202609,0.7930557770406557,0.15953085725832095,1.4149106713283444
2023-06-30,0.16393463062642244,0.954997336507154,0.11867961845083697,0.22694310816589036,1.1423455200467099,0.2918192210376691,0.7455648048123882,0.7876045118918222,0.19083211322267313,1.427002553121239
2023-07-03,0.17388707170008155,0.9380180829080838,0.11717185885571468,0.24021205006954394,1.189467049960565,0.32497270401972167,0.7463592861005814,0.8028104396028326,0.1800316056977318,1.4896121097662514
2023-07-04,0.173430802548459,0.944177917115544,0.12676285082665584,0.24626963848357297,1.2036782476294694,0.3113212778553569,0.7185496004931169,0.8069227849293001,0.19321217173790273,1.506272362739638
2023-07-05,0.19770326554819828,0.9512459127477964,0.1285639576109896,0.2066790402991303,1.2087267850009256,0.3091683535504255,0.7215291832008666,0.8323616633949309,0.19721498866698384,1.5532968357881773
2023-07-06,0.19824669985532517,0.9653031860061378,0.12571590482378103,0.20790506508384277,1.2158323838353775,0.3366485183353416,0.7274883486163661,0.8350395030396627,0.19827865677325596,1.5468475391862628
2023-07-07,0.17260509242202438,0.9343065189024828,0.1142400728669879,0.19737647611830478,1.2199462657465525,0.33403986155476284,0.7290774346936526,0.8101743789939813,0.20056847108207676,1.5172896483754736
2023-07-10,0.15454730282253482,0.9259353697127326,0.11336059326714931,0.194527917483458,1.2162061978165264,0.3854289032503382,0.7587744610513383,0.8139998471104744,0.17990543717009544,1.5035851080538514
2023-07-11,0.16669437380372676,0.9542075525420117,0.12965271401784384,0.18872287031744972,1.2010601036725235,0.4004479350821426,0.7716862331200538,0.8074010731217434,0.18006762633081275,1.5428172303774401
2023-07-12,0.1619788062866756,0.9387289485667925,0.1168369260496418,0.17758117702608334,1.2036782476294685,0.4019928532057686,0.7678127508997992,0.8063491501412161,0.17556023160303913,1.5382492413435185
2023-07-13,0.1537431593325136,0.9349382659544883,0.1434739747656184,0.18345848390120834,1.190215159952496,0.3894559236002426,0.7580792744865568,0.8279624408584894,0.20464352190102608,1.5366367738880755
2023-07-14,0.16339142097175774,0.9523910293921578,0.1944449033848059,0.1859104415371613,1.1855401955473717,0.38829080521968384,0.7609594389699952,0.8362827173707945,0.26742604068328224,1.5414734119612623
2023-07-17,0.1654776560660669,0.9496665451177821,0.19193189579722914,0.21071749386413097,1.2479948471032127,0.41665753228553215,0.7442736029053365,0.8528275649041708,0.25914996314145355,1.5385176993094976
2023-07-18,0.1659557165065655,0.9543259300016613,0.23569918403399548,0.20970797240635286,1.2152715423562452,0.428687971513525,0.7390096240546187,0.8657382356716583,0.26100724091774397,1.5393240285738612
2023-07-19,0.16108805927230674,0.9696859562169604,0.23548968243986157,0.2151884944156397,1.2493037985742768,0.43952784536993295,0.729673326535023,0.8619128871870292,0.2513429243245022,1.5734502905651429
2023-07-20,0.17484319258107806,0.9661718882777126,0.21417165890757262,0.21782064165702408,1.2814657798124784,0.43778479452473573,0.7576818485911103,0.9042790762553803,0.25215627792441775,1.6449275583853056
2023-07-21,0.1317089088180594,1.0424193909089072,0.11541267486891948,0.20844600163402593,1.3003519418865075,0.39327651033845523,0.7599662447340785,0.9069567962682477,0.2178090632921046,1.635791198170891
2023-07-24,0.12138691444335703,1.0574240844449871,0.11960102084821411,0.2103569307863229,1.309888657179922,0.3650955326990801,0.7642372763506795,0.8973931857929465,0.22737196350397149,1.5331435720844961
2023-07-25,0.11612824959787305,1.0223997795094584,0.11792568245649626,0.22348172100563124,1.2797830143602655,0.3642175434686006,0.7552982812256306,0.9025575737318057,0.22896284269442813,1.484506822653799
2023-07-26,0.12271247629916604,1.0898026231123032,0.1298622156119782,0.21922685604716818,1.3005392103993079,0.38638908490103074,0.7667201384395714,0.9059048732877204,0.22503996460346776,1.537980210157683
2023-07-27,0.11686701922126552,1.1008195385702662,0.13346409199996834,0.206571018469343,1.3057747752687474,0.3734922232566611,0.7781419956535123,0.8940461255007603,0.22814939278265944,1.4992857680591936
2023-07-28,0.12327758956893775,1.092408930227299,0.12286796443013182,0.18518931538154604,1.3039049823185516,0.38729469840519104,0.7780427009301005,0.9054267047271414,0.2131451618029503,1.517558297414738
2023-07-31,0.11293391623159055,1.1175221774962796,0.13560001919681564,0.1907419132330057,1.3194251314585204,0.39903909712443175,0.7677133326754881,0.9094432249305111,0.23702539685780644,1.5027789698627725
2023-08-01,0.10871820044391423,1.1059129741395277,0.14355759557357772,0.19871061466627604,1.2881975646657828,0.3792546739624716,0.7711895125011963,0.9022706965218315,0.2480888357418678,1.4979423317895861
2023-08-02,0.11647589928380908,1.0943318128205948,0.13656345678529047,0.1830258449812281,1.2380843178286502,0.3645195053567645,0.744273602905337,0.8877342287220038,0.24396707367413706,1.472683398826884
2023-08-03,0.10880514094695615,1.0751230169146524,0.14280399675991418,0.17448035294363207,1.2083529710197767,0.3587842706841369,0.7315605437843449,0.8457505027229968,0.22925206718946,1.4509178587410463
2023-08-04,0.10650177924750515,1.098125499936951,0.1545728387252414,0.19146303938862075,1.1440280444841053,0.3772515739202118,0.7672168590584298,0.8562703306875912,0.24501562081946338,1.445006051290946
2023-08-07,0.11658463107572703,1.1053138760315546,0.1668444170803547,0.19077804308756408,1.1238336539834632,0.38509945316866023,0.770692915383238,0.8661208183728666,0.2596584897261254,1.4447375933249669
2023-08-08,0.11512865846535525,1.1023586458459835,0.16449898828937326,0.1898045595508724,1.1432801755069901,0.3767576029179427,0.7587744610513389,0.8742496839027034,0.2547957042602005,1.4310330530033446
2023-08-09,0.10919626088441303,1.117853874743624,0.16801724386940453,0.19023710653738046,1.1457112919659522,0.385840409672064,0.7553974524481426,0.8757924564213977,0.25186724605309196,1.4648910481019324
2023-08-10,0.10245983213968102,1.111384176018265,0.1635774734984372,0.17967247965075628,1.1453372369699863,0.39201450287976525,0.7377184221475674,0.8592078911091594,0.24449149171457996,1.4278086913123151
2023-08-11,0.0872923087982902,1.1073907895325843,0.14912804514893785,0.16737711321726656,1.1472075119498162,0.3978866341993026,0.7372194785125135,0.8375128918287451,0.24691373482149226,1.4116859274907427
2023-08-14,0.10089524006362294,1.1244830124840108,0.16730511827904326,0.16168017981451732,1.097280569566216,0.41440554161981535,0.7302351321280578,0.850433372409084,0.24729349245849241,1.4141043420639794
2023-08-16,0.10937014189049687,1.1493627096380141,0.18820436341018243,0.1582907765629591,1.1142969386900488,0.4132532147748522,0.7100801557889775,0.8445517914452896,0.2503847176974372,1.4197473094015294
2023-08-17,0.10530674047249056,1.1185727524131384,0.18238282662382677,0.1518727170045946,1.139727858119398,0.39286500391673007,0.7095813356548235,0.8351988526825675,0.24219560975900967,1.3700355816672039
2023-08-18,0.11030458380884922,1.1101463203488309,0.1633263862874419,0.14714917520506487,1.1427195750426749,0.40318246601619245,0.7086832371117266,0.8332703870341993,0.21737537101733562,1.373528974544068
2023-08-21,0.11378152997313307,1.1263600263154454,0.17723126784317556,0.14624767557707363,1.1380446106375506,0.38787181438883356,0.7400131923661155,0.8420447861024105,0.22986663312445788,1.4065804493050065
2023-08-22,0.1151070918289423,1.1395784420424615,0.17584916424711006,0.1413441280390566,1.126077260914808,0.38754141174599344,0.7513878722363458,0.8358738156594965,0.22281660547332494,1.4412442004481023
2023-08-23,0.11869232048021883,1.170568499237202,0.17936719504002308,0.14415646488587264,1.1574918552055284,0.38908347218613537,0.7324303606213949,0.8645110520103083,0.22863750125446103,1.420822096631872
2023-08-24,0.12182161695856686,1.1470464373141733,0.19247621780387725,0.1388922623365758,1.1576784006738774,0.36573197963506154,0.7350243735200759,0.8685608298718814,0.2248410806266965,1.423240702278394
2023-08-25,0.1141290673328379,1.1073108697248002,0.18954476899582784,0.12605595935290248,1.131500094297047,0.359426024746589,0.74310639590165,0.8713571050620155,0.22250908172619255,1.3826649526119121
2023-08-28,0.11071738270895093,1.152797458670288,0.18581712421522179,0.13777444324859456,1.1423455200467085,0.34587774734798726,0.7368203236044701,0.8716462552774067,0.22043038299949314,1.3721853472011754
2023-08-29,0.0978747877034245,1.1716469158916083,0.18749246260693964,0.1468247419818156,1.1498251738771272,0.33299041131523177,0.7065880443471997,0.8662466710938397,0.2206471809809507,1.3651987525207323
2023-08-30,0.10039550066047997,1.1636996020734633,0.2021511677634551,0.1384595314831234,1.12196362001845,0.33172364105073493,0.7116765284193505,0.8491801090013733,0.22599807491867807,1.3797092399601474
2023-08-31,0.08870469883091037,1.1586678589874033,0.20240247976156867,0.13323118298796865,1.0993376310292118,0.3256378638707118,0.7089827267936588,0.8488907195222539,0.21365118427943908,1.3630491780600456
2023-09-01,0.08859607936522385,1.1581885404409702,0.20943887852807186,0.13557502686066258,1.130004115328,0.328749609024676,0.7280400271356204,0.8680788330916536,0.22174995169960465,1.3703044217797533
2023-09-04,0.08711842779220724,1.1653769165355738,0.2272388712674478,0.14267835852050026,1.1524428358044378,0.3276756643552796,0.7267428971853802,0.8654752848344924,0.2359589357077918,1.3512257542331305
2023-09-05,0.08957410386132847,1.1828284781716225,0.23879832403220003,0.13571927047847998,1.1429063615258404,0.33478040981766943,0.7279402384086096,0.867500173765279,0.23988171748689902,1.3813215163423047
2023-09-06,0.09672321917993076,1.1808318850789172,0.23758379923272988,0.1505746163777093,1.1335571557600428,0.3375889683619764,0.7566759337625182,0.8464802570936578,0.24008050515181623,1.4046995238835849
2023-09-07,0.08974776021494946,1.2734421170777064,0.22816016127126582,0.1616441418934309,1.1655321095002615,0.339406455057929,0.7466982960704389,0.8621970128641305,0.2492458300338487,1.3963693018602488
2023-09-08,0.09250739106602279,1.3175310107381928,0.23100821405847438,0.17069434869318,1.1819873961301455,0.3483285511361054,0.7677512474517163,0.8716462552774065,0.24441906520100476,1.3789031017690685
2023-09-11,0.10226427217095369,1.31162035006678,0.23674613003687095,0.1767520290406812,1.2128409079269171,0.3628681725433933,0.7776292199176849,0.8864952015061134,0.2584290689205686,1.4033558965406918
2023-09-12,0.08601021719400292,1.3514760978182343,0.2573942879570146,0.1804297356609299,1.2003119936805917,0.3431791415777392,0.7768310336024984,0.9101186664348964,0.29463828060997677,1.424584138548001
2023-09-13,0.08935675260372422,1.3216439764851438,0.2550906695700128,0.18547771068370866,1.2306049050130485,0.34989823584992785,0.8262206489305408,0.9087686208491745,0.2899564651161348,1.4372135094927097
2023-09-14,0.08685760628308237,1.331108765149831,0.2622944223459931,0.18475649259462124,1.2337836494343088,0.3511375179209102,0.8258216175233977,0.9047190822513294,0.28713645405568156,1.4181348419460864
2023-09-15,0.07334150319456034,1.3230817318241725,0.2661895335296356,0.1983500515884682,1.2393932692997138,0.35364329809605755,0.8681270977399738,0.9138791744492143,0.3009655841150154,1.4095363530300569
2023-09-18,0.08157715014872235,1.3321070616961834,0.2496040655897298,0.17476884017926686,1.2586534863697088,0.3418572588460471,0.8362981988505309,0.9095401267403855,0.3038037018038622,1.4294207766211877
2023-09-20,0.07210288184179325,1.3082657211425595,0.2483056951951823,0.12764254721542279,1.2479948471032132,0.31195200942437085,0.8173405637346802,0.9036584261447267,0.3037675848589281,1.4342577968409445
2023-09-21,0.07492777423326347,1.3157337164142713,0.2579387223572214,0.12017865247777748,1.1995646067331105,0.3023965962540289,0.8318082001386453,0.8499513756288564,0.29626556568092677,1.404967981849564
2023-09-22,0.07888266851181447,1.331029045642317,0.25324786477525874,0.1030877603360576,1.2369623938555683,0.2969717604398521,0.8187374824119313,0.8325954240572704,0.30289971875012567,1.3813215163423047
2023-09-25,0.07601441819505439,1.3182496881074366,0.23481959204059888,0.10406124387274951,1.2216290311987654,0.2889860319833326,0.8167419548735155,0.84426240196617,0.2933188082217184,1.378634261656519
2023-09-26,0.07736143436104559,1.326276721433095,0.22351122648684196,0.10885676958097967,1.2229382236846464,0.29011508911992423,0.8213316188115123,0.8295099986517451,0.2964100334606632,1.3778281234654401
2023-09-27,0.08727051750941506,1.3682087817847681,0.22883058885120677,0.1010684416200851,1.2055480405796644,0.3046547105272124,0.8363979875775422,0.8187105910208832,0.29771159184423457,1.4138356930247142
2023-09-28,0.06927798945032237,1.4041106022037582,0.2057531565450046,0.0987969493899803,1.2062961505715961,0.28548877171933307,0.8471739350857077,0.8177464778285632,0.2787121525718437,1.368692145397596
2023-09-29,0.07155967218712855,1.41493322639969,0.2024024797615689,0.10067193255466322,1.2384581318097974,0.29149181215847997,0.8486705189890695,0.8356809690946596,0.27576549142448825,1.388307919949463
2023-10-03,0.07299374118239288,1.4546289342353065,0.20118795496209874,0.08751119634774085,1.2549134184396813,0.2767042526888961,0.8464754139966322,0.8133110068373166,0.27043260780330125,1.3633180181725955
2023-10-04,0.08992164122103308,1.4182878553239107,0.2098576569292221,0.10301559256041282,1.1924590078986572,0.27450152304323994,0.8443800977312055,0.7935444732052706,0.279073610956744,1.3437018614741585
2023-10-05,0.09500642506043344,1.4728394335948969,0.22585665527782361,0.10748668504539394,1.2145236733791296,0.2744740348497252,0.8535596726089982,0.8143715433120549,0.2977296984726281,1.3434332124348942
2023-10-06,0.08624902276178936,1.4709626200637325,0.23863085762916447,0.10626084412762582,1.2223771411906972,0.27662192418851794,0.8479721214008937,0.8227604885143207,0.3093174590852794,1.3762160381565685
2023-10-09,0.09142085943046308,1.4557868700969574,0.2359084608410127,0.09342454114395249,1.1881578574746827,0.26574476436664973,0.8449788300932699,0.8100327348669547,0.3154455896779882,1.3670800600887243
2023-10-10,0.09355034012383023,1.4568254269976073,0.2524103079729594,0.09962628124232675,1.2126538804289342,0.27133466542208073,0.8924727066099072,0.834331043140802,0.3120287340635177,1.3883079199494626
2023-10-11,0.11102156214336611,1.4669690332777816,0.25178202797767546,0.11026298397112355,1.2003119936805917,0.2915193003519949,0.9069403430138725,0.8379950082408381,0.3051594837607614,1.4089988638782427
2023-10-12,0.11128227132626023,1.4614179115912616,0.22757391646708025,0.11765471093312407,1.1917108979067264,0.29391499167291757,0.8964637616867395,0.8402127437364613,0.2808092468624961,1.4221657239747652
2023-10-13,0.11669325054141444,1.4676879109472964,0.19880082816069722,0.10748668504539372,1.1546866837506005,0.2938601513660539,0.9041466291602704,0.8345237700737753,0.2910409365826889,1.4095363530300569
2023-10-16,0.11184749692226315,1.4775120382966058,0.20131361096115574,0.10305172241497118,1.1528171318152216,0.29096872000070517,0.8888806829402192,0.8347167362704762,0.27412038866070376,1.4127607147210859
2023-10-17,0.11091283035144817,1.4490780128490575,0.2082661641325816,0.11141684098019122,1.155808607723682,0.29713709784143827,0.9030492001649515,0.839537780759533,0.2679740551277481,1.4369446693801593
2023-10-18,0.10747969141737923,1.4325446276513074,0.20667455894238196,0.09594857462207784,1.1415976510695942,0.2799263588574168,0.9014527040336788,0.8199642133241876,0.26081538770625334,1.4272713932337866
2023-10-19,0.10741454220321356,1.439573364430613,0.20089483256000573,0.09248700359487483,1.1361748176873547,0.270095519431264,0.8816967591017422,0.8045366077691061,0.25262310147667155,1.4205534475926078
2023-10-20,0.08440204254019235,1.4059876160351936,0.19553388457877952,0.09814789907653765,1.1058823883845323,0.26621274405722883,0.8861867578136278,0.7987513304558653,0.2667237346500566,1.3555250942277888
2023-10-23,0.07933904998966801,1.3628177000140864,0.17995355223776888,0.08606894403651033,1.0679235187681253,0.24644097635069873,0.8744130465362541,0.7933517462722983,0.2361301781827061,1.342627265317101
2023-10-25,0.07664456835276034,1.329111971756856,0.16247455550313905,0.07918211570360723,1.0800776549740343,0.243549681065516,0.841087440242549,0.766642736306127,0.22886238943158377,1.325429141045329
2023-10-26,0.07625322376284105,1.287978708882481,0.15348059811805603,0.05531241705877088,1.045671584774854,0.22622885322726982,0.8069636476336581,0.7522760261213757,0.20952364350051877,1.3342970432937649
2023-10-27,0.07870889983196205,1.317770369561004,0.17121405387045385,0.05945898438703057,1.0985897620520975,0.24787294793661596,0.8251230964343224,0.7601826156478213,0.21467093418067118,1.3310724905294502
2023-10-30,0.0773398677246322,1.3372988446980818,0.1684142179200927,0.07096114882273241,1.1137358561961,0.27359277969526374,0.848371276308937,0.783613114379903,0.22467561686297177,1.3133376413990057
2023-10-31,0.0795562889210415,1.3394554777066245,0.16107480611829694,0.06475931679088598,1.115044566652347,0.260044502296662,0.824724065027179,0.7651963870698506,0.22112305784740216,1.3023201646898839
2023-11-01,0.07444960146653368,1.3124988670515916,0.14898361942551452,0.06331697254618329,1.1182237931032408,0.26527664859590416,0.8228282027148743,0.762689381726972,0.20731251597572764,1.3007080793810122
2023-11-02,0.08869986880296432,1.3307093664111815,0.1625594126402481,0.06493950639631763,1.139540348591781,0.27783344590565373,0.8435819114160192,0.7740673290523445,0.21798762546785788,1.3170994922418497
2023-11-03,0.09852830171724603,1.3252381645324451,0.1785959504375838,0.06998757335256856,1.1621663375810187,0.27755801964984306,0.8573511502318085,0.8007762193866521,0.21465292386413082,1.3283852358436645
2023-11-06,0.09334051472372495,1.3765154342875348,0.1906870247368071,0.07773967952543237,1.147955139912114,0.28818737748958134,0.8742135925831322,0.8232424852945497,0.22529172378762063,1.3396713615920515
2023-11-07,0.09292445836291519,1.3652136918454398,0.19153548371433815,0.07251151489722196,1.1681500124423896,0.2798162700031923,0.87012262527839,0.8283527996308617,0.22173935739575734,1.3254291410453294
2023-11-08,0.10295002381316354,1.393288178308096,0.18025049602087084,0.07561243091314518,1.1702068328905688,0.2864801157280197,0.8693243154623038,0.8045366077691065,0.22576317030882675,1.3482700415813667
2023-11-09,0.08427814670704659,1.4159715830000699,0.16650498853191942,0.07135774982162646,1.1629142065581335,0.2725188350258678,0.8605440189934539,0.8076220331746318,0.21340241076273303,1.33456569233303
2023-11-10,0.08859023840119584,1.42268064054824,0.16145649464494882,0.07557630105858659,1.1672153569821089,0.2749145263467907,0.8668299677897338,0.810032734866956,0.20832754659615516,1.3461204671206812
2023-11-13,0.08491278991400542,1.4348608999751469,0.16544444290839544,0.07362924205173105,1.1741336873037613,0.27474932502537075,0.865832204020526,0.8020297220580919,0.20763872422237228,1.343164754468916
2023-11-15,0.0885246398821049,1.4479997964949196,0.1967961766408608,0.08487904910635646,1.1866621195204528,0.2977977670469534,0.8957653640985637,0.8148537793560127,0.23400968011173617,1.3751412509262262
2023-11-16,0.09062615134387353,1.4369774729296632,0.22598422196738488,0.08772751580773108,1.1864753330372868,0.3001384819808468,0.8948673890563665,0.805018724181199,0.26792002417812677,1.3574064017957816
2023-11-17,0.10708711123891601,1.4831827392443957,0.2197478405544473,0.08538376386850954,1.105695360886549,0.29730229916285933,0.890377266843581,0.7777312941523806,0.2695875676036965,1.3606305724135255
2023-11-20,0.09730237322861801,1.4670489530855653,0.21894164155513218,0.08545583971068216,1.108313263828677,0.29388763955956976,0.9185146003381239,0.7769600275248973,0.2758043051013104,1.3474637123170026
2023-11-21,0.09677713577096503,1.455907050259038,0.22097810045218935,0.09465038206172083,1.0998987135231606,0.3101620109219343,0.937372446726964,0.7859271535260814,0.272396695424743,1.344508190738523
2023-11-22,0.10406620957379209,1.4618573703839375,0.2369296687188569,0.0907563559814819,1.090362239244563,0.31528393228678575,0.9351773417345264,0.779466913235912,0.27962846354278437,1.363049178060046
2023-11-23,0.10319073892688291,1.4325844874050637,0.2296752264477293,0.0970662098431152,1.0941020661597722,0.3193044207887261,0.9489467040512161,0.7799490296480038,0.27168986273441975,1.3665421887903397
2023-11-24,0.1011330346953292,1.4394535848690717,0.21962049865200428,0.10485453780400955,1.0955978041140022,0.31842316563426465,0.9419622341658604,0.7922910901656965,0.2531487715712055,1.3528384127618591
2023-11-28,0.09909734640511414,1.4360590961910944,0.2241174773445458,0.10236663418044256,1.110931166770805,0.3186985918900753,0.9654098679935972,0.7847701937689244,0.257879320862745,1.3391338724402368
2023-11-29,0.10544535104194108,1.4630155065458572,0.23845698479326027,0.12436134966059575,1.1264513159107734,0.3221682278803941,0.9863630306478632,0.8119610808834599,0.2736836144066339,1.3496136689242593
2023-11-30,0.11442010459818941,1.4833423785596933,0.23468123556936593,0.12410890034604716,1.1120530907438857,0.3093636285885144,1.0248769097407298,0.8029939548822758,0.26420440919516097,1.342089585092002
2023-12-01,0.12234404626043771,1.5483971020957457,0.23226308814565666,0.12165703464356659,1.138231638135533,0.3186434794228796,1.0248769097407298,0.8256530673550102,0.2729222692074236,1.417328894828294
2023-12-04,0.13926464509404224,1.6465584557810549,0.2424871930349224,0.16059849058109443,1.224060147657727,0.3329078106545229,1.0611958073420582,0.9114685923887549,0.2732124568209875,1.4401694132177596
2023-12-05,0.12216904199204115,1.6480759306275972,0.23366306231761658,0.17091057621969785,1.2747342359739915,0.34257331267908975,1.0576039071732692,0.9543764745374916,0.2801540373254652,1.4278086913123156
2023-12-06,0.12409509988048772,1.7094567466088346,0.2509299724062535,0.17386743248474779,1.2754823459659237,0.35543329659849654,1.044333364990734,0.9347062445559999,0.30643436376100786,1.4896121097662496
2023-12-07,0.10246836893326305,1.6801444044767444,0.2438024224633326,0.17577836163704497,1.2876367231866492,0.35320267051882803,0.9955424820247563,0.9265103851822991,0.31034915165630306,1.461935335450168
2023-12-08,0.1042414384946515,1.6983947635900911,0.26522688269607486,0.19218425747770795,1.2967993834840974,0.3524866166857865,0.9960413021589101,0.9493623442198704,0.31462636105502995,1.4138356930247142
2023-12-11,0.09607644473999,1.7042651639072064,0.26297844954658367,0.19059776154866004,1.2971734384800633,0.3544694407833251,0.9972386433821396,0.9614151348903075,0.32049859105389933,1.4315703510818731
2023-12-12,0.09568262897298152,1.6696011991576505,0.2524145789282044,0.1787709800227648,1.2902548671435938,0.3350280757196351,0.9860636644668306,0.958715282982592,0.3310832637159147,1.4350637439587373
2023-12-13,0.0996885193605519,1.7154471267877605,0.22946291501461813,0.17610288679376618,1.3181159389726371,0.3404802636471609,0.995343028071634,0.9552441644473932,0.3026101090076809,1.4487680932070743
2023-12-14,0.10163648086410593,1.7420441984579011,0.27396626866983054,0.18998484108977598,1.3323276186711759,0.3571127980062121,1.0059193981257786,0.9933307628433456,0.3293250908365235,1.472683398826883
2023-12-15,0.10450416954970931,1.785893132394766,0.3392578226198064,0.19460017719257472,1.4243265895379071,0.3744337619246241,0.9806756907127483,1.0005625090247263,0.3995567535893976,1.4624722513821253
2023-12-18,0.1100201737911477,1.7887686430728236,0.3273363502012421,0.19398707286674632,1.4252612449981883,0.38842253082029066,0.9760859032738518,0.9698038408288456,0.3989043370961083,1.4272713932337857
2023-12-19,0.12105263157894997,1.7946388430896687,0.32220311157072157,0.19196793801771794,1.4510662194235038,0.40885523989266703,0.9724940031050631,0.9582332862023644,0.38331751571664907,1.4511865077803097
2023-12-20,0.11965181114815637,1.7303829170309144,0.30362108444723357,0.1949245184823516,1.3801970175621463,0.3918097022300657,0.9387692419033153,0.9412630277604521,0.3702136139115917,1.4237780003569216
2023-12-21,0.11776899885876801,1.7348956821170551,0.3032816558987974,0.21634225949123498,1.4074972479120578,0.41130604368078516,0.9514410517237855,0.9369239800516238,0.3729141982741295,1.426196606003443
2023-12-22,0.1275758651366361,1.7778658987688374,0.32610597790994067,0.20491226283117792,1.3813187005204104,0.4126827667193411,0.9746889845966005,0.9174467162668329,0.3861449427897954,1.4463494875605525
2023-12-26,0.13158153087174407,1.7875303868028491,0.310027180134389,0.2132775652633423,1.3861804514087006,0.4198424885687604,0.9952429923428239,0.9189894887855272,0.3758321584892439,1.4530674332017313
2023-12-27,0.14189139401346407,1.830620783616713,0.3296698652749601,0.22831328463494782,1.4254485135109887,0.42468911975796697,1.0378479622413321,0.9327778985394963,0.3815050229520769,1.4565608260785954
2023-12-28,0.15305516116567963,1.8098943125639577,0.32589400365750665,0.22971940709161975,1.4361071527774842,0.4349880749548649,1.068778762587678,0.9398166785241759,0.3774088798372861,1.4941804809467416
2023-12-29,0.16625461660811025,1.8162440314275057,0.309136236391524,0.23260400364755296,1.4011395180547206,0.4236426632820851,1.0597987651639067,0.9218820676262156,0.37505261034978665,1.483431653276884
2024-01-01,0.16222693493166362,1.8158045726348297,0.31630593391910167,0.22456331830558196,1.3985216151125925,0.4265615828409486,1.0215842522520728,0.9272817714416466,0.38146871338343646,1.5154087229540507
2024-01-02,0.14429933143427398,1.7460375849435819,0.30192416649217124,0.22528444446119722,1.3914164983077741,0.43837497420430793,1.03884572601054,0.8942090640995877,0.371355198307068,1.5277694448594947
2024-01-03,0.1411253291158605,1.7478346789672323,0.26425108181610035,0.20639064499696724,1.4063755649537941,0.4227339199341089,1.0657854712800545,0.8976801826347867,0.3382060068161816,1.5648516105758268
2024-01-04,0.1349963606301079,1.7624908500332772,0.2835118536429013,0.21933515367737177,1.403757662011666,0.4300863312984631,1.0911288439191953,0.903658426144728,0.32916203486912776,1.5602834304686195
2024-01-05,0.14703559842923264,1.8129693223110683,0.3003543656524339,0.21309728372443892,1.4007657040735721,0.43617197239831995,1.0885348310205143,0.9162896368778117,0.35493470152667705,1.547116570372097
2024-01-08,0.12873585812747934,1.7963562176058048,0.29208152534243914,0.19957589250623675,1.3448555688582342,0.4249645460137774,1.093423984640443,0.8937269476874958,0.3333307971211996,1.5017043737057145
2024-01-09,0.12939251727577705,1.8401650914886427,0.29759701446740694,0.19023710653738068,1.33887213501168,0.421191859493967,1.1242549962597783,0.8893878999786675,0.3375353873826459,1.4965987044466926
2024-01-10,0.1283637213231159,1.831818779532389,0.289621005546955,0.1941672624721782,1.325221778821907,0.4595237371097254,1.1206628490891903,0.9150361342063724,0.34592694283641046,1.4898811409520847
2024-01-11,0.11032671207642042,1.799351307545133,0.26781463200044264,0.18915550923742996,1.3194251314585186,0.49791031895218163,1.120962215270223,0.911372169106337,0.35408282318549844,1.4863879391485058
2024-01-12,0.11374154183478424,1.8504286776306285,0.3684032707874372,0.18353055974338117,1.3695383782956512,0.5098339352499317,1.1479019605397371,0.9351883609680924,0.4074591411409749,1.5081534792343438
2024-01-15,0.12652505324263652,1.829862046193441,0.4017913510234006,0.20631847722132246,1.3938468917222853,0.5356084712352769,1.1998862062709597,0.9474338785715024,0.4150710521434291,1.5129903083808158
2024-01-16,0.12473019239237182,1.8541825049932275,0.384355063841223,0.21089777540303456,1.3818795419995427,0.5141297139275167,1.1869149067685574,0.9458912256846719,0.39966558598346547,1.538249241343518
2024-01-17,0.12201571668628919,1.8521458518464953,0.3916943632494596,0.10874865581772064,1.3411159829578416,0.49975529384164874,1.1656626249350581,0.8932448312754042,0.40811126869870473,1.5076159900825297
2024-01-18,0.11549270778106546,1.8721536455300063,0.3937308221465168,0.07171831289943409,1.349717319746524,0.5067771664829968,1.169254525103847,0.9021155339941695,0.41463620412642266,1.501704373705715
2024-01-19,0.12311011115804149,1.912088912488704,0.40781564579034524,0.060540673620453456,1.3476604992983447,0.5062264500515412,1.244985276840239,0.9268960783119731,0.43925621052538233,1.533949710275575
2024-01-23,0.039995551881242486,1.8362115647567192,0.393349021226306,0.029315285934703006,1.2629536727344148,0.4634062403234287,1.3108381796115625,0.9844600601245799,0.408303314533901,1.4683840588322266
2024-01-24,0.0689334848988643,1.866722303405027,0.42156137806641514,0.04990378702471232,1.3123195326240662,0.4802589523909293,1.374595766117459,0.9268960783119731,0.4022989446724996,1.4914932262609568
2024-01-25,0.06308892643081432,1.870116792083004,0.41621571560922455,0.03476004582332015,1.2915635775998413,0.4903927062664075,1.315926910685513,0.9476268447682035,0.3908011393306976,1.4487680932070748
2024-01-29,0.07013750977238487,1.9616085473733595,0.4056096974061887,0.049002471263665415,1.3297094747142313,0.5950062389354114,1.3191196559462584,0.9600652089364503,0.3874063391306002,1.4173288948282936
2024-01-30,0.07637599633367453,1.9019455065087998,0.40123972343541303,0.04153866845949228,1.343920913397953,0.5504787674457368,1.3121354330627026,0.9610295613924984,0.38724203110911337,1.3541816579581805
2024-01-31,0.08640156178392311,1.7793036541078657,0.4092582171211989,0.05469949659988682,1.3953431117061497,0.5714069444022072,1.3361815522507037,0.9827244410410485,0.3928633687305072,1.3729912943189682
2024-02-01,0.08292090885400571,1.7140093714487317,0.4059914983263997,0.05743975760453024,1.4220827415917459,0.5714344325957219,1.2972683947488943,0.9769391637278078,0.40680653202397954,1.3802469201852468
2024-02-02,0.0737274561253769,1.6964776897046292,0.43679171686443596,0.042872715073991596,1.4295623954221641,0.6056355967751494,1.2964703319346076,0.9747213086003201,0.44774263315450713,1.3651987525207319
2024-02-05,0.0592363613489959,1.6690820208574606,0.4315735087032475,0.041935269458386326,1.4045055309887808,0.5850654467351997,1.2221366223763663,0.9737571954080002,0.450297690306924,1.3541816579581805
2024-02-06,0.06223535939901259,1.7349754016245686,0.46742222112825416,0.04139433290820271,1.4318062433683263,0.572701202860219,1.2630450604147918,0.9793496261564039,0.5096849273298167,1.3184431195847415
2024-02-07,0.06184120665331028,1.7113736201940264,0.437131033019313,0.03119026909938616,1.525301193204105,0.5885075945320042,1.263543757048046,0.9711537667827033,0.4904853520265644,1.3205926940454278
2024-02-08,0.05816398281858248,1.6640901375251578,0.43573094645379373,0.01179184680647527,1.6161782400977551,0.5972918414021093,1.27920885817614,0.9078045076568559,0.5089914819870822,1.2618875289141624
2024-02-09,0.061272161965442384,1.655344426830255,0.4164279146487768,0.012188447805369318,1.7122913338904788,0.6089952799914098,1.2355065827832123,0.9490731940044792,0.5088454732176955,1.2670707739270544
2024-02-12,0.04441704932469759,1.6353766932007714,0.42554921393630285,0.002380984995446589,1.6474058068904927,0.5997425091100614,1.232413379247678,0.9209178348020317,0.5041003808363291,1.2198743349216596
2024-02-13,0.048072706523011766,1.6529083749448739,0.4293250755537563,0.005589922841156669,1.6681617619147175,0.6137866626332551,1.2307172178902945,0.9666218725090381,0.5146127232966231,1.2193286296185732
2024-02-14,0.04542394166225128,1.6429244079799967,0.41375519581374065,-0.001909825950630717,1.780168577813742,0.6317133193701523,1.226725915811663,0.9722144228893059,0.4965811218366125,1.2455188537742874
2024-02-15,0.029182130244514548,1.6359755910084748,0.42236723988505354,0.01972432645171507,1.8486071452457709,0.6198446794594317,1.23640443432451,0.9605473253485419,0.4977126897993607,1.2037785124333276
2024-02-16,0.03986424251682941,1.7050237010302083,0.44383418488313,0.02394296962214737,1.822428356839307,0.6088023183161433,1.2350076391481588,0.9732750789959084,0.5068744511428263,1.207597685261789
2024-02-19,0.04507393312545793,1.6675645460109192,0.4422220116716178,0.021923742839647042,1.8394444849483222,0.6235897417055614,1.279308646903151,1.0128080266281367,0.49793160664158775,1.2329695425361589
2024-02-20,0.05249454094516093,1.6810627812153136,0.42991885072640157,0.048750113882588986,1.8426232293695826,0.620312795230177,1.2828007583449286,1.0224501156062495,0.471231167902572,1.2157823094416544
2024-02-21,0.05380785924175613,1.6328605212073355,0.40471886605688323,0.037824740051212835,1.8852570633911134,0.6166504697249231,1.2747188594642545,1.0286209664172996,0.45694099300217283,1.2007777064862095
2024-02-22,0.045489877160036496,1.6866535623553207,0.4266097595598275,0.02369061224107094,1.8643143218837226,0.6321263226737022,1.2660382282215155,1.049351972137258,0.49183612576709934,1.2613420146843617
2024-02-23,0.0481166260794581,1.705982338123074,0.42279152557059896,0.024447776317772396,1.8386963749563905,0.6452064843015586,1.2464818607436001,1.0466523594932706,0.47906064738130905,1.244700295819658
2024-02-26,0.05256002713802044,1.7716359594668303,0.40862173239610233,0.025673709169012682,1.8381357744920752,0.6382670762407545,1.2151519054892108,1.0329600141261284,0.46042671159165116,1.2326968809579015
2024-02-27,0.05301977840281369,1.8006290229683253,0.41154902264246584,0.024123251161050963,1.8042900637423926,0.6364222374314532,1.2499742191871777,1.0445308080163378,0.4981506197956682,1.2433360325619427
2024-02-28,0.06013396026347517,1.771675819220587,0.41803997546673033,0.01637096112124281,1.7768025648796812,0.6033499943084513,1.2524684433588478,1.0175325282029108,0.5034615443143351,1.2277859153766966
2024-02-29,0.056084262645689886,1.7775466201382426,0.4202886334033398,0.012044204187551255,1.7977457884167065,0.6090502563784388,1.2416924958506823,1.0291033220931198,0.49475610853113006,1.2168733379012564
2024-03-01,0.054946060943722896,1.9021049455238277,0.40399752419467694,0.03176724357065552,1.8764684580896311,0.6435541989270257,1.2523689016336368,1.0960201230365842,0.49448229393260323,1.2343334236473038
2024-03-04,0.06033098047321084,1.9108508565190006,0.38914887392330844,0.033173457960799624,1.8873138838392927,0.6603794228010118,1.2619473844176734,1.106530021556463,0.48949979283320344,1.2321507935082447
2024-03-05,0.050633856923342435,1.8854121213110502,0.3631003178826999,0.03905067290245268,1.9318177518258368,0.6524486707315218,1.3325896520819147,1.098238097795936,0.46446005937818335,1.216054779946627
2024-03-06,0.051049800957921,1.9090537624953492,0.3724760761879937,0.04031273560825155,1.9316307243278539,0.6555329276919712,1.3820789326360683,1.1156902333862124,0.48351381853575526,1.2253306236593797
2024-03-07,0.05925826496410336,1.93680877002714,0.37154276007335363,0.0428367690863769,1.9471506324530052,0.629014577519738,1.394052344868363,1.0980450119673715,0.4996837118742301,1.2564310491031572
2024-03-11,0.04625605438387104,1.9077760470721579,0.3580941963675044,0.02963990302489594,1.8934845861986465,0.6154386758474557,1.3878659377972942,1.0802067047199655,0.5047026188541235,1.2337877183442179
2024-03-12,0.0411337535832097,1.8926401568591396,0.3685729850616566,0.05253602619956821,1.8411274914153517,0.6251594264193836,1.4031321310191447,1.0766392825342126,0.530216977121504,1.2067793183804452
2024-03-13,0.012436535679307026,1.8262678581461391,0.3672578680268055,0.053149038591924436,1.7945665619658113,0.577520209775745,1.332290285900882,1.090331149373899,0.5144301160230365,1.3049917513662672
2024-03-14,0.022067948383853064,1.8818976527712619,0.4028097490622693,0.04957926186799022,1.7713799725122579,0.5767490434755083,1.3838748827204626,1.08965618639697,0.5358197265552385,1.2897144868325645
2024-03-15,0.01904715904496035,1.8251495817379761,0.3864336703229383,0.04756021895243401,1.7371609298110604,0.5621544456811909,1.4345618750005449,1.0833889123035014,0.540072183807704,1.286713298738876
2024-03-18,0.006898515496529756,1.844358377643919,0.3598335990879007,0.04280063923181787,1.7336081303938342,0.5855609146192944,1.4451382450546886,1.0850281081046145,0.5157077890670247,1.277710498750952
2024-03-19,-0.007548659723405016,1.7968353358519686,0.32487571801219994,0.04518042909212583,1.706868500508238,0.5698923721555806,1.4512246163969467,1.090331149373899,0.4517576816889397,1.234606085225562
2024-03-20,-0.01849327839831494,1.803225114769544,0.3193604536743502,0.03198365496411726,1.753428947928144,0.5902699687607615,1.4581092975552914,1.0913920447442291,0.4494216376906033,1.2681621845332272
2024-03-21,-0.018318386456149582,1.843400141151593,0.31914836702835725,0.04258422783835547,1.7835343497329839,0.5982280729436005,1.4361584946327168,1.0861851874936348,0.4501700771014907,1.2984442430956604
2024-03-22,-0.012101691183735941,1.8895653474122986,0.2802451348481032,0.04049292521368231,1.792509982532449,0.6026891890227717,1.4666898930692205,1.1025769062410364,0.4275209964655473,1.3385476596006471
2024-03-26,-0.019347182408810726,1.9313377684486746,0.2664996273591518,0.02790916347802974,1.7676403866118657,0.5878741413596729,1.4207925126838559,1.0898490329618062,0.41532984209286394,1.33336422351447
2024-03-27,-0.01947837944699271,1.9603310322504397,0.259032873654913,0.03894246720572059,1.7423964946804995,0.6443527173406121,1.4441406047863814,1.0899456955079527,0.4019703286295264,1.335273809928701
2024-03-28,-0.008686861425372117,2.006256479087793,0.271081350795243,0.044134777779788914,1.8136397515378229,0.6366422790597372,1.451723560032002,1.1083623031861412,0.41489171947285053,1.3371833963429318
2024-04-01,0.0007474187432072732,2.0654408023067305,0.26887517762396773,0.0604324679237207,1.8358916855310947,0.635458381616282,1.429273566472574,1.1206078207895511,0.4296562302500506,1.328180787428293
2024-04-02,0.0010977642586949,2.041000363645133,0.25818441467738174,0.06739146403226859,1.866184114833917,0.6378540729372046,1.4111142411728093,1.0850281081046136,0.41762919127514775,1.3235430566452022
2024-04-03,-0.00831472462100824,2.0210726900696763,0.25631778244810155,0.06894192204023031,1.8835740569240818,0.6209462484025086,1.4459363078689762,1.0773140062474127,0.44080740923233863,1.3199965453949982
2024-04-04,-0.008424130370314087,2.0333727290581236,0.26145102107862206,0.10160937817026694,1.8396315124463034,0.6113909713123324,1.408320403818307,1.0804962138309482,0.46124825169908545,1.3066284851289556
2024-04-05,-0.007548659723404794,1.98964337438253,0.2550025530196913,0.11743839147313229,1.8600134124745624,0.6082792261583683,1.376691082382886,1.0892707325310234,0.4524696189074806,1.3328187092846693
2024-04-08,-0.0066731890764956114,2.0413599026300253,0.25296609412263393,0.11531105092737293,1.8732897136683695,0.6367801282678083,1.4040299825604436,1.096502239448676,0.45002387570839764,1.3412756128962222
2024-04-09,-0.00877458821203303,2.023309242886003,0.2683662595884315,0.11671726531751703,1.8579563510115666,0.6121894897259181,1.4035310389253897,1.134878227323747,0.4405337872575179,1.3262710099407773
2024-04-10,-0.010197312257934077,1.9977102674619451,0.2785058445212658,0.10791941589884457,1.9134921902161217,0.6297304952726139,1.4533199326623754,1.139410121597412,0.45444054467049666,1.3841073648433548
2024-04-12,-0.022718092610728324,1.9386459241048186,0.2597965878888939,0.09537150821733409,1.8658100598379517,0.6160446408262725,1.4456371886897443,1.1297677933555708,0.46055451742079123,1.3467322837805131
2024-04-15,-0.03946368717593596,1.8759873927003903,0.24571165185150656,0.07788392314324821,1.8328999686078182,0.6134836121037639,1.4436416611513283,1.0795319810067632,0.438580871811042,1.32381571822346
2024-04-16,-0.027752666624728528,1.830181324824037,0.20014764017921083,0.08837656612117195,1.8112091171084952,0.614502580386131,1.4274776163881802,1.0577407977076585,0.4136141427407152,1.32381571822346
2024-04-18,-0.030379415544150246,1.8361717050029633,0.20422033318620714,0.07788392314324821,1.7854043836979967,0.6129328956723086,1.5258579391380218,1.0353708354503155,0.4096719059672702,1.2853492265544464
2024-04-19,-0.023024518569769503,1.8101338716870394,0.19743243657884046,0.10427765526620991,1.8065341527033705,0.6193215873016569,1.5722542631584404,1.0581264908373322,0.39660469897826567,1.3175412536776814
2024-04-22,-0.018690410934281698,1.8854918408185641,0.2156749227603334,0.09050381473345914,1.865061949846019,0.6300334097219391,1.5893161594628862,1.0955382458882195,0.4106210592801378,1.3205422506980846
2024-04-23,-0.009387440130115832,1.8834549873715614,0.22386290593321934,0.08718667119101786,1.890866683256517,0.6074254591974213,1.6787162377871572,1.102480482958617,0.41430768439530263,1.3418215092725938
2024-04-24,-0.010481834601868023,1.9031831618779638,0.2139780048052713,0.09014325165565151,1.891240738252483,0.5973468177891386,1.6668428612836728,1.1150152704092822,0.39837510346300786,1.3401847755099063
2024-04-25,-0.02335284814391847,1.9171208558750346,0.22051133000131085,0.08945825535459484,2.039336871832535,0.608141513030463,1.6714326487225692,1.147798707904086,0.40609488374099856,1.387381214515301
2024-04-26,-0.02694290682314171,1.8795016609399071,0.2135537191197261,0.088773167120066,1.9967030378110038,0.5999630950590087,1.646089276083428,1.13651742312486,0.39483439080537686,1.4007488926347733
2024-04-29,-0.025432455990579528,1.9027441036858272,0.21737206550251353,0.10297964657279701,2.0909460976387138,0.6137039258923793,1.65896053985702,1.2372783176697308,0.4126649894278478,1.3909277257655055
2024-04-30,-0.02352796473854646,1.8707958099987612,0.2053233635750651,0.09620084006968055,2.0900112011636156,0.6158794395048526,1.6387058982918288,1.2184760168618687,0.3945785865233906,1.377014151269662
2024-05-02,-0.025344729203918503,1.8749490361000096,0.2001476401792106,0.10496274350073875,2.1042223988325204,0.6153838355405925,1.6022872119634894,1.197359557275965,0.41014672340333735,1.3952926038970537
2024-05-03,-0.02939442682170379,1.7953178610054255,0.20171744101894795,0.09584027699187292,2.109458204716777,0.5795302499064667,1.549105995511737,1.2023738072254506,0.40288288343819456,1.3813790294012103
2024-05-06,-0.012254904163256364,1.7661651581886328,0.2098629394264997,0.09803978531327706,2.021011792252455,0.5635864172671081,1.5610791607422327,1.2105695469672875,0.4312260171446656,1.3721037589083136
2024-05-07,0.04168089465597058,1.7377709924948412,0.22263264603547683,0.08614101987868139,1.998947126771983,0.5437045607063533,1.5665670467242263,1.1827998808945135,0.4523600160185872,1.4026584790490046
2024-05-08,0.024891605186779353,1.7849747556561963,0.21105071455890756,0.06919427942130696,2.0322312729980823,0.5625126086778778,1.571455953342355,1.1656370151514928,0.451629972171653,1.4062049902992086
2024-05-09,0.018149784782944156,1.6161276369405302,0.22144487090306852,0.0438462905441539,2.065889474220148,0.5356084712352771,1.5452144821601168,1.1515592159184047,0.4455160957332114,1.3194510311651988
2024-05-10,0.03430420639271392,1.6129328476318774,0.20901436805540907,0.05108310960556639,2.0567268139226993,0.550258317576956,1.5964999598004646,1.1541626445437019,0.42131600901401867,1.3644648400315345
2024-05-13,0.03347243064978822,1.6308240683608721,0.2077839957641079,0.06376560789031771,2.0247516191676636,0.5450537955513945,1.5661678918161832,1.175279104129606,0.4409900165059253,1.3562805979982397
2024-05-14,0.02863487684552335,1.6991933607671177,0.208844653781191,0.06793221671550831,2.0599057993587766,0.5641922461657591,1.562875357828427,1.1609122743129907,0.4239804764316226,1.3445494625681698
2024-05-15,0.017120876504051585,1.724632095975068,0.20481433314596953,0.051521540334293014,2.0677592671703438,0.5600064202622328,1.6139610110129534,1.1682402045130615,0.4163883093590657,1.3341825903958155
2024-05-16,0.025811107716366077,1.7640085251800892,0.23315380710140343,0.06742051500947133,2.03653218240724,0.5700024610098056,1.684204370770951,1.1811609243571284,0.43423817035216805,1.3540979678591802
2024-05-17,0.015829574148795045,1.7561413314699985,0.22547519153828977,0.07023487439267506,2.058596606872895,0.5814028490696148,1.682907117319811,1.1801000289867978,0.4096599632974789,1.3805608535931517
2024-05-21,0.011604759936381548,1.7483137972133944,0.21686292267985885,0.06636070594242227,2.106466487793499,0.5818711009205264,1.6826079981405782,1.1616834213086094,0.4045494637452327,1.372376611559857
2024-05-22,0.03620869764474688,1.7642082245494142,0.23438429178626352,0.06665305438388791,2.113310826566336,0.6088849189768542,1.6897915514763562,1.1426882739359105,0.40888792748256786,1.4002033784049734
2024-05-23,0.043038132509011895,1.8636869531114009,0.24931768680118216,0.09106791851862694,2.164074331379703,0.6368628650086854,1.741975127659801,1.1878138915802703,0.43148076199626706,1.40811495886001
2024-05-24,0.037149879136978425,1.8960348458373866,0.2431235653664603,0.10905010567292828,2.150765493185603,0.6304740372991711,1.7708108587425198,1.1828963041769311,0.41532204083275825,1.3800151482900653
2024-05-27,0.04391360315592108,1.916880896151412,0.2484267430583169,0.11672553933001151,2.1701585094197586,0.6150532968175875,1.7625291354060244,1.1787503422966674,0.41442123607017556,1.3543708205107228
2024-05-28,0.04892638588104514,1.9218331200302292,0.24477833573686558,0.11877225422068727,2.160462242317498,0.6039833114006186,1.7359885450445534,1.17325397593509,0.41179240403824013,1.3407300986664223
2024-05-29,0.039054258062779956,1.9031433021242061,0.23111757299146407,0.10254443351559628,2.12814070927045,0.5869930222853785,1.7480614990020595,1.1251397150632156,0.39846457717459116,1.3513698234903195
2024-05-30,0.02942273303200249,1.9030633823164225,0.211177944067791,0.10733232874563714,2.1403085833209268,0.5694517445783509,1.7481615347308694,1.1477022846216678,0.37362892853641205,1.3126304791697625
2024-05-31,0.0196382196741669,1.9306990108872126,0.2176257377653672,0.11953971484627046,2.157419912282653,0.5755651460320546,1.7393811147611196,1.161876507137174,0.3496754964731559,1.3268165241705785
2024-06-03,0.03139271047689518,2.112684224921571,0.21676041975397342,0.1492543597840319,2.443749612116774,0.6636012568092027,1.7759988845398818,1.2369890478224757,0.36140406501512334,1.348096164891659
2024-06-04,0.09285897217005612,1.7181625975499792,0.20615833532550543,0.08416003742059885,1.9477112329173178,0.5390783793859293,1.5936065807207518,1.066225568033023,0.36587129770013016,1.3071915781010133
2024-06-05,0.13946166530377857,1.722795342497931,0.23770462230874645,0.13434219899900834,2.0030376302459096,0.5649357881923163,1.6827072928639901,1.137963772361136,0.37743430616651996,1.3910995006490747
2024-06-06,0.11619328648580995,1.7815402069241921,0.2741840873873369,0.14011690811920396,2.106466246778682,0.5768868926835808,1.7350904465014558,1.1413385872457802,0.40829965468348095,1.41943949033876
2024-06-07,0.1285389502439762,1.8214356141291326,0.32728049060237696,0.15009490751998156,2.155899108787456,0.6191287617065575,1.8441469280324525,1.1631297705448844,0.4316647176357975,1.4402771785507231
2024-06-10,0.12308831986916591,1.8304210842473867,0.29798432267201336,0.1412865776854828,2.162933608250897,0.6207259346138947,1.845743547664625,1.167179548406458,0.41870451311565104,1.4277746802675169
2024-06-11,0.1191482526531491,1.8743098779380083,0.29452248865864283,0.14384508621566794,2.1771930088831994,0.6045065396385594,1.8481379831092841,1.156380380039324,0.41627793597534657,1.406102957164808
2024-06-12,0.10704330400870199,1.899549314377174,0.28539174831215375,0.15067969633638478,2.190691766753086,0.6118314628093988,1.8703883992146912,1.1589838086646207,0.40875915853489575,1.4022130872207503
2024-06-13,0.08896237520556038,1.9581343391878674,0.29296460153616866,0.15550427302181724,2.2089443008732523,0.6139518639546768,1.845144568300761,1.1354565277545285,0.42585557190074663,1.3910995006490752
2024-06-14,0.09619011888608653,1.945474961514798,0.2885940655975976,0.1673095421152273,2.1910723291491108,0.6275000052731128,1.8484373492903172,1.1321783754160304,0.4089062267346675,1.395822832264023
2024-06-18,0.09906342388325595,1.9465930376226916,0.29664279315077735,0.17527741614724834,2.2127467916408783,0.6313276681799525,1.850332841099923,1.1653475060405079,0.4026743682761078,1.3824864901633553
2024-06-19,0.08613332674353114,1.8673214015129997,0.3080238773372621,0.21186316879417388,2.2420257536382646,0.6066820532510329,1.7784933557133518,1.207001646254077,0.39774772805153935,1.3541465004736697
2024-06-20,0.09727316840847555,1.8934832206961372,0.31152898287088027,0.22026938162144893,2.208373577786624,0.623259202982557,1.756143397882734,1.2308179577476959,0.39243497360766244,1.3522017565749263
2024-06-21,0.07919302588895327,1.8456270795549528,0.3265014908443602,0.2176378779143695,2.1800449372126227,0.601780309594631,1.8257880252786673,1.2343856191971772,0.4010750136425736,1.3316416978466417
2024-06-24,0.07959088540028936,1.8428899763635584,0.32169823970331257,0.222498952188249,2.166356018652132,0.5877639164252837,1.8332711917972775,1.2564660723435366,0.4032992395793942,1.3522017565749263
2024-06-25,0.07517028656668501,1.8881301959767804,0.33450705927085145,0.2509708404493649,2.2026699621425925,0.6017253332076016,1.8235929202862304,1.3101731228594073,0.41125922161915973,1.3522017565749263
2024-06-26,0.08109392270158433,1.9003258785244874,0.33342527126466037,0.24377061090987162,2.214457514811862,0.6676767216981727,1.9124943019772473,1.3488386198454618,0.4176566401532973,1.3558138059620202
2024-06-27,0.08840984247369676,1.8692935579727483,0.3616826979219623,0.23985985293769962,2.2093243812396426,0.6858788046908804,1.9450217219557655,1.3525024653136333,0.44644473462135625,1.364982648634952
2024-06-28,0.09322841314486863,1.8564539100565574,0.3559706324621552,0.23083216983862953,2.2281469154019864,0.7242655226135022,1.8816630433561126,1.3133553304429428,0.43541490857404663,1.3610929697641803
2024-07-01,0.10739634535374143,1.8388248823811693,0.37678524524330337,0.24647529366078924,2.2015292390137864,0.7184827959629707,1.9015187770150606,1.3369785561079972,0.4626401506009181,1.3841536045784202
2024-07-02,0.0985772759541026,1.9192830972911405,0.4029656389287186,0.265042269631494,2.141449547464549,0.7240178567115381,1.8315750304398946,1.2959991396076287,0.4770526415548273,1.3644266253744544
2024-07-03,0.10971711761904701,1.9095026354007207,0.4084612343937286,0.2928563738993124,2.193924257478534,0.7099738392685102,1.8333709805242888,1.317212022475951,0.4578789741400744,1.379985723004114
2024-07-04,0.10335136543767165,1.8764580983352057,0.4285835028509144,0.2625204425567005,2.1914524095155006,0.7117362134972676,1.8397567180475796,1.3777651260435286,0.4783579561006719,1.3841536045784202
2024-07-05,0.12591837926727734,1.919806481897003,0.425813788374388,0.20473602636504662,2.2692139120982757,0.749847641244245,1.853027136729215,1.378536512302876,0.47499387938173165,1.4097150065519015
2024-07-08,0.1436669347519426,1.9237105344622036,0.43810346209251416,0.1954159948245111,2.2559050739041755,0.763368430449332,1.8639028729643914,1.3817184806226837,0.46815525624827936,1.4650053099265996
2024-07-09,0.14499305823890807,1.951160885283119,0.4342089128766673,0.196256542560461,2.27510768843291,0.7516649918600316,1.8647009357786781,1.4071737486536882,0.4653243619484193,1.5150168316457084
2024-07-10,0.15396691318530586,1.938240716658334,0.4265062450919095,0.18865437988068856,2.2283368350777732,0.7450010100550384,1.883658570894529,1.3974349971294289,0.43725311660341193,1.5086265766889806
2024-07-11,0.15325970723291427,1.9149363811289422,0.43035752278750894,0.18558426157793861,2.2576165201196106,0.741063258293974,1.869490053669797,1.388275024563408,0.44260266217519506,1.5486354119176968
2024-07-12,0.15918323104158238,1.937677271998445,0.4814634360711574,0.1861689584608699,2.269023751407672,0.7587696012422556,1.8601113953415815,1.3775722794786924,0.5382873325449882,1.5508581674466888
2024-07-15,0.15832112721620017,1.939488387041005,0.47739580077431976,0.18573043579867154,2.351348387520488,0.7593203176737111,1.868791779582521,1.3718833058160063,0.5328642047173926,1.5750302755620678
2024-07-16,0.18844735943495783,1.9273734255021622,0.4938396528297788,0.18401265887138063,2.348876539557455,0.7362167631849332,1.9264629947461596,1.3910712997535422,0.5362649762523857,1.586977323804633
2024-07-18,0.21052811300917873,1.9431911378347198,0.5215346621174204,0.18039424934067427,2.397739160509234,0.7476997519054527,1.960686823083861,1.4111273424965716,0.5866718071513084,1.6130945579653266
2024-07-19,0.20548859664100028,1.9128432433060318,0.5517393071858663,0.17491198059541624,2.381768313661497,0.7129754955682504,1.9169843006891338,1.407945134913036,0.5855107677614939,1.6369884633771714
2024-07-22,0.20915773298707285,1.9393676059781138,0.567231185795877,0.20067909417214214,2.3340468978681574,0.6529718989694648,1.9242678897537222,1.3934821210777306,0.579964649697416,1.592534308163756
2024-07-23,0.22288366147570104,1.8480821599659976,0.5897766593869309,0.18302584498122565,2.284994598255408,0.6389005294130881,1.924866622115787,1.3657124550049562,0.5854925648212472,1.7350667629166465
2024-07-24,0.201090126074966,1.8331093141728694,0.5872234149052018,0.17253623580788324,2.2397445483954677,0.6474920867682583,1.9039132124597207,1.3584807088235755,0.5869298266059175,1.745346696744146
2024-07-25,0.1967357997178405,1.9133666279118953,0.5793477734330126,0.18171009312768605,2.2264354691865504,0.6438571133763533,1.8918405055040144,1.3100769388407176,0.5929181123878415,1.722563882486869
2024-07-26,0.1984378791010346,1.962269337964535,0.6261263099047787,0.18284308123857373,2.279480902287164,0.6621694213034517,2.0220494801415,1.3280111908430858,0.617000698646182,1.7906350779215927
2024-07-29,0.1986809530656115,2.038783440255279,0.619375615565469,0.17326719884501962,2.314273560252794,0.6743683277768464,1.956096788643166,1.3386177519091111,0.6145132524146819,1.7564604743891064
2024-07-30,0.18975135465435367,2.0465917456859497,0.624611806696111,0.18094254056863046,2.3188366937828353,0.6667130019631669,1.9341457387187915,1.3323502385519146,0.6087093075197012,1.7222860619299056
2024-07-31,0.196050722033019,2.0710231708353914,0.6169089141242352,0.18108862285589122,2.317315890287638,0.6582039091885405,1.976451465937167,1.3428603763355214,0.6160795720825831,1.7525707955183347
2024-08-01,0.20042706433148316,2.042285089577778,0.6033644787124866,0.19793791383277726,2.280241545049579,0.6690812050905748,2.0042893097497783,1.333603741223354,0.6204095603768405,1.743401952845403
2024-08-02,0.19025963085107733,1.950838802448743,0.5761888400613757,0.21281339316240944,2.223963862238334,0.6514849509965179,1.9809414646490526,1.307473510215421,0.5783803197129744,1.7178405508719221
2024-08-05,0.20058173755201092,1.8399920320552465,0.5162119279462831,0.18108862285589145,2.086312828796926,0.5942077205218272,1.924866622115787,1.2612872364644585,0.5312097597038519,1.7006143388271968
2024-08-06,0.21567804606274477,1.8787923976833594,0.5155195836223208,0.1704528394618161,2.033267877725947,0.6038182461593646,1.8806654030878058,1.2501987982500693,0.537161350669723,1.7022816443155477
2024-08-07,0.21302568676258216,1.9287418769477243,0.5506143600529867,0.18675374727727356,2.074905597508865,0.6134836121037655,1.8931066367284135,1.2609979666172033,0.5479403806514103,1.737567147929317
2024-08-08,0.2082293566852118,1.8605594646935142,0.5086390747222682,0.20078867887095586,2.0726239102364357,0.596190272459034,1.9132738396565707,1.245859750541241,0.5376588013912817,1.7492365666882046
2024-08-09,0.21441830737848933,1.8915515248909562,0.5325259654409991,0.20627103954968606,2.1344148069862907,0.6239204165087349,1.937955494474767,1.2593587708160903,0.5583695096705761,1.7556270127182176
2024-08-12,0.21508125679574075,1.8753712690694546,0.5555908096685838,0.21350785861109856,2.089925158873949,0.6088574307833401,1.9269189600680954,1.2811434939945365,0.5461716134681718,1.748403105017315
2024-08-13,0.2118542364961442,1.8591509531939256,0.5556338564017134,0.17191476553608842,2.032697395654136,0.6121618654522389,1.9291261681487102,1.2724878893673197,0.5466507649376307,1.7228418941171189
2024-08-14,0.20330048165488357,1.8538377882283257,0.5779630847850883,0.17527741614724834,2.0534212957077016,0.6102066656283811,1.9532061265832472,1.259456151153421,0.5828757717709565,1.7350667629166474
2024-08-16,0.2148823270400726,1.8724733247611418,0.6088600741774963,0.1930403419704505,2.0880240339975447,0.6282159230259883,1.9769852368259553,1.3092490863415427,0.6273929402255882,1.7931356540075503
2024-08-19,0.21236251269286766,1.8617670750221582,0.6139232916207069,0.19263822496322702,2.0941082120376,0.6450154277486162,1.9490928056156478,1.2871729399422884,0.6546447643239313,1.7864673874205739
2024-08-20,0.21612004978298915,1.8759749740836411,0.6203275890109172,0.1971338636852744,2.1192046029009686,0.6533598635224862,1.907956137914455,1.2940778518711045,0.6669162427821478,1.7717415603885196
2024-08-21,0.23386849294142298,1.894771552033646,0.6207603042133936,0.18843521048306155,2.10114271150104,0.6563717258346693,1.9366513249732407,1.2851305847593517,0.6773086769852605,1.8084167400069613
2024-08-22,0.23457603587250864,1.903183362178234,0.627294640951465,0.19245555315404683,2.1192046029009686,0.6557637196533639,1.9826037867599013,1.3167375625031594,0.6590670193735133,1.803693408392014
2024-08-23,0.24465495628263412,1.8967837685474218,0.6115865171337751,0.18788682732163275,2.1003820687386248,0.6578084602263932,2.0235398889998746,1.3408560640853504,0.6450264847964986,1.810639686609239
2024-08-26,0.24710827350089737,1.931680081610334,0.6237463762911584,0.19877855350219864,2.0992413456098187,0.671761848278922,2.037185256413199,1.359917487510729,0.6592330610083568,1.8100838544220275
2024-08-27,0.22312662311404585,1.9806230520172705,0.6444742212446932,0.19717036127372123,2.1024738363352675,0.6583334575064907,2.055646417911991,1.3853002586321237,0.657279471378909,1.781744055805627
2024-08-28,0.2219995417089795,1.9696351800984773,0.678227355760564,0.19669524908960345,2.077757284823472,0.6559572256492938,2.1230702521283358,1.3804377018862444,0.6605594678500428,1.7634063704597631
2024-08-29,0.23123837423506166,1.96512722221882,0.6732509061449667,0.19775515009012445,2.097150060042811,0.6809629086972231,2.1422341337467956,1.3766448932686348,0.6626785212432156,1.806749625591896
2024-08-30,0.22803359452926664,1.9821930055345889,0.6822084480169064,0.19654907486887052,2.101332872191645,0.6684738793100988,2.188688256188305,1.390843520684406,0.678137729417241,1.78896796350653
2024-09-02,0.2329183253506859,1.9648456000390104,0.7002102995883988,0.18927557435206643,2.126239343379227,0.6757959447974542,2.153170138421058,1.3923023116345425,0.6660871903501677,1.8342557714641208
2024-09-03,0.23523898528976006,1.9705205072924743,0.6800880311312127,0.19687801283225537,2.136315931862695,0.6679212577563207,2.131598730262564,1.4268268712786232,0.6628811613822589,1.8306437220770264
2024-09-04,0.25599361537701504,1.9388444216725218,0.6638172651567444,0.20013080294418528,2.1047550415780627,0.6739170859466743,2.1342073162674176,1.404750724879369,0.6506834578035607,1.8136957127358357
2024-09-05,0.25475578030786683,1.917391461539987,0.6730778200639764,0.20279889617318392,2.1133108265663343,0.650071894553663,2.1047093733601545,1.403972639235635,0.6494670390981809,1.8406462174941338
2024-09-06,0.25497683833110485,1.8776252480092834,0.6459887244533609,0.1965854805238454,1.9754696324343222,0.618959750140492,2.088756515135606,1.3499004722707064,0.6423915851178141,1.787856490205391
2024-09-09,0.29160125535796433,1.8804829319632992,0.639757400750582,0.20356644873223928,1.9821240515313723,0.6163347637400034,2.095579198842268,1.402124805463632,0.6397381935633235,1.8437024346940154
2024-09-10,0.281345533459741,1.8948518724419707,0.6550329217593547,0.20638071618197062,1.9760398734913172,0.6153125295336546,2.1662135624489243,1.4065985586513725,0.6612228638945921,1.8539827506680857
2024-09-11,0.2837988506780045,1.8471966324717313,0.6531721339951468,0.201665908062296,1.9226143600243129,0.6042326102645736,2.1661132797183145,1.4047507248793694,0.650720248931467,1.8581502500958211
2024-09-12,0.30689649362436655,1.9156608672060211,0.6880505528245744,0.21825925625269127,1.9954328897254725,0.6355105003198285,2.3044725727349444,1.4354824759058404,0.6648528576401003,1.8867678692691845
2024-09-13,0.296530242714524,1.9084158061349696,0.6825547325724464,0.2177841440685735,2.007220442394742,0.6275805647313337,2.2797906709149487,1.4319810905090389,0.6666583196393916,1.855371853452902
2024-09-16,0.2674207875416763,1.9480614389030517,0.6878773543500243,0.22143895925425472,1.9870672654278048,0.6261713185331244,2.2817973135343435,1.4562941135021634,0.6632126667808269,1.8400905763802062
2024-09-17,0.27024983600370556,1.9745858015751336,0.6898679566749752,0.21986744848116868,1.976990676944336,0.6272214491734858,2.3345727060294656,1.4665056501531195,0.6604119180910053,1.8214752615506646
2024-09-18,0.27128885364341704,2.002961539644073,0.6375937123446405,0.2388730390475442,2.014445343563603,0.6174401429277259,2.3208270558855313,1.5058927665430795,0.6016333719800684,1.8192525060216727
2024-09-19,0.28715864058302154,1.9653285239903062,0.6393678446747939,0.24888753603676905,2.0037982730083232,0.624320220036191,2.34079319934887,1.512992199882829,0.583207566105084,1.8242534671202986
2024-09-20,0.3162680957558692,2.054037908228217,0.6493641278197948,0.2727906984654713,1.9724275434142946,0.6422800803335713,2.4349058250064046,1.6033391406627833,0.5790615334503575,1.8584280706527854
2024-09-23,0.33879096537656617,2.049047026397264,0.6413151754794968,0.2863871073969553,2.0490480818534462,0.650514019012719,2.5125636847827426,1.5711488379499032,0.573018060976574,1.8725980654976282
2024-09-24,0.304310406800683,2.0521865328313593,0.6431758508501455,0.2924176673701695,2.0353591632929553,0.6460930465824926,2.52500491842335,1.5647301099165563,0.5740496572357445,1.8631515933410183
2024-09-25,0.30360308852205997,2.05399784817419,0.6403200429073601,0.3004949422340597,2.015776227383013,0.6511493773073731,2.53253007524788,1.5749416465675128,0.5753213589448367,1.8759321032544736
2024-09-26,0.32002563284599095,2.028479393458726,0.6446038110183179,0.3036748291025677,2.0490480818534462,0.6555703497375995,2.5540012006757644,1.585056042144866,0.5818625710757384,1.904827734058086
2024-09-27,0.31125070765526086,1.9829978120199914,0.6502295582247479,0.28116050563777173,2.052090170873474,0.6867653669718126,2.480758004062455,1.541389693978099,0.5878326539174157,1.9045495313545517
2024-09-30,0.3077364691821787,1.9587678889423055,0.6232702771748753,0.26610226256548764,1.9960031307824666,0.6319461525340333,2.4304911618433755,1.4760364814976725,0.5730180609765738,1.8792663320846046
2024-10-01,0.29246335918334676,1.941017879903756,0.6481524128593019,0.2618258851745392,2.030415949396523,0.618959750140492,2.4087186942200627,1.4787595419870119,0.5801672898364589,1.8684305660698928
2024-10-03,0.27902476119443564,1.8155606069058052,0.6386756127443907,0.2295164179850897,2.019578718150639,0.5550226202657855,2.3580504740767445,1.443651418110131,0.5598435625831517,1.8492594190531393
2024-10-04,0.2593090364206607,1.8125821418888983,0.6600958020218877,0.2117169945734405,2.0292752262677167,0.5324207933487339,2.2927338122122043,1.4113637350599202,0.5670296788827964,1.7981366151061766
2024-10-07,0.2525235211128418,1.7919746491966033,0.6740731774232309,0.1825872303855547,1.9304097432649856,0.5149583060577709,2.3351746494149235,1.3999853092070915,0.5746213643960876,1.8350896152815817
2024-10-08,0.24606959283988017,1.8435339417320433,0.6864061226616047,0.20689250982148022,1.9714769809760915,0.5443848254557606,2.3259439451646275,1.4052369087748375,0.5673979754092708,1.822586543778519
2024-10-09,0.22403298347456824,1.8070680757523534,0.6900409303624067,0.19380780259603347,2.0321271545971404,0.5192410210394285,2.3673814610576494,1.4199219593498063,0.5672878909611119,1.7322881752004444
2024-10-10,0.21773361609590292,1.7855347952114946,0.6608314178660974,0.21518904601646982,2.0309861904535174,0.5153174216156191,2.3673814610576494,1.418657689810603,0.5578720589490167,1.7342333012457587
2024-10-11,0.2303321262007707,1.8034055853129352,0.6747655217471933,0.20685592029956124,2.0410630199518027,0.516477913270537,2.3860436820212603,1.3787843895251735,0.5290540114946256,1.7128393987000128
2024-10-14,0.23294034129202457,1.8617670750221578,0.6953636645335439,0.23397546718521833,2.0615965182999476,0.5169476620032736,2.4024982009006575,1.3958034577676148,0.5244290199941466,1.7614616265610201
2024-10-15,0.22955864777190005,1.8592312736022492,0.695709836695525,0.2310515231032011,2.0596953934235427,0.48544877775857387,2.445942359413075,1.44199810574906,0.5171138458112707,1.7703522665304177
2024-10-16,0.22947024702785113,1.843694983149231,0.6617835037051047,0.24252803810017043,2.0627372414287537,0.4965561852211693,2.4794535875591275,1.4179769845041994,0.5090618859517395,1.740623365129201
2024-10-17,0.21063841736833444,1.8740430779781891,0.7033258490462284,0.2230472434162052,2.0840311415244965,0.4991535473479771,2.4136352650397384,1.3948310899766754,0.5142395148656367,1.7167290775707849
2024-10-18,0.20111236666876664,1.8800805287205966,0.6267321111882453,0.22940683328627642,2.119584924282176,0.502331019222078,2.4270798199900434,1.4595035971506993,0.5231238980720088,1.7045042087712563
2024-10-21,0.19070185922378413,1.8863593412885171,0.603494293273229,0.263653338734116,2.095058774475801,0.5132726810425898,2.3963779903118634,1.4489032569416045,0.5071651203156551,1.68755600835678
2024-10-22,0.18546341309993775,1.8270318033764332,0.6024989359139741,0.2533099957149785,2.00550947820894,0.4847027862890312,2.3957757999246057,1.4653387609512456,0.48339323609560103,1.6772756923827092
2024-10-23,0.17556151883037274,1.7815500216374285,0.6213662178904191,0.2688435348383249,1.9887782296136045,0.47937007674717824,2.3828329056291495,1.434412488513841,0.5021412051193976,1.6692185140842022
2024-10-24,0.10739634535374099,1.7712864354954432,0.6126681927464064,0.27896752459289087,2.0212899233512562,0.4807793229453876,2.3680839341755178,1.4366493651077112,0.4953621990230499,1.621151736263836
2024-10-25,0.11754142591411432,1.6777067501892007,0.6115431332199677,0.2743988906939492,1.96957561508487,0.4675716542020696,2.3431009371618927,1.4419009646754573,0.49892727857953,1.680054089025628
2024-10-28,0.1386496589775652,1.6892987277227212,0.6143992783434302,0.2676737733385737,2.011783575924783,0.47475559832102143,2.3377832354197765,1.5146455122438973,0.5112288063359318,1.6903340228531274
2024-10-29,0.12620570976699397,1.721578518356861,0.6099788396646255,0.2805757168213685,2.1663560186521305,0.48100018105466646,2.2851083726570636,1.590501923859816,0.5054657939785432,1.71145010484191
2024-10-30,0.12943284239282193,1.7436756441581496,0.5774167396943761,0.2679661217800393,2.1273800665080325,0.48531065639017035,2.277583462834333,1.5521847948618537,0.5089383178441389,1.7314547135295535
2024-10-31,0.11762982665816346,1.9159022290315328,0.5381586810480916,0.26877035579448627,2.118824522534578,0.4722137569019065,2.2359451344782917,1.5134783837782968,0.46601212489181654,1.7161736275301434
2024-11-01,0.12171895078314221,1.9191625165285195,0.5413097468705927,0.269939841493821,2.1226270133022043,0.4795081981155809,2.243670609762242,1.5126031570609606,0.47183042025291755,1.7245088174588994
2024-11-04,0.11610477341552983,1.8773834855832296,0.5437608256071138,0.25298096581812146,2.1555187874062467,0.4391675050905941,2.193102919351333,1.4842054237019622,0.4644236534976889,1.6928347900123684
2024-11-05,0.1145797201728962,1.8776655083635796,0.5354888844455916,0.2849615869776583,2.2290974778401873,0.4426489800553477,2.16731741349103,1.5221337491417857,0.4670834979463412,1.6683848613400256
2024-11-06,0.11831378108067181,1.9345375652640788,0.5963236965971785,0.2830610463077152,2.25039137793593,0.4648085464331775,2.208253268729204,1.5331233714364751,0.5292562663862568,1.673385822438651
2024-11-07,0.10704431494478395,1.9354232930586157,0.5782484520316038,0.27670154837111594,2.2686434300264624,0.4430357198868764,2.162099994479524,1.487123005602235,0.5334123154737116,1.6556039692799995
2024-11-08,0.121444200821333,1.9464918859862737,0.6017945654791896,0.2824761655578396,2.2060921315290094,0.4188314129360171,2.150260704224375,1.448513974856009,0.5319714901504746,1.6564376220241752
2024-11-11,0.11399831959958306,1.9211751336428358,0.6281854723007705,0.29113850503854977,2.223203701505553,0.4066184902055332,2.131498447531954,1.4688399070843188,0.5510704195671774,1.6503249965511255
2024-11-12,0.10078347546346156,1.8909880802310663,0.6358008102901194,0.25597808894397733,2.1435405920167394,0.4083317394943953,2.121665799896199,1.4713682068989975,0.5505900160436275,1.6275421822938485
2024-11-13,0.10232638857687504,1.856051506813857,0.6354507043535702,0.2290412138675002,2.074905597508865,0.38379580517920253,2.111230961873187,1.438496959615987,0.5332090974635493,1.6239303239800402
2024-11-14,0.06845093140911351,1.8385835205556575,0.6320806958779719,0.23737452345135335,2.0581743489135294,0.4009820497333596,2.1113312446037966,1.4448183073120031,0.5315651504420029,1.5892002704069124
2024-11-18,0.08352162953910658,1.8513825075170112,0.5856010138798124,0.24640211461695105,2.096389658295212,0.39341122970271303,2.084241322240167,1.4380107757205178,0.4848709488585976,1.5925343081637577
2024-11-19,0.07790924939119548,1.8222017626623996,0.597242851123374,0.27355825102452735,2.053421295707701,0.3723013857247468,2.061164685115327,1.4295499317679625,0.4922776193019731,1.5969798192217421
2024-11-21,0.06558885903507639,1.8041703317443103,0.605383404214326,0.27279069846547177,1.9688149723224555,0.35168891475319763,2.0604624589992584,1.432370372594633,0.5045793396820812,1.5403000309156565
2024-11-22,0.09351664225443601,1.9007685421214862,0.6650803439737383,0.27600699098895465,2.103043836377445,0.3985505693288016,2.1490568174534572,1.485858975326762,0.5680266991866838,1.6375444866376712
2024-11-25,0.10523316679097805,2.021114152225593,0.6540948851152324,0.30524643180912636,2.2110353454254423,0.42242324891532745,2.1680196396070976,1.5304003109471371,0.5940705800227246,1.6494917259535216
2024-11-26,0.10869899265836125,1.9805427316089466,0.6842498522305627,0.3052099342206793,2.191832730896708,0.43203867343883773,2.1650096756780055,1.5381804495932894,0.6079604828614009,1.6506030081813745
2024-11-27,0.11214235327948052,1.9774032251748515,0.6845562370726277,0.32476372408153886,2.171679312914954,0.4292757017501121,2.1658124315264833,1.5299138877879392,0.6005168286664129,1.650324996551126
2024-11-28,0.10109652867015106,1.9511206249288229,0.6251656821552805,0.31076538200977577,2.189741204314883,0.40451877324547447,2.1311973523383236,1.5020025775881387,0.568137554129668,1.6389337804957727
2024-11-29,0.11627899140030751,1.998413521710388,0.6262159999649277,0.31288527594429016,2.190121766710907,0.42817045864255543,2.2651422291937244,1.5287469985860667,0.5777240507455583,1.6492139053965578
2024-12-02,0.10867663973832853,1.9817098812830234,0.6454293417097952,0.3192082762924422,2.1804254996086465,0.4469040707633247,2.2981515496831295,1.537596885360489,0.5798664116071948,1.6517142904092275
2024-12-03,0.11033131745190583,2.048523842091671,0.6561957455216452,0.33499748240186267,2.2471593692401166,0.46254308383103493,2.2518982397046394,1.5448908401111723,0.589508383850504,1.625875258952068
2024-12-04,0.1021250999703498,2.0508178810855267,0.6537011704777584,0.35970478691153973,2.2690237514076714,0.4466829404937138,2.1787550788201404,1.5597704120970741,0.6085884361439877,1.5955905253636389
2024-12-05,0.11558593855306243,2.084345742702877,0.6936157199026574,0.36383489814828285,2.2908883745900432,0.4611614619065063,2.241463401681627,1.5995465713089008,0.649095082721286,1.5978132808926313
2024-12-06,0.11075613525875871,2.1126407597629515,0.6827180404137962,0.35659807908687036,2.2840440358172063,0.4495566814374936,2.2063469088404184,1.5844724779120654,0.6422424943691261,1.6180957101372382
2024-12-09,0.07361614083013968,2.177523024766418,0.683812191711487,0.3669416059729522,2.2627496536918295,0.4314309394178637,2.2157781785519344,1.5719269235936362,0.6446990244957627,1.5836432860477885
2024-12-10,0.07209580528922155,2.15808248144793,0.7056077754763272,0.365552675075574,2.2986835168158994,0.4200470170581301,2.167819074145879,1.5877788633704775,0.6374582993753777,1.5864218737639932
2024-12-11,0.07388448819676352,2.1529305581997886,0.7280159041381797,0.3618977679564206,2.276248411561716,0.4126973272970944,2.182567798597711,1.582041079907262,0.6355746321513223,1.5853104004628542
2024-12-12,0.048662306911212205,2.1071669539807036,0.7392638019571491,0.35908350050668925,2.2462088068019144,0.3957874615599095,2.2318315665088924,1.5854448457030044,0.6457336064223813,1.5594713690056952
2024-12-13,0.06885362094839675,2.1289822573019124,0.7503804240991072,0.36822076830457284,2.2760584918859292,0.4067843719277826,2.3747058054191603,1.615884934244939,0.6527337445335788,1.611705264107226
2024-12-16,0.05814297781332667,2.1216166154682394,0.7331803881781258,0.36343278114106004,2.273777045628317,0.4017556654765826,2.3361779707246204,1.6182187126486838,0.6310493234188614,1.6122609052211527
2024-12-17,0.05684605914650431,2.0647441579672,0.7301603732455175,0.34007790994031417,2.2342308524272245,0.3763356183234443,2.2413631189510177,1.5941975914038231,0.5990207203394633,1.609204879094556
2024-12-18,0.05503502331892962,2.025259766916576,0.7323925093289414,0.3235942383822046,2.18707967769088,0.3851220424762043,2.2144740090504076,1.5560749838167944,0.606168986080817,1.6144838518234303
2024-12-19,0.05532561127935498,1.9916113245366045,0.7035506361643986,0.3110212328627946,2.166736099018522,0.35992285343234487,2.211263232658296,1.5030725649801355,0.5781118022663707,1.5925343081637577
2024-12-20,0.043720739016745114,1.921980140428508,0.6824993225478178,0.2949395863784363,2.087643712616337,0.33212671050217546,2.1667152231037723,1.5059901468804084,0.5405786878434589,1.5819763627060093
2024-12-23,0.04595670497740412,1.9305531922905543,0.6843811279075744,0.3165035935415248,2.122437093626418,0.35091543509014,2.1843738757558864,1.5223285098164472,0.5361457421781759,1.635321922181964
2024-12-24,0.04445872235651871,1.9299492869760972,0.6710324820757514,0.31438379154048235,2.087833873306941,0.35141280809655706,2.178353947897702,1.5232037365337838,0.543977533141389,1.6586603775531676
2024-12-26,0.043206509529761794,1.9216983179484277,0.6695882248415119,0.30901101556056565,2.0893549178169546,0.3445603552617724,2.2096579679631407,1.523398018680989,0.5401355570070809,1.650324996551126
2024-12-27,0.047007741523866775,1.9044716935157409,0.6777724990269482,0.3144934681727678,2.040682939585413,0.3495339492457772,2.210360194079209,1.5432377670138293,0.5385655774887597,1.6594940302973429
2024-12-30,0.04801384757780136,1.8810061162688902,0.6683627978668107,0.29961789690966345,1.9975241752924813,0.3380946422585165,2.1843738757558864,1.518146658376971,0.5363304683125323,1.6506030081813745
2024-12-31,0.04056807868228263,1.9041091500267968,0.6456043384812911,0.2959263083351187,2.0228109678612713,0.3433444789793272,2.1860796701834513,1.4928610283291794,0.512688027223122,1.6875560083567795
2025-01-01,0.03844387732178722,1.9522877746028988,0.6477926410766719,0.3031631273965314,2.0161565487642212,0.34975480735505604,2.202032528408,1.4967512172841198,0.5192083396818887,1.6892231227718453
2025-01-02,0.05986471428700213,1.9893170852424786,0.7137482161737208,0.3112039966054465,2.0465767159200476,0.372467267446996,2.2301257720813275,1.510269139393488,0.5425922797574243,1.71756273031496
2025-01-03,0.07607563599112588,1.9461696028516267,0.6970295618662996,0.2786384946960343,2.0169171915266366,0.3828010591663682,2.208353551459814,1.460573345278969,0.5145718870708842,1.6761644101548563
2025-01-06,0.0626373749809086,1.9005269799957034,0.6962417954106743,0.2503494621110425,1.9522741254325409,0.3461629713757459,2.1874841224155888,1.458725511506966,0.512761802102641,1.554457797070234
2025-01-07,0.06916656182885506,1.9328071712303831,0.6901144357500486,0.2524692641120849,1.9612099907872036,0.3714171368066346,2.192300163502856,1.4881929929942341,0.48812176283822484,1.5455132744343554
2025-01-08,0.07372801775653515,1.8950131141594282,0.6921277415739346,0.23850760349571343,1.932311109156208,0.3986610664235235,2.2090557775758826,1.4580448062005633,0.5177120387312331,1.594276323306698
2025-01-09,0.08911165676698607,1.8399115113466515,0.6782539930340676,0.21913648544403364,1.8916239518114923,0.38677990713753885,2.224808317341011,1.4554191260485543,0.49201921459995157,1.5974504327236687
2025-01-10,0.09208549374118702,1.8465526671032464,0.7217134353125005,0.2110590267131991,1.8262207249846152,0.37257776454171854,2.2425672527237346,1.431008722718099,0.5758028218987719,1.56744199110592
2025-01-13,0.0960880143418179,1.7887143616996162,0.7175557727748361,0.1921266151906622,1.773936175661234,0.37031202977924416,2.2050424923370926,1.391913508076403,0.585204592380306,1.5336825898225959
2025-01-14,0.05894801991319887,1.7873461105543242,0.6981675466520327,0.2036395358426064,1.8448530984563547,0.36909628957696516,2.2108618547340573,1.4124337224519183,0.5637596988443916,1.519544122069843
2025-01-15,0.06120633879389059,1.8185793322770087,0.7065705387034478,0.2010446216574464,1.8659570788763111,0.38396141474112055,2.225610826187689,1.4084461531596473,0.5698736715946864,1.5238723141305948
2025-01-16,0.04868465983124581,1.823811776233744,0.6880136877371947,0.2076235647920892,1.9138686553602544,0.3997109249035533,2.2712624397825203,1.4295499317679625,0.553877813774867,1.4979035439126527
2025-01-17,0.0527095333519092,1.872714686586654,0.5891022980324225,0.1964393982365853,1.9055030310625867,0.4393884992800394,2.2658444553097947,1.3835495659337225,0.5516204565605602,1.540319329317482
2025-01-20,0.0487741838376079,1.8923160710220612,0.5872204926726659,0.20703868404221337,1.963111356678425,0.44281472569743174,2.293235472867053,1.3981374754350884,0.5341266604885813,1.525892149830499
2025-01-21,0.046672335397145215,1.8505376409775818,0.5761913127196756,0.2005695094733284,1.8863004165338526,0.4077238693932559,2.2631355865743314,1.3265600563322484,0.5183445186709184,1.525026396774377
2025-01-22,0.04776785313121068,1.8321032059159807,0.624990572990227,0.21785723117894062,1.8650065164381093,0.41148172317498144,2.2743726864422227,1.334923519947473,0.5637725083208613,1.521852478430692
2025-01-23,0.0382648293090635,1.820068564785462,0.6328684623335978,0.21701668344299074,1.8362975544829006,0.39661646193066025,2.2829011645764496,1.3374522982896075,0.5595776455565842,1.540319329317482
2025-01-24,0.05901496634706582,1.7838040005772577,0.6416216727151212,0.20597878304169193,1.8296431353858504,0.377440861431001,2.3005598172285633,1.3519428274536427,0.5621733463110332,1.5483982899705246
2025-01-27,0.0700832562026592,1.7833611366799893,0.5948357182684556,0.19135906263160618,1.848845749914585,0.3587071132300659,2.215878461282544,1.3884123619433297,0.5293675065766537,1.5397420969223057
2025-01-28,0.06829457329511723,1.74814314138324,0.6016195687076953,0.22103702611397624,1.8610138649798786,0.36428857731521025,2.247483329539812,1.4252709392548835,0.5200186113025029,1.5129077647215277
2025-01-29,0.06610320084829246,1.7769615430491772,0.6466984897789811,0.2260807721970357,1.8840189702762395,0.36550431751748924,2.2115640808501253,1.4345098688511722,0.5424034122133821,1.5007891326686784
2025-01-30,0.07719373129768736,1.7538182489369736,0.6280541966237603,0.2364607966715646,1.8997994154185553,0.3849010482867594,2.2924327170185745,1.442192627159994,0.5424973162702107,1.51723595678228
2025-01-31,0.10404812505055161,1.871708378029496,0.6454293417097956,0.24176039360764245,1.9389655282532567,0.3982189419644684,2.26343643476616,1.4367467454450424,0.5471435926902375,1.5824464029880807
2025-02-01,0.12070632980779217,1.7751906883609143,0.6205264132169381,0.23605877159781308,1.9127279322314474,0.39766632041069006,2.2573162241773654,1.4420954860863913,0.5323771556759744,1.669297236277786
2025-02-03,0.09204067557489037,1.6477612589032145,0.630986544580282,0.22659247390307247,1.893525317702713,0.37699873697194564,2.3157099196046333,1.4371355490031812,0.5306842822330242,1.6219765996368851
2025-02-04,0.09029681083364505,1.768469011895725,0.6620604414346898,0.2579518086577586,1.96292119598782,0.42043389296982525,2.3339705156422057,1.4667001715640517,0.5451308675829512,1.626593121285298
2025-02-05,0.06927832642901888,1.7234300940539886,0.6605286296179231,0.270305460912597,1.9129180929220513,0.41269732729709485,2.331963873022811,1.4657275645093848,0.539130253883823,1.586197171580372
2025-02-06,0.061072108947462844,1.6989181481959528,0.6768097357998273,0.2747278286573336,1.8604433829080667,0.41639993253145935,2.2502927280076834,1.4748693530320711,0.5359889464812362,1.5455132744343572
2025-02-07,0.05711451883936003,1.686159020988356,0.6663057709484403,0.26661396427152395,1.8032156196882534,0.3999873037205257,2.364672592322185,1.4447214055021282,0.5159178452187612,1.4863619531816958
2025-02-10,0.05604112937286465,1.6795178652317615,0.6458670022288717,0.25418704103937473,1.8016945751782396,0.3855641669352603,2.3973813116215594,1.4558079296066926,0.5187582743920836,1.4652986074196823
2025-02-11,0.035380404014993205,1.6078742643096193,0.6417968942737342,0.2436975237995045,1.7800198716716547,0.3647859503216273,2.40480593871368,1.4366493651077117,0.49114422141401515,1.4139379172324036
2025-02-12,0.04309463260336699,1.6481234017916186,0.6308552689032711,0.2476447793601233,1.7878154959271448,0.34456035526177264,2.4345046940839623,1.434801531335708,0.48610297008418923,1.4028004465000543
2025-02-13,0.03817552995516382,1.6271940265652165,0.6134364027227517,0.24099284104858643,1.7669014351829757,0.3440628461751898,2.440624657670957,1.4291608889460954,0.47105443565202765,1.4016282118941596
2025-02-14,0.03676684668817787,1.6062642507382745,0.6249467395021839,0.23890953663599124,1.7459878564684406,0.3453339710049961,2.445541228490634,1.4509453728608133,0.4803468921802281,1.4048520003653326
2025-02-17,0.041708302256413976,1.5935455841852448,0.6126048027790834,0.2553567106056538,1.7670915958735796,0.3537890399537542,2.3622645717785513,1.4335372617965048,0.46892873674098734,1.3951800617319576
2025-02-18,0.026771946299079863,1.5921769324394126,0.6210516283185417,0.25952331943084417,1.759866694704718,0.35434166150753255,2.348920299558856,1.4177824630932663,0.457153168014679,1.375542695898842
2025-02-19,0.006379568307832262,1.6370550091642309,0.5850321900772852,0.26255694014514686,1.7655705513635658,0.3566071241096751,2.30136232607524,1.453960335098417,0.4236326943298703,1.382283570334268
2025-02-20,0.005328644087601031,1.6369746887559065,0.597593069453483,0.2332444122146089,1.7746968184236493,0.3627412097485976,2.297950984221909,1.4312032441290317,0.4218643123940444,1.35678426717854
2025-02-21,0.0024664593873322538,1.668610514021562,0.5887085833949486,0.2371917597087001,1.745417133381812,0.3573808759330641,2.289422753089481,1.3981374754350875,0.4243473282802994,1.3500432016698283
2025-02-24,0.0023771600334328014,1.6224042462054786,0.5441545402445886,0.22593450604282994,1.7241232332860688,0.3423500051268251,2.2132698752776894,1.3697399813398174,0.38281332316536965,1.3559051389924406
2025-02-25,0.010359623662199002,1.5968054710816904,0.5473057184606487,0.22977226883810764,1.7032094135567166,0.33068984003028534,2.2937371335218995,1.3810212661190433,0.36548865070753545,1.3731978445404827
2025-02-27,0.003942313740647574,1.5836038805773653,0.5443296494096426,0.24318591402693945,1.6765917371685166,0.33411593036751164,2.311797164098252,1.3777146413969033,0.3590930620986079,1.3541463094003863
2025-02-28,-0.020519643611328964,1.5468563924178658,0.47728003540846253,0.2663581134185051,1.6191735722432825,0.32637936469478124,2.1508626476098316,1.34202319255095,0.31044844917690906,1.3154577905737446
2025-03-03,-0.026511911073564876,1.5737831583326485,0.49557422262713446,0.24380720043178972,1.643890123755078,0.2944936045383868,2.2022333408710177,1.346107663653096,0.31413545953948674,1.329819814070408
2025-03-04,-0.03523235804210456,1.586421304177084,0.47780525051006584,0.24998402655920904,1.7227921084518423,0.2841598128190146,2.161196955900435,1.354276845121115,0.32880779987321507,1.3145784713143591
2025-03-05,-0.029374208100064858,1.6078742643096184,0.4981127435526236,0.2353643061491233,1.7771681843570488,0.29930131680014194,2.247282764078591,1.3645855228456738,0.33445100028527563,1.3743698880730917
2025-03-06,-0.007684911441994791,1.624175100893742,0.5019203001537389,0.23624144340699238,1.783632442763495,0.33687890205623705,2.264640568538875,1.3691566563707447,0.35497351520350007,1.3781804626037109
2025-03-07,-0.014124461957347512,1.6119393582920076,0.47579194468618,0.2348160149211671,1.7862944514171324,0.3813090762272826,2.2722657610922155,1.362348885515531,0.3585851133850553,1.3676290136376656
2025-03-10,0.005194414241173506,1.558005305753848,0.489315699683057,0.2335368525895467,1.7716547294036222,0.368709549745436,2.2727674217470644,1.362932210484603,0.3504775815862522,1.3740769727265825
2025-03-11,-0.008579252895765666,1.5722939258241952,0.4544341338339748,0.23207492651527417,1.7752668184658273,0.37854596845839117,2.3369804795712974,1.4223533573546088,0.3450790132812118,1.3811113357283746
2025-03-12,-0.019334489544669875,1.570844753369769,0.3925052827782567,0.2508245742951589,1.7494100258548597,0.3893220207169852,2.2966465677185823,1.4195329165279382,0.3190826141887777,1.417455385343228
2025-03-13,-0.027428717773599787,1.565733290776195,0.38287652657146287,0.24749869707286254,1.767661836930575,0.37920908710689205,2.2758776684067663,1.4313977655399648,0.3209071459349946,1.4154034493313783
2025-03-17,-0.029016336727078818,1.5545839768396728,0.39180495851159924,0.2502763750006747,1.7497903472360674,0.36920678667168727,2.289222187628261,1.4682563428515185,0.31588467541653453,1.3913698693479097
2025-03-18,-0.029016336727078818,1.5545839768396728,0.39180495851159924,0.2502763750006747,1.7497903472360674,0.36920678667168727,2.289222187628261,1.4682563428515185,0.31588467541653453,1.3981109348566214
2025-03-19,-0.016136898717679427,1.6721926840526553,0.38874133487806617,0.2749105923999853,1.8332552244480564,0.3783802228163078,2.285208655387672,1.5540323893701298,0.31565911305643946,1.3626462045011527
2025-03-20,0.0028019778402854634,1.6975498970506608,0.4141256449844837,0.2929293690762058,1.8501763927191788,0.4026950268618894,2.421862400978536,1.5707597951280357,0.34050786010664824,1.3679221200574605
2025-03-21,0.004501361393927983,1.7497932150086117,0.3939932611069801,0.2940989467090127,1.8640557129850905,0.4106527228042307,2.463099598412138,1.612383788111866,0.34613237601919633,1.3773011433443259
2025-03-24,0.008973293315245767,1.8028419403527747,0.3941683702720342,0.31577263050438664,1.9690051330130602,0.4391122565432326,2.449052853074575,1.641656748188201,0.36526279941188156,1.4086623838226666
2025-03-25,0.015726121689750405,1.7929809577537603,0.425417263897937,0.3314522519149936,1.9387751265478377,0.42071027178679676,2.4725306211218547,1.6135506773137385,0.37609788289210644,1.402214042587179
2025-03-26,0.004389484467533178,1.7730172301296792,0.40003284139796036,0.3205606176678999,1.9051229506961969,0.4070055021973935,2.488684538811222,1.5983794428433002,0.36784000829052443,1.387852592310371
2025-03-27,0.0038081962204514763,1.8187405739944666,0.40362179252665564,0.3343031088866446,1.9366838409808294,0.4126973272970944,2.460891896327925,1.5998382337934371,0.3736336478172171,1.4001626797951854
2025-03-28,0.010158335055673318,1.8112541510979026,0.3748237528501559,0.3363864132992398,1.9336419929756188,0.4092711008797021,2.4783502305206184,1.6225950854990945,0.35668497683411005,1.4019211272406693
2025-04-01,-0.0010214947476210323,1.76657737614457,0.3361782391008834,0.2922714931494361,1.9344023947232176,0.3844035392001761,2.4597885392894168,1.5644384474320199,0.33586177631032776,1.3837492935065279
2025-04-02,0.0007894287537222322,1.7529729817970034,0.35687967156803313,0.31350656234913954,1.9505631612467411,0.3828010591663682,2.520891350453948,1.5893350346579451,0.33328466374353805,1.397817637363541
2025-04-03,0.0037634903803858144,1.753174083268219,0.30991860795631343,0.3120080467529478,1.9629211959878217,0.38009319994483803,2.5036340757260724,1.5860286491995335,0.2803136260661485,1.3998693823021053
2025-04-04,0.0037634903803858144,1.6243764026652276,0.2706605493100289,0.3284187231341633,1.9182418692145102,0.33146331969334275,2.4985169394451763,1.597212553641429,0.24128141764883937,1.4016282118941596
2025-04-07,0.0059322852547152305,1.4701007280013396,0.22260533440061891,0.2848519103453717,1.8401000452505278,0.28835965497963034,2.3845387000567126,1.5043368345193402,0.23174452163732506,1.3802318253957035
2025-04-08,0.023753291158582046,1.5446426738323344,0.2506594411095364,0.29322180945114407,1.9226143600243142,0.3065958940939826,2.4522633824648867,1.5283579557642009,0.23885493682038783,1.4183345135293264
2025-04-09,0.0509207381181358,1.4585492111223863,0.2286886357860829,0.29018818873684116,1.8222280735263863,0.3100773690587362,2.442531264561542,1.5301086484626016,0.22141738687065304,1.4403167307208014
2025-04-11,0.058142977813327335,1.5082973886152655,0.23372184414901787,0.32070679188863305,1.8665273199333074,0.3472128298557755,2.5249046356927374,1.551212187807189,0.21573652852400782,1.4710915672862672
2025-04-15,0.0560635946191288,1.6223237254968845,0.24820847476657426,0.3632135198099593,1.9032215848049763,0.37058840859621633,2.6095859916387565,1.6261933727057714,0.2220193359528877,1.4643505017775555
2025-04-16,0.05834426641985302,1.5982546435361171,0.23691674345956182,0.37278940220351364,1.934592555413822,0.3697042957582706,2.657344283581793,1.6382527431287306,0.2316502323330838,1.4880913574877996
2025-04-17,0.062100680247661355,1.6140322958146474,0.242518888018584,0.39376862055019846,2.032317315287747,0.40860811831136745,2.790787499782345,1.7360881600703015,0.24109332059962263,1.5045047437764572
2025-04-21,0.05136779651878998,1.6407579602582145,0.2700915007203821,0.4086807813352218,2.1055154433256633,0.43181781532955843,2.7793495874514345,1.7421180845455098,0.24963348524280948,1.4787123342009343
2025-04-22,0.07269944645633664,1.6224847669140723,0.24540740248706294,0.4339728746613021,2.127190146832248,0.42706521553499854,2.7167415473205576,1.7551498227594085,0.24692471437275332,1.5417279215774102
2025-04-23,0.08392409442592763,1.6572600986138233,0.291011651053511,0.40634171800308017,2.0931574085845823,0.43679127323339717,2.775737433135084,1.7705155786407798,0.2840193209282389,1.5256076417085476
2025-04-24,0.03987491350880612,1.6569382160797161,0.28794802741997794,0.4011517057658158,2.0929674889087955,0.4385596349894547,2.7034975578314726,1.7283080214241493,0.2797305541071331,1.5209179389918295
2025-04-25,0.042960627409401875,1.6339962237389982,0.29565080759829465,0.39705809211751975,2.0368804488177883,0.4372333976924532,2.6465083146363413,1.7323927317900227,0.29718688486823375,1.5077287233209158
2025-04-28,0.036878611288341245,1.6784312362662774,0.2973138950920724,0.40363694331869016,2.1079872912886963,0.5128306926636992,2.6557392658884367,1.7790738029306659,0.2954940114252833,1.513590469570242
2025-04-29,0.038264829309063275,1.6744064026381857,0.3107939289944657,0.3953039095352535,2.089734998183347,0.5469820515024022,2.659752551127226,1.7810187777762723,0.30640431446282435,1.4971772743548697
2025-04-30,0.04738796581688565,1.6894595688396388,0.3130697861723737,0.4071456762171106,1.99885530012671,0.5528397583243527,2.7414236961423533,1.7755726567975927,0.29933126827878676,1.4960048486756903
2025-05-02,0.036878611288341245,1.6845492077172803,0.3190219242743857,0.40487969999533546,2.029465145943506,0.5691971385879253,2.708714976842978,1.7816021027453446,0.2907912962593062,1.5176939594473704
2025-05-05,0.050294744030988436,1.6807657359147012,0.3205100149966684,0.4157713342424294,2.003988433698929,0.5819072982446603,2.744433660071446,1.7802406921325389,0.2995571195744411,1.5613654784838111
2025-05-06,0.06514168830819167,1.6838247216402022,0.3230484235285982,0.4120432480794374,1.9435281797536672,0.5704128787902043,2.814666892755662,1.784519684645618,0.30170159929684703,1.5531584987295544
2025-05-07,0.060222473333757076,1.673681916561108,0.3202473512490871,0.42220391928939494,1.9511331612889196,0.5539450014319096,2.8062389443538445,1.7919110197336314,0.29609596050751796,1.5273660891540315
2025-05-08,0.053111885912497714,1.6756943333751537,0.32296086894607123,0.40970418474729575,1.9241356455491454,0.5550502445394663,2.762292878184779,1.7921055411445646,0.29752542103208235,1.5241421096095733
2025-05-09,0.043273568289859954,1.77229254375233,0.31963469395851596,0.38134188118499335,1.9631113566784264,0.5221146259030425,2.7091163547672177,1.701466698616346,0.2942901132608138,1.4828156330047775
2025-05-12,0.06545485384111216,1.8876472720254838,0.42406056124622404,0.4306834030939808,2.0482876801058496,0.5876543718917229,2.75406574224598,1.817390931928628,0.36204617614012613,1.5528655833830456
2025-05-13,0.05539278236568457,1.8713864954953876,0.3730292772858079,0.40539140170137267,2.048668001487057,0.5646656690629768,2.653330998343003,1.782574709800011,0.3223932378292165,1.5083149361605055
2025-05-14,0.05114437964469398,1.8762970569180166,0.39386198542996875,0.3966195694553212,2.0446753500288266,0.5742810935864868,2.6806217331696516,1.774016485510125,0.33507173017887704,1.5153492991622977
2025-05-15,0.05324611575892524,1.9126018814805184,0.4118936212946185,0.4135784451310207,2.0714831871076305,0.6072168483030767,2.74684143361328,1.8218646851163691,0.3468095446587478,1.5361590906745932
2025-05-16,0.06496286494792991,1.901734590324346,0.3916736828345879,0.4142363210577902,2.072452789716375,0.6096483287076349,2.640087008853918,1.8280886524750546,0.3398121032794388,1.5540380090622254
2025-05-19,0.06554415319501161,1.8981121599389552,0.365326497107491,0.41716017320633547,2.0837014332548582,0.5924068356061167,2.648715769718755,1.818363538983296,0.3238228909774872,1.551986264123661
2025-05-20,0.04694057043753741,1.8720306611641417,0.3660265965870302,0.39976277486843736,2.0474342466388933,0.5745022238560977,2.629853230295724,1.7973569014485835,0.31611052671218953,1.549348306345507
2025-05-21,0.05713675943316132,1.8890962441796404,0.37294172270328074,0.4084615200041224,2.053058327393318,0.5795861788546588,2.6571437181205737,1.8099998361043435,0.32645634597837425,1.5382108356131572
2025-05-22,0.04228981515595809,1.8588286700592764,0.35455998090208185,0.4034177739210629,2.045882593247122,0.5577028552136352,2.675003183235707,1.8049427579475306,0.3080970915939216,1.4977634871944607
2025-05-23,0.055035023318930065,1.8978703975129019,0.3697029899046935,0.41343208704334367,2.066246658178924,0.5769338403408215,2.6756048796193657,1.8199197102707632,0.3222427987145844,1.5575549039531928
2025-05-26,0.07064230385593939,1.9371538873925807,0.3834455751611088,0.4182566637287761,2.0813744351968353,0.5857755130409426,2.7071097121478234,1.8409258692780197,0.3307828670459181,1.5962438049264058
2025-05-27,0.06442628254091365,1.930150588747582,0.3743422588430365,0.40809608445229073,2.078659162268644,0.5717391160872058,2.6998858975187217,1.813306460826483,0.31626096582682184,1.5434863690228946
2025-05-28,0.05628701149322435,1.9352219912871287,0.375830349565319,0.4060492776281426,2.0897137888794513,0.5615710700099172,2.724567552336918,1.8276998489169158,0.3158846754165354,1.508562567138377
2025-05-29,0.05838897225991824,1.94246685205791,0.3879097349343974,0.40897312977668765,2.092816854648177,0.5669867884529778,2.7396176189841785,1.832951209220934,0.316035403466727,1.4999059919435873
2025-05-30,0.05016051418456069,1.958405746053899,0.3871108415164226,0.4216924014503023,2.1508059836748568,0.5704128787902043,2.724768117798137,1.812139571624611,0.3029806207067798,1.4957270281187283
2025-06-02,0.060580344706743006,1.96202817643929,0.379210923035471,0.4123356884543752,2.156042512603564,0.562455182847863,2.720554267098128,1.8212811208835693,0.29786414981963794,1.503189395279803
2025-06-03,0.05194930941833409,1.961378202062702,0.3696244268068931,0.4068533277756452,2.1411087525133277,0.5533925159582969,2.6948690439684344,1.7967735764795112,0.28108489138623494,1.4891604125195812
2025-06-04,0.057405106799784944,1.946509512410044,0.376903033693224,0.4189877186993842,2.128308455583073,0.5732864836538183,2.763296199494477,1.7833527954437458,0.28324834454371306,1.489458677918082
2025-06-05,0.06272689898727091,1.9595907224520177,0.37965476520029684,0.4251279553048841,2.1263690093507677,0.5941751973621736,2.7701188832011394,1.8296448237625222,0.2795287807747684,1.5019955693926592
2025-06-06,0.06871927877573825,1.9707218090639573,0.3880873167577512,0.4463995220930346,2.1537150325159065,0.5953909375644528,2.7528616084732644,1.8391754158433478,0.28450097650588035,1.5136369003785939
2025-06-09,0.070239838969119,1.9890841360283096,0.39616481706205664,0.44654578824723967,2.1808672797681865,0.6012486443864034,2.742627582913271,1.7907441305317602,0.2988103174650578,1.5255766878363146
2025-06-10,0.07113406809665879,1.9898154323145723,0.4166692236201308,0.43660447030185345,2.169230602374352,0.58986472202667,2.7265741949563127,1.7675979967405082,0.3143721940745492,1.5491579973532548
2025-06-11,0.06272689898727091,1.9938779223934495,0.44782528016622947,0.4257128360547595,2.1614728174451288,0.6013591414811259,2.732794935277517,1.7833527954437467,0.3177882791941944,1.544083473039752
2025-06-12,0.043184044283497425,1.9281469851454216,0.42785339429109914,0.42059581899438925,2.126175233437908,0.5932910845242281,2.700688159363601,1.7720715106645208,0.30347884192316377,1.5133384439068083
2025-06-13,0.03705743464860256,1.914740888065289,0.4219949924173636,0.40173640264874666,2.0734223923251185,0.5781494444629349,2.69306296681026,1.7543717371156764,0.30784369510826415,1.4709518927146448
2025-06-16,0.040813960802642324,1.948296791720458,0.4413455666978736,0.414747930830355,2.0740044431081452,0.5890912423636128,2.735002390359931,1.775378135386661,0.32704943437011846,1.496622588607372
2025-06-17,0.04135065553589001,1.9430969967077547,0.4556365201290633,0.41050823489479815,2.0732286164122593,0.5817966650697721,2.7219589663320654,1.7681813217095805,0.3342609769989968,1.491846711838941
2025-06-18,0.02735323454616112,1.926197062015658,0.44942306700217904,0.41365153224138695,2.071677204035305,0.5805809248674931,2.7442330946102267,1.7475639662604627,0.31000724457759543,1.4828916801723655
2025-06-19,0.025966904199207885,1.9421221352930083,0.43655231858358445,0.4146749356534609,2.045300542464093,0.5841177844597736,2.7665069758865886,1.7450356664457845,0.2996073943617894,1.4834887841892228
2025-06-20,0.03133340222675929,1.9753529516097488,0.4405466732798986,0.43616576377271055,2.088162376502495,0.6204794934334237,2.8863045776720173,1.7757671782085276,0.3040482375990312,1.4987119749831588
2025-06-23,0.028124915755330715,1.9117345813108337,0.40601757363210633,0.42425072611354286,2.0650830386425016,0.6100904531666902,2.885502068825339,1.7621518757618286,0.2880689454179548,1.4709518927146452
2025-06-24,0.02270214228588796,1.9288782814316847,0.4038871537196542,0.43338808584489863,2.085253086646628,0.6034591306015165,2.880084084352613,1.7699320144079809,0.2868541640140785,1.4736383831072892
2025-06-25,0.02975162423730926,1.9410657516683165,0.4334455358233624,0.44749610454894717,2.1032896714907725,0.6216953697158687,2.9442971421768465,1.773238639130121,0.307502076965114,1.4855783616382952
2025-06-26,0.030700780891964374,1.9734030284799848,0.4344218986711319,0.47790512300192534,2.091653235111755,0.6526416324067901,3.042021922150731,1.7991075941469852,0.3063635745489386,1.5091592890086645
2025-06-27,0.04249525983304259,1.9893279014570648,0.42732087360815485,0.4890642836530015,2.1240417702779255,0.6748565834121469,3.067706898278625,1.8440379725892275,0.3060977538342238,1.4993088879267313
2025-06-30,0.03693690860239629,1.9816904521568186,0.42181752298756825,0.4791613938989778,2.182030899304605,0.6584992031485746,3.032590405437416,1.8121395716246118,0.31403057593139905,1.4861752745818673
2025-07-01,0.03734364188600647,1.9791716762598712,0.4262558322422674,0.4869950450616467,2.1818368823769294,0.6892244716500513,3.0522557007089253,1.7852977702893527,0.3017708475192675,1.4781158034039348
2025-07-02,0.04258579477548641,1.9223783373655348,0.42953997203872474,0.4677064832679658,2.153133463762512,0.6786143011137069,3.0801483789210318,1.7771288280850612,0.2993417662707809,1.4652806465308572
2025-07-03,0.045432703108295724,1.9110846069342453,0.4368185789250556,0.46851935902879593,2.1306356946559117,0.6775091940863163,3.0520551352477057,1.7734331605410545,0.2908016016275943,1.4676684893784295
2025-07-04,0.05713709641185516,1.9205910580551206,0.4563465102418012,0.47014529441740005,2.149060313355408,0.6880088675279381,3.047841037545897,1.8063044078240655,0.29801324056832557,1.4628924215367132
2025-07-07,0.08926722859736436,1.9098659800907445,0.4441860891166225,0.4687411025636432,2.1296660920471675,0.703702856982678,3.0813525126937495,1.792494344702705,0.29493886990368323,1.4843841536045814
2025-07-08,0.08126858999128794,1.9301782301848607,0.4545712539760567,0.47908747938736207,2.1521636201389507,0.6993923816471741,3.0735262606755906,1.8047482365365983,0.29285121417464,1.4906526948785124
2025-07-09,0.09514200282163943,1.9084847094278938,0.4501331695084756,0.486329814457104,2.1455694547461475,0.6788352953031522,3.0528576440943835,1.785103488142148,0.2843491890253036,1.5040851468417333
2025-07-10,0.08836345174016258,1.9044222193490166,0.43424454163489545,0.4826347324106173,2.1341267942799886,0.676845803277484,2.9420899340962325,1.7699320144079818,0.28366595273900397,1.4885633085027257
2025-07-11,0.13861528715078242,1.876716285383409,0.4156927483788013,0.4660067253012181,2.1366482912953213,0.6525309992319022,2.856606069303535,1.7656530218949027,0.23963718169173398,1.4882646609576544
2025-07-14,0.1372593972125169,1.840397640102268,0.39385692771980874,0.46548941565337953,2.13742387697639,0.639820839575167,2.8545994266841404,1.7677925181514427,0.22320223813336937,1.5037863082233764
2025-07-15,0.1419140839121924,1.838853925920338,0.40743777864470077,0.4747272586698048,2.1669033633015102,0.6416998345061127,2.881287971123531,1.7829639918856088,0.2344372084279045,1.519905250579241
2025-07-16,0.137711397967349,1.8468164625590133,0.4272321950900364,0.475318390895787,2.22605611186461,0.6419208286955578,2.8861040122107986,1.7744057675957228,0.23131429658927072,1.5348299849013913
2025-07-17,0.13418648850229142,1.8226041659050995,0.4055738438608387,0.4683715300055642,2.2155830540071957,0.6317529186984352,2.8726594572604935,1.7594288152724897,0.22221205597105653,1.5309496686216035
2025-07-18,0.12505807266159685,1.815129160123933,0.4078815084159677,0.44657024255083333,2.1936673356836227,0.6313107942393794,2.8465570480913915,1.7732386391301223,0.21486172796177816,1.5237857579323144
2025-07-21,0.11389610272908235,1.846004044663346,0.4062839463671366,0.47842234071629175,2.1969646593948413,0.5789230602061584,2.863149146973128,1.8510402648553752,0.2027888445447723,1.5079654631215207
2025-07-22,0.12058411886811515,1.8149667166048538,0.3943895607963117,0.4832998710816876,2.161279041532269,0.5614605729151951,2.8582930915943363,1.8662114993258134,0.2033220269638525,1.4834887841892228
2025-07-23,0.10734343969879001,1.8314602420488466,0.3975850220746513,0.49601123647669665,2.1831947598558425,0.5745022238560977,2.9331603250395664,1.8953870790648173,0.2107485376489786,1.477220433988577
2025-07-24,0.1016495107069404,1.8254478288402054,0.3780569783643466,0.48854697400516267,2.163994314460461,0.5505189110946833,2.9175796985269113,1.885272922751192,0.19890420225951555,1.4473707742709907
2025-07-25,0.0915267830666,1.797335485626494,0.3453919258939757,0.48513900019222844,2.1285024725107475,0.5381402427221156,2.9212219870628053,1.8730190309172987,0.19425792583948875,1.4440871798614894
2025-07-28,0.10336675413136276,1.7805168728440717,0.34565818623544775,0.48802837728871373,2.092041268967107,0.5336087731971666,2.824906352355248,1.894998275506678,0.17274012423073404,1.44707212672592
2025-07-29,0.10878963992703694,1.8401540749737841,0.34361655723467255,0.4977337020110675,2.0999928298091883,0.566212900549423,2.881562637124611,1.8907190437298707,0.1638663353282095,1.4384157426044153
2025-07-30,0.10146866547451494,1.9778717275066957,0.3483212392244026,0.5008453742432335,2.1094960440430413,0.5584763348766926,2.9104976629307413,1.883327947905585,0.16295243215359734,1.4333414093641985
2025-07-31,0.1393382187755583,1.9546342922675288,0.3394448455021224,0.4952147248739107,2.0897137888794495,0.5364823780607806,2.8734688821575594,1.8813829730599791,0.15655414681278135,1.459310752801997
2025-08-01,0.15402498584689894,1.9146597664558844,0.30447179129594537,0.4907695576280786,2.079822781805062,0.5403507289372287,2.812968014378487,1.8623213103708727,0.143681489767155,1.4861752745818673
2025-08-04,0.14950598923465797,1.9502469151504922,0.31414707843620016,0.4758040754292028,2.086416706183048,0.560023702443305,2.8740757655790077,1.845982947434834,0.17087388945209958,1.4885633085027252
2025-08-05,0.1454388810510181,1.9677157026097722,0.2962168215618448,0.4651355637190391,2.1054231346507537,0.5381402427221156,2.908879060138411,1.8094162718715445,0.166875021308998,1.4724443661468607
2025-08-06,0.1458457266608597,1.9480530262917042,0.2752685728389448,0.47084031146692173,2.1230721676691813,0.5393559829243946,2.904629641179269,1.8078603398478053,0.1548402773858426,1.459609018200497
2025-08-07,0.13766613049612664,1.9587781042560808,0.2754460422687397,0.47832305256635954,2.1230721676691813,0.5355984013030008,2.8902632755131115,1.8014418510781867,0.1604387890980381,1.4691609628106446
2025-08-08,0.1291252931714677,1.9311532918998777,0.263196717838325,0.4623944753131459,2.1197750849727797,0.511725449556143,2.7607631960402816,1.7928836267883002,0.15640178146108608,1.474533943595933
2025-08-11,0.13807286377973682,1.9805529469227223,0.26772359321758277,0.4784711573900078,2.1940553695389737,0.5320615417107202,2.7583351683508863,1.7942450374011063,0.15807760770602752,1.4885633085027252
2025-08-12,0.12243705237997227,1.9949341057178724,0.26408440216797646,0.45943099983810054,2.1830005019133494,0.5256513494151573,2.7439688026847295,1.7871889107961403,0.156020868081848,1.4855783616382952
2025-08-13,0.12754351518201745,2.0011089624455933,0.26630350059854657,0.4671359441397467,2.1878489969867054,0.5280826937395495,2.7785695557685166,1.784836948349061,0.15632559878523855,1.4721459096750746
2025-08-14,0.12099096447795654,1.987540421846381,0.2850325384973176,0.47513728195563343,2.2060798397733428,0.5244210486351253,2.7915196131161593,1.7975772633421516,0.1510318177764336,1.456325614864281
2025-08-18,0.16053249373220058,1.9534969873337031,0.2744696794209702,0.4843981083400988,2.210346766093305,0.5331870607629978,2.828953229838774,1.8118854735453858,0.14680449791764216,1.4255803946580516
2025-08-19,0.17711734946038904,1.9355408693171845,0.2781978861693717,0.47513728195563343,2.2210135998635785,0.5757971627149387,2.8641608663440103,1.8152176994864306,0.1487086795664203,1.442296441030774
2025-08-20,0.20649099592930176,1.9187222565347626,0.3280829806142411,0.4729887967112776,2.215389278094337,0.5679188015093255,2.9019993190160576,1.8040452797034838,0.1800904522400124,1.424087921225837
2025-08-21,0.19663953613759944,1.9352157819787559,0.32826056243759516,0.4752113803341935,2.202782998091758,0.5810125711537732,2.905034477128702,1.8342300738475519,0.18161381682140543,1.421102974361407
2025-08-22,0.18846005229909757,1.9215659194698689,0.32036053156308464,0.45550433737524476,2.1661275366056247,0.5637020854081365,2.9119142182510562,1.8154136564797327,0.16310470119343967,1.3778210537538862
2025-08-25,0.18922825139509603,1.927497211069105,0.35994913966663744,0.45513393741591623,2.1669033633015102,0.5674749080081127,2.906653079921033,1.8091413578479743,0.19608602112427231,1.3840895950278171
2025-08-26,0.21679445647583617,1.8772849378503231,0.35773004123606733,0.44231703239486864,2.1335449845117784,0.5367379366123677,2.854043672635196,1.7766046012568268,0.20240793116553424,1.4079691699432577
2025-08-28,0.19953159961539924,1.8925598364508152,0.33154481462761165,0.4192019236895135,2.1106596635794608,0.5378476703653994,2.806290567729949,1.7423037531985055,0.1782242174613784,1.393342892092893
2025-08-29,0.201971999317061,1.9257908530678258,0.30447179129594515,0.41001519568360845,2.1127931267394424,0.5060009652166224,2.8218711942426036,1.739755833758124,0.17479667123120723,1.4461767573105622
2025-09-01,0.1973173126173855,1.9236782861187125,0.3309235030329909,0.40853341197934956,2.1265630262784416,0.5023391840320324,2.845747623194326,1.7656283777309087,0.1854223727426676,1.4228940953386933
2025-09-02,0.2097447498719529,1.9045846628680976,0.33030207904481124,0.39949497266403733,2.1182236725958257,0.5163206045987394,2.818633494654343,1.7326994678894292,0.18500341618143223,1.4282670761239813
2025-09-03,0.2041862863150754,1.9256284095487466,0.31290434285339974,0.41423815972723244,2.1502241739066448,0.5230893681314868,2.811956295007605,1.7381876992842518,0.17967149567877683,1.4581167358415676
2025-09-04,0.2050450203535179,1.9189660219635178,0.29861350181576896,0.4243138844089147,2.1395573401363714,0.5083312019777402,2.8048742594114344,1.7548481111982936,0.17898594790800137,1.482891680172366
2025-09-05,0.19004171796231706,1.8872787195284375,0.28228080699024494,0.4274996550196406,2.1286962484236054,0.5257525930585971,2.835023546064062,1.7495560760605011,0.16093392833512143,1.4318489359319835
2025-09-08,0.18574860940126103,1.867778887329989,0.2718956421308105,0.43135212717046345,2.137229860048714,0.5296363209937935,2.8196452140252237,1.749359879803471,0.14977504440458067,1.433042952892413
2025-09-09,0.19392820556599433,1.8640412842892706,0.3352729089824542,0.43009273053535724,2.13742387697639,0.5270840014019034,2.831785846475802,1.7513199282639462,0.16135278858450341,1.4479676872145633
2025-09-10,0.19460598204577995,1.8843537346836565,0.3603929818314633,0.4312040223468152,2.173691304607172,0.5279717884043287,2.8271320855708266,1.751712081514278,0.1844320942685016,1.4658773684011437
2025-09-11,0.18488998768904974,1.875984989097148,0.340066044703184,0.43401920913126824,2.1948311962348592,0.5349626347678484,2.8708383129925465,1.747203874349693,0.1898401011351516,1.4778173469321496
2025-09-12,0.16613611243406923,1.9085660313375707,0.354179528704579,0.43327840921261096,2.1944431623795078,0.54794536299691,2.8497945006778513,1.7787606067106028,0.19334392635302344,1.470056523299288
2025-09-15,0.16636200048525418,1.9137658263502746,0.33891221242561964,0.43290791731981004,2.199097881540005,0.5527167418543661,2.8536390836875616,1.782092832651648,0.18515568522127435,1.4634893344802853
2025-09-16,0.16631684534026347,1.9800654160652162,0.3414864745028974,0.43261161573904183,2.2254743020964,0.5593746000518931,2.9244594396492656,1.786404843559203,0.19802824595504753,1.4661760159462145
2025-09-17,0.16125542535697757,1.994446574860366,0.35133923107294707,0.4320930190225927,2.3247733707548934,0.5688065885117508,2.9281017281851587,1.7817006794013164,0.20834931307497073,1.4434902669179177
2025-09-18,0.16898302076687832,1.9948527838082,0.367494119287999,0.4475030914928293,2.313912279042128,0.5701379968550571,2.9276968922357263,1.7866008005525051,0.2098345381625133,1.456922527807853
2025-09-19,0.1566913859259771,1.9862402727929371,0.3671390680348503,0.4326857141176017,2.3449434187590197,0.5617048368130111,2.970796236235998,1.7483798555732335,0.2069782175334196,1.4515497380958502
2025-09-22,0.1623852025915955,1.961134236333681,0.3310121815511087,0.4286850452096582,2.317403378666205,0.543062806643902,2.9582507678359877,1.7470079173563917,0.1706454377364104,1.4294610930844107
2025-09-23,0.13978999487792843,1.9717779923883825,0.3292369252853644,0.4183129270137351,2.3769439200698392,0.5421752918018086,2.922840589855136,1.7328956641464592,0.16630379570792098,1.4070738005279
2025-09-24,0.1521271218425142,1.9849405243400313,0.3266627756016456,0.4092002973863902,2.359877178849256,0.5346296466018561,2.9074625048180973,1.7101589105939614,0.15602086808184823,1.3939399961097507
2025-09-25,0.1470657018592283,1.9610529144240063,0.3179639637027194,0.4074221201678907,2.34028894061334,0.5228675574610464,2.9165679791560306,1.6966347676276632,0.12631501796505074,1.3885670153244627
2025-09-26,0.13509026535949342,2.0301963673743235,0.2860978046503231,0.4003098709612538,2.3239975440590084,0.5286376286561478,2.878122643062534,1.6648818390097233,0.10411157227366741,1.4184166750420486
2025-09-29,0.12880887017783937,1.9968027069379635,0.2797955606117617,0.40808891364146005,2.377525970852867,0.5233113148820929,2.848985075780788,1.642341281714255,0.10296912107151246,1.4312518319151266
2025-09-30,0.13626519773910206,1.9729154976224788,0.2797955606117617,0.40912619900782987,2.3841201362456697,0.5135464743364089,2.8008273819279097,1.6421453247209534,0.10003642514286493,1.3972233994459669
2025-10-01,0.1461167698570356,1.9820966611046549,0.28334607314325,0.4302408353590048,2.351731360064682,0.5187617466950778,2.778974144716149,1.689186487772365,0.10986244933755818,1.4214016219064787
2025-10-03,0.1500481879532407,2.0331213522191045,0.28405617564954766,0.4300927305353568,2.364143864154402,0.512880770164756,2.837856162701092,1.6758580625356405,0.10517793711182777,1.4136406072003322
2025-10-06,0.14864736752244712,2.0362901024926394,0.31015272373988534,0.44239103883995545,2.3903262677831214,0.5257525930585971,2.8508062200487347,1.6723301188650215,0.13812111754881018,1.392447331604251
2025-10-07,0.13753055273492332,2.0303588108934028,0.294619034725895,0.4558007308894845,2.3540588401523395,0.5366270312771473,2.903213332860756,1.6968307246209653,0.13252270214846784,1.3867760854204616
2025-10-08,0.12980306965125377,2.030440132803078,0.3270178268547941,0.4501701734536343,2.3290400560600406,0.5173192969363853,2.9325531946163186,1.685854501095048,0.15289795624321445,1.3864774378753904
2025-10-09,0.13771139796734877,2.062452322276317,0.33971110584359376,0.44779930114012556,2.3439735751354593,0.5288595754067544,2.929518036503674,1.6974185956008712,0.1660371081865275,1.3873729983640337
2025-10-10,0.14281774844316275,2.0744771486935996,0.3446818233876774,0.4534299505094481,2.4159268616436305,0.5331870607629978,2.925268864546332,1.7054549856998027,0.15331700911630297,1.4046855755337568
2025-10-13,0.12650416056361236,2.0626960877050715,0.3254200400188447,0.44765119631647754,2.424848266109273,0.5257525930585973,2.9556204456727766,1.7036908942326292,0.145281037024396,1.3834924910109607
2025-10-14,0.13079726912466838,2.042221193791606,0.3224909514755361,0.44787349145215805,2.401574911321604,0.526751285396243,2.9388258053154237,1.712903026291373,0.1274194259852084,1.3688662131605964
2025-10-15,0.13834401930214368,2.11079559367447,0.30873263112084914,0.4495033799800652,2.4370665122565,0.524975847471558,2.9831391631603927,1.7409318149816637,0.1352558399173729,1.3873729983640342
2025-10-16,0.1575498953119565,2.1376893100446805,0.3061583690435712,0.4733591966706052,2.4403635949529017,0.5516071441815003,2.9809134299448137,1.7779767787373961,0.1355998658568518,1.41871494044055
2025-10-17,0.1766201935605658,2.119489426599408,0.27917424901714094,0.48550940015155586,2.44889720657801,0.5721355176105145,3.0711587484270817,1.815805570466336,0.13235049655502218,1.4605045786891417
2025-10-20,0.1724175076157224,2.146545386188428,0.29674945463834734,0.4861020952465649,2.5200744253754785,0.627617306376131,3.151084578726719,1.7250554703045582,0.1526106579852453,1.4658773684011446
2025-10-21,0.17119730776489162,2.159139065372894,0.306957262461546,0.49314033800811385,2.5214318208247573,0.625841868451446,3.1348970687926148,1.7087869723771205,0.149361481307122,1.4646835425140008
2025-10-23,0.17567126155837332,2.1839202147939916,0.35675367838829763,0.494770226536021,2.535783771146783,0.607199974362503,3.062862698986213,1.6729179898449278,0.1747821281413804,1.4831903277174385
2025-10-24,0.13716908692253482,2.1727076059721067,0.3540020592747839,0.47395189176561403,2.508437747981644,0.6107508502118726,3.1061643374603003,1.7003586682915843,0.17095951068955717,1.4882646609576549
2025-10-27,0.13509026535949298,2.188064026782544,0.35589454202265336,0.4861020952465649,2.579227173938578,0.6468139993015065,3.2089551243425785,1.7001627112982827,0.1792546579783112,1.5112488664577377
2025-10-28,0.12844740436545066,2.2278761090751087,0.3520193244989689,0.48699109192234236,2.608318626408347,0.6499211177298299,3.2293915592322255,1.671742008621388,0.16893349454653483,1.4948316587033723
2025-10-29,0.12438029618181079,2.2159326045675014,0.36121188130295456,0.4933625412103222,2.6451678638073393,0.6691176745750398,3.2504356185487193,1.6860504580883506,0.16881888344127738,1.5169204947880974
2025-10-30,0.1160200794371149,2.239819813882986,0.34625151183385583,0.47898984603992756,2.6242219891073275,0.6516964195743487,3.18103157090553,1.6703700704045468,0.16029432131830212,1.4999059919435895
2025-10-31,0.11416725825148899,2.275081875239165,0.3358874769635294,0.4629129800961216,2.634501030037067,0.6493663188933967,3.157154894952007,1.6368532895831613,0.16897173035223845,1.509457936553737
2025-11-03,0.11168170340483674,2.234132287712504,0.3387712709025268,0.4708403114669204,2.683762771525779,0.6474798395533257,3.1966119504163846,1.639009295036939,0.15322243087650245,1.4712505402597187
2025-11-04,0.10521957531698867,2.188551357339782,0.3229097298766861,0.45987549817598805,2.714405636372503,0.6346080166594843,3.2761331917683885,1.620388834662422,0.14305401804383422,1.4411022329970615
2025-11-06,0.10083604413972003,2.1537768268411117,0.32182816665761327,0.4589865015002106,2.726624123534547,0.6601297156965609,3.2389016225177905,1.5880480350645763,0.15096690358740594,1.4327444964206282
2025-11-07,0.09946970786194176,2.1545079228271047,0.3309306962207721,0.4555043373752439,2.707617695066841,0.6400452357687596,3.049305511215321,1.6323450824185763,0.14366579093509113,1.412148133768118
2025-11-10,0.09710130927455629,2.1837577712749128,0.36400564800112534,0.4587642063645301,2.6893870932950206,0.6525842065767742,3.0869416694135525,1.6421453247209539,0.15643337174892236,1.4211029743614083
2025-11-11,0.10561833343817506,2.2134136283702848,0.37914629673899625,0.46943262614122183,2.6977266879924535,0.6571337747637898,3.132469041103219,1.6623339195693427,0.16476685115523293,1.4288639890675547
2025-11-12,0.10425199716039679,2.213088741332126,0.39843246951015043,0.4661728490854078,2.7126604480826897,0.677218118611425,3.196207361468752,1.6635099007928824,0.19718301313173714,1.429759358482913
2025-11-13,0.09655484215918375,2.2520070838193487,0.3895103316093227,0.4619499769752562,2.7004419609206454,0.6765524144397719,3.232629258820486,1.7164312092257203,0.18720577932758653,1.4219985348500512
2025-11-14,0.1057094300117758,2.2535507980012786,0.3543625054187689,0.46632095390905604,2.754164163627362,0.6854294679830306,3.2506376660207366,1.691146536232841,0.1873205830565503,1.4366248127004155
2025-11-17,0.1044796824312828,2.272481977732814,0.35868842111438326,0.47661897372641926,2.775497831167909,0.6847637638113775,3.27390721155101,1.7029068269956937,0.18586791137537495,1.4303564624997693
2025-11-18,0.09491510383437207,2.2496509517417507,0.3395824152184421,0.47054391795268,2.7720069725586485,0.6859842668194638,3.3487744449962396,1.6919306034697765,0.18009574939193618,1.4228940953386942
2025-11-19,0.11204036106144177,2.2659009120572593,0.38887946656218,0.47372959662993397,2.8119592757263665,0.6854294679830308,3.3702230932603667,1.7109429778308978,0.20326106156080392,1.4091631869036876
2025-11-20,0.1060282118562621,2.280363192461814,0.3847338301353376,0.4948443249145811,2.807304556565869,0.7189405696411066,3.3671879351477223,1.7107470208375957,0.20215251213096042,1.4205060614178358
2025-11-21,0.10844221489356354,2.270206967264621,0.39239423794187944,0.4788416492828078,2.7725887823268587,0.7161664393787759,3.3760908680100394,1.6842863666211767,0.2043697073025006,1.4348338827964136
2025-11-24,0.10411529613688009,2.2607822386539604,0.3950979773992229,0.4804715378107145,2.7648309973976355,0.7042933088225802,3.354642713749512,1.6821303611673994,0.20077631206119229,1.4091631869036867
2025-11-25,0.0995153123118575,2.247294619363883,0.3794166032485953,0.46661734742329686,2.8152563584227686,0.7085098888436032,3.37386538179626,1.6613538953391052,0.19236645735532765,1.3927459791493209
2025-11-26,0.10457077900488332,2.3003505555177712,0.40402011530005066,0.4875097805722637,2.8164202189740055,0.7420209905016788,3.3034496147821892,1.6950666331537922,0.2090714593499461,1.401700819742611
2025-11-27,0.11664034488646458,2.316031663066097,0.41168052310659276,0.4958074199689193,2.7735583849356034,0.7348083334677187,3.2807871996751636,1.728779370968479,0.1990179465580948,1.413640607200331
2025-11-28,0.12342675880413378,2.306525612545762,0.40600273768230655,0.4929921412509941,2.797413549491483,0.7393579016547345,3.2524590572904817,1.7221153976138446,0.1993619724975737,1.4133421507285449
2025-12-01,0.12247018861821135,2.3094503970902727,0.409517509062006,0.48484260667798695,2.774528228559165,0.7378044104806558,3.2283798398613435,1.724663317054226,0.1977946897111409,1.4133421507285449
2025-12-02,0.12852782994707557,2.274756988201007,0.40681388199822144,0.4666173474232973,2.752030700467382,0.7158335872929491,3.257315112669273,1.691146536232841,0.1986739206186161,1.3936415396379633
2025-12-03,0.11495522676419934,2.24022602283082,0.4227655626584481,0.4824718262979506,2.6889990594396704,0.7075113325861233,3.22089321531754,1.7274074327516376,0.21560824113560262,1.3909548581720337
2025-12-04,0.12142263418491939,2.2366510636094517,0.4397986941441887,0.47758216071422943,2.6775563989735116,0.7039604567367534,3.2569105237216407,1.7179991044358638,0.23441573088465062,1.4061780489659697
2025-12-05,0.06512843381289479,2.281013166838402,0.4565615191203303,0.4866206919630147,2.7683220970217133,0.7095085811812489,3.267027717430456,1.7293674812121127,0.23785618290314492,1.4175211145534035
2025-12-08,0.0539241168911726,2.247294619363883,0.4516949904055181,0.4863242984487741,2.709751158226823,0.7121718061083593,3.2212978042651734,1.7236832928239885,0.23720636682989094,1.4017008197426102
2025-12-09,0.05050827619672704,2.2479447940407407,0.4410604242384746,0.4774339639571097,2.721193818692982,0.6970806517886203,3.2283798398613435,1.695458547140396,0.22642637372967211,1.3942382615082498
2025-12-10,0.048322070756543045,2.2429072422468463,0.4282630688139626,0.4666173474232975,2.722745472084753,0.7054030425756121,3.1824478792240436,1.6727220328516261,0.21912516476550414,1.4067751529828274
2025-12-11,0.05009839777864,2.253144589053444,0.44015925268173284,0.48217552471718284,2.736321354696076,0.7143910014540911,3.154524325786995,1.6656659062466597,0.22015724258394065,1.405282870623898
2025-12-12,0.02960290430704049,2.310181893676805,0.44033941955694567,0.48395361000220993,2.7359335618555423,0.727151919012712,3.215632076987516,1.6774261970095123,0.23109008259512054,1.3885670153244614
2025-12-15,0.044587335891379754,2.3249692614197888,0.44809007939143264,0.475952180252851,2.7518369245545222,0.7268189308467194,3.187911065026083,1.6758580625356405,0.23479799262983336,1.4017008197426102
2025-12-16,0.038939685306834004,2.3018131480902966,0.43556303047651945,0.47328509829204624,2.7281757769263186,0.7113950605213197,3.2532682351857467,1.677426197009512,0.22520321319457137,1.3981187688613228
2025-12-17,0.03643469802216326,2.3006754425559297,0.44376416369581806,0.45802331451240197,2.7851950623294375,0.7137252972824377,3.2654088676363253,1.6507695857997908,0.23005800477668426,1.3867760854204598
2025-12-18,0.03183460187090925,2.2752445190585147,0.46611463446185986,0.45165186522442213,2.7917892277222407,0.7137252972824377,3.2330338477681178,1.6593938468786282,0.25414078365873105,1.390357945228462
2025-12-19,0.03843871031514623,2.309694162519026,0.4768391154761713,0.46024589813531813,2.802456061492513,0.7366946767276241,3.244567349795447,1.6541015724771078,0.25459951701532035,1.3942382615082498
2025-12-22,0.04276551674559825,2.308800422713684,0.5227115350745959,0.46350576712460434,2.779182947719661,0.7481240498627733,3.345537239411578,1.6823263181607002,0.27099863256431034,1.4040888536634686
2025-12-23,0.04873194917463075,2.2977506580114184,0.5035155019378277,0.4766930721049807,2.7698737504134834,0.7429086414239385,3.2955579072871535,1.6715460516280851,0.2653029421922788,1.4318489359319821
2025-12-24,0.039440660298522,2.2935257244134615,0.49909944660782735,0.4775821607142303,2.7584310899473246,0.7290382622726175,3.297176757081284,1.665273992260055,0.2687433942107731,1.427371515635337
2025-12-26,0.040898093149901005,2.2884068507098925,0.4925204896267992,0.4700253212362324,2.7481518080027687,0.7301478599454836,3.2601477293063024,1.64684948887884,0.25383499352495575,1.4127450467116875
2025-12-29,0.04449623931777924,2.2814193757862347,0.4822464819972996,0.4694326261412234,2.7433033129294127,0.7150568417059104,3.211990282455223,1.6329331926622097,0.24294029300762632,1.4034917496466113
2025-12-30,0.043084298590085,2.2922255753600154,0.4614281602287016,0.46824732788467727,2.7758858650232594,0.7086209302589896,3.2488167687545886,1.6313650581883383,0.2411437880106786,1.391551962188891
2025-12-31,0.05478947817726354,2.31781914267678,0.4558406268323605,0.46869182622256567,2.8098260535812014,0.7425759254182782,3.260552812257533,1.6321491254252738,0.2256237107454575,1.4058797835674697
