Date,HINDUNILVR,LT,INFY,HDFCBANK,SBIN,RELIANCE,BHARTIARTL,ICICIBANK,TCS,ITC
2021-01-04,0.01618217206796059,0.013478497962050605,0.021816284449877512,-0.0063709236278801495,0.005887857039131379,0.0016841380182049657,0.003778156348103041,0.007930449770625883,0.037271693129024897,-0.002106507221311472
2021-01-05,0.009862700737366115,-0.006333634179384935,0.00429863805590862,0.007528155858139194,0.0024877239739753273,-0.012509868481084365,-0.006012992248297851,0.010384288707166593,0.017464853957803547,-0.009179824980182555
2021-01-06,-0.013661515212772956,0.005877129756909176,-0.009084336441168085,-0.004319959284643097,0.011644420383425242,-0.026725929701114537,0.021746268642950685,0.0174364962927197,-0.013508314646270907,-0.02902909613775844
2021-01-07,-0.02024636127217499,0.01880974456722792,-0.01568265982293131,-0.0030315894983832846,0.009253713391363364,-0.001620748418675576,0.03727478304561285,-0.010296119768917561,-0.006146603641331907,-0.012739060208293138
2021-01-08,0.009390596323901927,0.02540381061776191,0.03881220639694519,0.010814957457496877,-0.0059264138255507,0.011730086252187303,-0.009212316229430582,0.001754134153134696,0.02863481577535227,-0.006430958574980069
2021-01-11,0.015725748763605985,-0.01718493156525959,0.04769735029424626,0.013735366006009726,-0.012313402338599726,-0.01902969379788106,0.012691001151222221,0.0048771726929625996,0.017642779273019462,0.004950464603009838
2021-01-12,-0.022144849164166806,-0.0001480909619924662,-0.0032389030406494205,0.020154688939904655,0.03478631574582262,0.031032719652986554,0.033429289640660165,0.0060398570869109654,-0.0005037226470423015,0.01931843703746926
2021-01-13,-0.0014951574536004953,0.001998292320751395,0.011163980627551993,-0.007013079256459966,0.04773125747000578,-0.009369040280865196,0.0218539612697845,0.015391838760286084,-0.005020697794180733,0.022984136078164758
2021-01-14,0.01098348100083972,0.017661972338785383,-0.012075688071483197,-0.0012928940329237618,0.001465667701722101,0.011181307769202582,0.003969595369547227,-0.005766766459340927,0.03053158800478568,0.013634286376387729
2021-01-15,-0.01996004284187264,-0.0164425220881576,-0.01881877713038003,-0.001430691134380061,-0.011127393218960314,-0.011877856129310515,0.037360784123443166,-0.018790923310132056,-0.005351311282554424,0.017129984017041956
2021-01-18,-0.007921068198295895,-0.0134566809444682,-0.024765968578842196,0.011153591146702965,-0.03142504107186276,0.023717031560335552,-0.02639706999173445,-0.018306621381575197,-0.003594204952725044,0.00868395526419721
2021-01-19,0.013012164243670054,0.024983866737228085,0.003499871186314877,0.013893898084141373,0.01399568040561241,0.01622406241920891,0.00907372474403996,0.02464021922789983,0.012017029164448273,-0.004104088075529122
2021-01-20,-0.00305163732973,0.009300576077910626,0.01716829810656241,-0.007910963076224251,0.013141566385296096,0.018816050088193204,0.00647892746484788,0.008291867116845462,0.014643972944725608,-0.005498231622627278
2021-01-21,0.004954121665269758,-0.008242709889068812,0.00018665718453015842,-0.011594946670345663,-0.025779714283613347,0.02152168838273454,-0.025139242032249005,0.0030805631762197963,-0.010619186453233,-0.018315268307117678
2021-01-22,0.017458987860645873,-0.006731607767504871,0.0008582802367736817,-0.02141722824843294,-0.03854946148920275,-0.024006781384756832,-0.007770627341796412,-0.03479412368690385,0.008894972931384476,-0.014137629117747248
2021-01-25,-0.004055104352492325,-0.0005874213963397148,-0.011815955757102169,0.013281210576542374,-0.009740728511625673,-0.05444146669408176,0.0067379893331707885,0.00793023158375929,-0.0035789811319207406,-0.013859283348109019
2021-01-27,-0.003464587038192777,-0.001065736808913634,-0.018354519819317773,-0.037080600210040685,-0.01904480942307879,-0.02398432028279108,-0.017281631238809818,-0.029613571681334768,-0.009233305760335323,0.013621885046176301
2021-01-28,-0.03875426426328649,-0.010720210230339526,-0.019246493579257028,-0.027437346699143782,0.02401560949875072,-0.009783956562491525,0.0001753115727458288,0.01123170312615201,-0.019977197892275075,-0.019413438053562063
2021-01-29,-0.015994226468669333,-0.007947705707614824,-0.02954187390018429,0.013794823074749989,-0.0008856919405574229,-0.018610336790354,-0.030771693491970155,0.016428437623390125,-0.027014977276266835,-0.016347963828720162
2021-02-01,-0.006781037606192181,0.08206353983021125,0.01748084491080389,0.06018018101842598,0.09656629152713743,0.0285524888259093,0.04511923365611785,0.11724497033059014,0.008958709149574627,0.06061012921787599
2021-02-02,-0.008104466171933685,0.04807185712912917,0.00817481081286065,0.05519478748564284,0.06961480114109796,0.015964382562551598,0.03428403132717475,0.022193031582381516,0.020212830434482385,0.010365418489171196
2021-02-03,0.0010755500356687056,0.005477768052990379,0.010485596420541721,0.009089915665011838,0.008519528138775937,0.002515273989470533,0.015726343698595102,0.008066612865317221,-0.0010620420777386124,-0.006667524652283969
2021-02-04,0.005693602678535779,0.0008173341889762867,-0.004134080019480776,0.002726786673643153,0.055437063680315396,-0.0032945981538496077,-0.013642758318196961,0.009515115004955933,-0.0036314982258185634,0.059117142502163454
2021-02-05,0.010608984371857847,-0.008731907296022754,-0.005683330416416166,0.011647453979790326,0.10166462091685426,-0.0002858482002469766,-0.0330062715853125,-0.0227785018456512,-0.009611895354183051,0.018953991927364904
2021-02-08,-0.014602334861203787,0.023010452689978946,0.024422417274449992,0.004777038830124388,0.00999827782433592,0.014296369801372135,0.02749653793636133,0.024845307051733018,0.01762424742430628,-0.005348353078666835
2021-02-09,-0.009162567405849522,0.009396228704701401,0.0015332403839455424,0.004103005656805751,-0.005683035886202205,0.002405383907050535,0.0027585552435778708,0.005938594725710049,-0.01164131432782947,-0.017745433177520583
2021-02-10,0.008648344483533934,-0.00871986320073449,-0.006956140557699241,-0.01885069206929652,-0.006479951885763347,0.009235711483146565,-0.01471653750093921,-0.0018964161832704628,0.011392382185866072,-0.006351983724467568
2021-02-11,0.012226526349830314,-0.014497437669297123,-0.002974113808000631,-0.005960649994171663,-0.005367983630635295,0.040402525374812495,0.013296407496846154,-0.0023756138914572096,-0.002274351020585383,-0.00484591077587056
2021-02-12,-0.009523983575892236,-0.0059964096792361555,0.013180078311330688,0.006087034258157359,0.007659878607602199,-0.006882538515946606,-0.020011665056507758,0.026522039231650023,-0.004752256342549706,-0.04055508167616282
2021-02-15,-0.011824807248787171,0.010657242883212122,-0.00011433043292257486,0.02166691230116972,0.03449917890900183,-0.004418155976905106,0.012627951324908937,0.039882828353840535,-0.0160966911948169,0.005274695861196394
2021-02-16,-0.008659495002681337,0.007644601230824744,-0.014807723711982825,0.006197521495182021,-0.01136796594752104,0.013147615769433378,0.00042094696545255536,-0.023419326756884955,-0.009938221817738112,-0.0016024518730018795
2021-02-17,-0.014770958233814836,-0.0007100643721295098,-0.007077015989085139,-0.024992383754984773,0.02309399834064345,0.011465929623252586,-0.00016840037679210202,-0.0015201611782760499,-0.011550035900683403,-0.00229374761513045
2021-02-18,-0.007910604659648875,-0.015457820046894728,0.00866423337267102,-0.020504868337937434,0.008343979337471451,-0.007492258922427995,-0.008115670539336591,-0.01950894206018484,-0.005138171860080737,0.005039037807039996
2021-02-19,0.015827797074871114,-0.010417364836136997,-0.0008901067536878927,-0.009827719523312479,-0.03842153444940092,0.006075181860467162,-0.013158053105289629,-0.0324771537881116,0.004731302831616392,-0.013339800013831135
2021-02-22,-0.006208959265346492,-0.0382350289095015,-0.02041929737581935,0.005766043096960103,-0.02547502353179016,-0.03532321216010447,-0.019190619072008558,-0.023017583781768713,-0.03761431993481717,-0.017747328052818992
2021-02-23,0.0053603095840073795,0.02321022430935971,0.0009084606035120766,-0.012251718288313031,0.015539786028575177,0.007615068476671257,-0.008363683304674968,0.010521009924014389,0.007324689272839481,0.00697864718542001
2021-02-24,-0.0001836264757122227,0.026753037026382785,0.006258402886363197,0.04931473237343742,0.026565179493746885,0.018387276704851963,0.012999754959012589,0.03945151945931613,-0.010829305907269915,0.0016771242403743239
2021-02-25,-0.007162260848204187,-0.013287098670187635,0.00019619928151733544,-3.1071934017096916e-05,0.002458412032337468,0.03964524914130222,0.010763129907129155,-0.02064520019809574,0.015883267921889335,0.001435435931160323
2021-02-26,-0.01455071568248346,-0.04337810388532388,-0.016813075229239253,-0.045856289744733665,-0.04289588882066632,-0.02768399233480702,-0.040253748049362804,-0.04936759829043426,-0.03430115397677101,-0.025667141182624538
2021-03-01,0.005309004533082315,0.02082151347686323,0.01087182417156736,0.015841026588959844,0.012227970153834823,0.007594017720375968,-0.04428843350266672,0.017577783756458427,0.010277880494413616,0.01485119408681929
2021-03-02,0.015990750669911596,0.008653145983686423,0.029167998740165107,0.005948015724749786,-0.0019007649696894666,0.0020438883094053488,0.016769638477742006,0.003527840553479231,0.027705836528114876,0.014395548137025066
2021-03-03,0.007114439573955737,0.00754395089015853,0.0294954832362451,0.011822473791036726,0.02715199419236789,0.044621104975088845,0.00937919208653904,0.03476939250867769,0.01739385265010749,0.00023831172074076235
2021-03-04,0.001548853790942125,-0.023180540131121512,-0.009873552080812007,-0.022174197729032053,-0.02348052075406363,-0.011992105828188682,-0.012340112716061447,-0.01811922066555573,-0.003077365315132674,-0.001191556426669077
2021-03-05,0.001909976690383315,0.0006492627261011466,-0.01031323579197241,-0.014308899030636162,-0.03079923673131415,0.001308897783798487,-0.012681990148014756,-0.018371479774882033,-0.01375139285054763,-0.005499004809243884
2021-03-08,-0.01213567250924836,0.03468239009950432,0.014364452097086533,-0.006886601601301741,0.015389773857736365,0.005675403065919292,-0.013415409606337948,-0.002299799702221763,-0.00036577259947425685,-0.002640857602980298
2021-03-09,0.010953785577700324,-0.004564173658703576,0.007309962561911665,0.027905962660210677,-0.005146652063926694,-2.2897530681448558e-05,-0.007542229975826619,0.02765460899075367,0.014526896645331924,-0.0009620523347105447
2021-03-10,0.013261614365898147,0.010486337552559784,0.016656538708590303,-0.004329453419642715,0.0002579626661553327,-0.0041619753527028895,0.007827560141244545,0.0007994311366508572,0.006533886497286535,-0.006275567614898596
2021-03-12,-0.010422782305914813,-0.006714430834046888,0.004884945370655625,-0.0024455849572062385,-0.017169991289514262,-0.02053510725479069,-0.0031428150929395924,-0.020590919325517248,-0.004242120852957318,-0.006315296375247202
2021-03-15,0.0027628680810040953,-0.020182584046189642,-0.0009096508347635339,-0.015127101650302217,0.007320149717068176,-0.013517313078800181,-0.0025785842679087855,-0.015374182767761145,0.002677785357818205,0.0012175740397621891
2021-03-16,0.01490534689978041,-0.014903937344507292,0.007542942189188698,-0.010852532265366343,-0.01403391856348315,-0.003943462369796602,0.012260721542144273,-0.014268594865042443,0.014216184563790698,0.011613913800533943
2021-03-17,-0.007941340209272616,-0.016658734082689055,0.0021652326988422094,-0.011172213241978115,-0.027857759019953122,-0.02177680865819838,-0.012165083983596182,-0.009202767025003911,0.0009320862827879784,0.013143849070875712
2021-03-18,-0.00499833164920911,-0.006665029968574564,-0.03663996425256376,-0.002913290407069678,-0.0028561516000061562,-0.022759305563953575,0.008189774604296813,-0.018663353207992433,-0.024865389601933484,0.03292777185081021
2021-03-19,0.04279205855219058,-0.011869012983902432,0.005481871938573337,0.004349961947202693,0.01097201070910493,0.03564205171899792,0.0052026321591443995,0.013817264160500898,0.004501472325349771,0.024059233222838525
2021-03-22,0.017641279145600236,-0.00796800912739082,0.019409577088255556,-0.019112869169125964,-0.011244359339782664,-0.009458643116846008,-0.003686436320278619,-0.022757692241261184,0.025714151479960805,0.013587415864225415
2021-03-23,-0.006779739704290779,0.003066544646719341,0.0005470663972825783,0.020881052847118584,0.015412021250276759,0.01209688005472044,0.002364632427390031,0.02233130239409051,0.004129460922664782,-0.01695713755210753
2021-03-24,-0.008032733373929282,-0.02538429718564062,-0.01306314844284898,-0.014334250641809083,-0.035086438228915814,-0.0194452572761014,-0.010637378986340335,-0.032761513137151387,-0.006865032179485296,-0.028530884177908878
2021-03-25,-0.03580555558458316,0.0014232131538116956,-0.014846428960613238,-0.010502700151374668,-0.013006448317739882,-0.027658963828474194,-0.030834377356188825,0.007111227949166868,-0.018186981627089076,-0.02034914079826194
2021-03-26,0.03550350457962713,0.019643936654205347,0.0017976256662824506,0.01892000051502763,0.005614889154281963,0.0016056173991670574,0.028635796777866214,0.012173026558851068,0.0006360961248453112,-0.0033135528511393847
2021-03-30,0.034286327839172424,0.017896611879140732,0.03608708602935881,0.04099093922772342,0.010027862064071092,0.017222393357004494,-0.0019156534195626242,0.022052221949855257,0.02947833024965302,0.01715862962949873
2021-03-31,0.01356053449522234,-0.0032718991998074037,-0.012530261016968431,-0.03941624945230979,0.009653842307582936,-0.012995028421252355,-0.008086305933185631,-0.015935019236410556,0.006092086656808418,0.018243048319469612
2021-04-01,-0.01341464384062396,0.017950494269613194,0.012457957694374336,-0.004630362991542038,0.017280659768803695,0.009317020389898664,0.006743192239895082,0.020910376007018335,-0.004052076515818345,0.007068951196012451
2021-04-05,-0.010854602083505444,-0.028649480673122098,0.017674627929699458,-0.025305001548456482,-0.04723331052932336,-0.014572568401599496,0.01420358870429712,-0.03972552990593103,0.023080712141900064,-0.0346776822043388
2021-04-06,0.014682179224653754,-0.001996770708668339,0.0008151613217239786,-0.006470792071348715,-0.00852169447866177,-0.004174106946815764,0.007449648645681402,-0.009409530252184524,0.007934084881328489,0.00047034512428238435
2021-04-07,-0.0012675047562502486,0.002245925049320551,0.013480017928993867,0.004813812446173163,0.02256488309151191,0.009304888330348905,0.017508324604290585,0.02055074011869273,0.002050157111208485,0.0053935476692491885
2021-04-08,0.0019315370999323082,0.010625951188677304,0.006724671240649359,-0.010000043757714495,-0.008261552808882258,0.0012473709394941188,0.002581581505062978,-0.0016460487921622182,0.01394826407932133,-0.0025758326863363303
2021-04-09,0.02705887008844782,-0.01066165980819589,0.0008332105275763406,-0.007742080039597564,-0.007338484902086296,-0.011686779072326474,0.004135037443086849,-0.018374693954077575,0.0014759590847317648,-0.0007038485088592525
2021-04-12,-0.005670124247028884,-0.04289080242718373,-0.010674104543294814,-0.03923318254496556,-0.07086648651639338,-0.03642655880201203,-0.042715063688845555,-0.0500670270147098,-0.023049324597549953,-0.03728901290438997
2021-04-13,-0.0030917281118483437,0.021002165951535708,-0.020263474553103657,0.02406711927783708,0.03628098127000473,0.010747042934232176,0.025884681644084594,0.04012727652629642,-0.0448849517321523,0.016425402522344038
2021-04-15,0.0025431175238294123,0.0006914548044454372,-0.026398573654257122,0.021021956674059282,0.004972912902683443,0.006449711240338839,0.005950800616756038,0.02571011608885172,0.03634717515790239,-0.009629284903681876
2021-04-16,-0.0007114081432507934,-0.011339704818594448,-0.0051575156104214015,-0.0010144410221623434,-0.008204106356110262,-0.006294529074398902,0.0025923369858525955,-0.014446822408591594,-0.007421341971341647,0.006029160302988905
2021-04-19,-0.00909003043976238,-0.036488912857557995,0.006479659536108267,-0.011439509318516856,-0.026079911905537708,-0.015859148915893784,-0.02680066447613767,-0.012780627128516166,-0.010492295475319201,-0.011365136105655683
2021-04-20,-0.016218358686817595,0.01593560299902904,-0.00825406486354557,-0.014979823089004534,-0.0049950522931865105,-0.00028924571895566013,0.0070978311647099624,-0.0011621149179930114,-0.0054705874375705526,-0.010020734612842704
2021-04-22,-0.02024584375573448,0.0039724478574395435,-0.00018494299845312742,0.02210537382960835,0.02146739612298338,0.0027576916682489753,0.001225240732810665,0.03531964215560583,-0.008222423438419309,0.01147894120185618
2021-04-23,-0.017886892732559743,-0.010452231516584084,-0.012887080634722922,-0.005887271499228387,-0.0005942607791105761,-0.0010759466724054188,-0.015663182672245157,-0.01609917926393851,-0.002986322345866709,-0.002674794781658361
2021-04-26,0.02266395202468405,0.009778724878313527,0.007283391313187145,-0.0066336338645725385,0.02306384060570774,0.017438388459505842,0.009427246473526387,0.03643652648450457,-0.002802069434744945,-0.00024355362335034677
2021-04-27,0.008100512136960038,0.0329491105831078,0.003677369340350947,0.023844775300795394,0.0250962235155584,0.025876890195585353,0.01271392427876747,0.01285894380116817,0.010011641187971222,0.0004869508675417752
2021-04-28,0.011156801442515211,-0.003446239206090171,0.005546403549571807,0.026137931141022783,0.028894619313292378,0.004340234673058307,0.01854313329240415,0.03705010956855067,-0.0025252672746389642,0.0004866168337919213
2021-04-29,0.0004361901031278376,-0.012616421471246487,0.00025812138439763264,-0.002916128171021354,-0.011068282359526104,0.013304278208413638,-0.006358593556522713,0.0001612681611703812,-0.0028372967798272627,-0.005856357861245858
2021-04-30,-0.022620530451843153,-0.01348623192385622,-0.0014757729645620216,-0.04174190687804199,-0.016552360797913012,-0.014707119372608258,-0.007609700693518306,-0.03429290625971183,-0.02588343426459231,-0.008356012279661902
2021-05-03,0.02278660034581934,0.0015280710322649843,-0.001699537103695814,0.0015211829542249517,-0.008237736350958551,-0.01793368722680036,0.04034879230717044,-0.0062643757727931645,0.0004444388069155154,-0.008177437591346105
2021-05-04,-0.00014535141961247115,-0.0036565011706653923,-0.016894287580301856,-0.01862488790072882,0.0025639109157378514,-0.021906919053476488,-0.011518175650314972,-0.008752023905552601,0.004189456214534643,-0.006740792909839538
2021-05-05,-0.005413963519614734,0.0007847315949044393,0.009060688688222534,0.010211713012156209,0.011034119327199044,0.0018245628743141387,0.013484596558586226,0.018839253902458324,0.014954453308445026,0.008977598153993353
2021-05-06,-0.001943737614793182,0.0009333235922804612,0.014871923437328712,-0.0012128513242104862,0.00042187267383335777,0.00566069174285429,-0.0021453990392609466,0.008918249382418114,0.0050747718279520035,0.006680846749983692
2021-05-07,0.008831287134693163,0.002087438898078773,-0.006668523092984885,0.009837923858863474,0.007565217266593049,0.00038817593090896167,0.01729915524550739,-0.001810352797591086,0.006870258164290983,0.012742141660133087
2021-05-10,0.008959141376435891,0.03821183490300441,-0.009658189080636786,0.0035984520458565918,0.00958418581271338,-0.00287715755113951,0.0070986728683580715,0.010079227319375375,0.004013866989175508,0.0009734277340120584
2021-05-11,-0.012740573272612367,-0.008205582466313824,-0.00666591286146147,-0.011546381151125462,0.008122880301566533,0.0036017134704561596,-0.0072745007441773965,-0.005559786046843221,-0.0073068763447592475,-0.0075693089195346145
2021-05-12,-0.030925605731029926,0.0012280633258953612,-0.002746922635319584,-0.0028897374861703655,0.008329426110260062,-0.010399730924045444,-0.011768548550110145,-0.025071704826604008,-0.011272119530849558,-0.003683319353550585
2021-05-14,0.02035851265558945,0.02156610425271979,-0.008019839626784531,-0.009080261536818554,-0.019914261135851402,0.012544217869845747,-0.0024061822114210766,0.004278210823035567,-0.011760694804176696,0.04332799010088601
2021-05-17,-0.0002524367864920947,-0.020520030037326515,0.00982677517163601,0.037781899043282136,0.060942875320992275,0.0118277934760538,-0.01936909607632268,0.04308960827082565,0.005962606606874291,0.001647611442267412
2021-05-18,-0.0008421800460775859,0.021790823141591753,0.007941938444081649,0.024993116604166917,-0.0022212777823893575,0.013980980136258177,-0.024494559449860977,0.01527744755290324,0.006186843077756707,-0.012066639214828373
2021-05-19,-0.00612577422483996,-0.009820272289763168,-0.0022414742271728945,-0.01260708700286892,0.005608877015962023,0.004567003749493199,-0.015312126919346527,-0.012314975827692478,-0.00220418416951505,-0.011010321290596588
2021-05-20,-0.006632942200235507,0.004479002284106064,0.0017190749730464677,-0.01757226091283937,0.00039013940030949547,-0.0058507727989424016,-0.01439695773631184,-0.011012749508524359,-0.00716348520879291,-0.003616520846482651
2021-05-21,0.007691822249084253,0.005870222177322925,0.011285051888301022,0.044032952686427915,0.04238625251594821,0.008601012568947354,0.01958982619842899,0.0378303682323956,0.006676833741712027,0.009854733837678473
2021-05-24,-0.010939122287508268,0.017614894057551275,-0.004773123119519336,0.008412907326890203,0.02668468695564999,-0.008475013197960141,-0.007846881216270512,0.0075979802164500105,0.0003246128713980389,0.011651520570465297
2021-05-25,0.003204740152825938,0.005321109042182741,0.010001144166814227,-0.020743940987639226,0.0007277964223044107,-0.011395879879493392,-0.0013297129432888182,0.004546797074145498,0.015371261840161842,-0.002840873318254833
2021-05-26,0.004235882844464136,0.015014554111343309,0.02584590307207707,-0.0012854561407000576,0.002905737516904671,0.003508438468432557,-0.0006653991002321195,0.0033773362312683095,0.014188989555431877,-0.0014237055584565756
2021-05-27,-0.01179408757180827,0.006732709925602547,0.0035718498534854644,0.0037840923129678606,0.027781329615964745,0.0030663711230133686,-0.0113817704225723,-0.00038335059428601896,0.006784053035241308,0.002608486027255502
2021-05-28,-0.0020221879747546667,-0.003208513813080186,0.001994927254242498,0.013931373857074164,-0.007435798710256598,0.05833294349486616,0.00728394298840033,-0.014205258364326966,-0.011512500223966651,0.008253547942240341
2021-05-31,0.007872384448537557,-0.007060856121445268,0.0026580849256258097,0.008213835364199668,0.005434754043713132,0.030788879033634243,0.021351846070655957,0.030175351522383636,0.0049341809175092125,0.017229799247580096
2021-06-01,0.007768818480224864,0.004724311797206189,-0.0047105997690919605,-0.002741490774769057,0.019139349987726314,0.003973180949174602,-0.003746033697958259,-0.019271746318548822,-0.0019484521663769095,-0.006252317121908145
2021-06-02,0.0002119505071663601,-0.0024442635041239612,-0.006182638160067109,-0.005106512978623686,0.010807181442102196,0.014805151089498496,-0.006400796713356192,-0.0026955036546178128,-0.0074970810759498905,-0.029465604801227
2021-06-03,0.0018847688912036252,0.02669580115991615,0.007947251601572477,0.010943848412264172,0.01466399692882179,0.0038087176392344593,0.004804509128238528,0.0029262146468360278,0.003763547445728875,0.00023914701230538516
2021-06-04,-0.009011283598777405,0.01751782837524048,-0.002882570556478657,-0.012973858916762504,-0.013856402542368501,-0.00870418434918327,0.001220744050103885,-0.01167872188655265,0.0007955655198745744,-0.001436218283043474
2021-06-07,-0.0011747448761733699,0.013084456403650236,0.0028825705564787035,-0.0007331100161837423,-0.0031183646601559614,0.016705027730881054,0.00701502532667759,0.008521120070665114,0.012470548956180015,0.012851173829340961
2021-06-08,0.008385958998365493,-0.0055682267865612015,0.016627834709442086,-0.011264352404417725,-0.011751765544283619,-0.005763137955585119,0.019109758472403527,-0.008988115829687242,0.0053107968431057445,0.010350587556696957
2021-06-09,-0.0012723834091697553,-0.019456734428449585,0.001661779022739758,-0.001856114559401511,-0.01355129689946586,-0.01804325067404482,-0.012513950984438846,-0.009855346578762135,3.116132207928333e-05,-0.005397063709825254
2021-06-10,0.009630655217182834,0.00026320886116905693,0.006339034658203781,0.0005067236997769776,0.025303062443749448,0.0036715611011622195,0.00949178938722278,0.006737342639337138,0.005158147299863567,0.013329924864149868
2021-06-11,-0.005183981620701194,-0.010750280694012081,0.015742758798944274,0.0035720668637275834,-0.006149716355758926,0.0171969173602703,-0.007918866452991778,-0.007366316730721031,0.017564421167375846,-0.006711214181810639
2021-06-14,0.006406456790231262,0.008147805985496989,0.01024515898469587,-0.004653069208708258,0.0017443789300923944,0.014244059803560482,-0.0027772722231654574,-0.0008656100329944552,0.0007784144644596152,-0.0028903204348987178
2021-06-15,0.01149995351518462,-0.003271158486155686,0.008243436257740877,0.007273442727312196,-0.001977146256202852,0.0022691739080071315,0.005823307089867912,0.015854135758753995,-0.00415945042417257,-0.001206746721290071
2021-06-16,0.006646141660886351,-0.013259348932154368,0.004535505408554536,-0.0037985556712689626,-0.008299675373401219,-0.01721390280518193,-0.010655735560220685,-0.00809098091878366,0.0035489838892340613,0.003856362776826519
2021-06-17,0.004061631145401077,-0.002249395762337868,0.009879482139787336,-0.012539490112071955,-0.013472251897646528,0.0018295508623989802,-0.015205733992210996,-0.011153947740674361,0.013167465911716759,-0.010640943480079414
2021-06-18,0.02661052353026873,-0.007794818475474711,0.0053357375757312605,0.00930118879205733,-0.017644330562182342,0.0045032501699842535,0.018925066642711107,-0.0041158192047588745,-0.006182668253332941,-0.005363283677482952
2021-06-21,0.012587138590656162,-0.0060821487784262045,-0.0019974149351118116,0.005996149237254301,0.016453871583390484,0.0051983625684076705,0.0015764515436366333,0.0013473978651741012,-0.007366507180022533,-0.0004888799804174409
2021-06-22,-0.009631242857248703,0.021678039980785466,0.007668761585517181,-0.0032968223764899512,-0.002623977110730335,-0.005153436558571483,-0.0059480357031902,-0.0006339081669470972,0.008548115242468665,0.003173881202970681
2021-06-23,-0.0039231020456631325,-0.013396349958947458,-0.005770828992674777,0.0011451280347406663,0.0004774615802058717,-0.009207626530129139,-0.004390659719300081,-0.009796544956336441,-0.012129290254229999,-0.005622632743520514
2021-06-24,0.0038828992525045273,0.016626193317027724,0.036609673092404704,0.013871693099888211,-0.0039470721125309804,-0.023791894517685555,-0.009973655034513746,0.01485629573540146,0.033823901892059305,-0.0034381476759926784
2021-06-25,-0.016806001953030277,0.013078631697748446,0.009574328949844996,0.005858307720999863,0.02742492817940477,-0.02304028994647603,0.011937849825128993,0.02330483242698295,0.002131999424391314,0.00881726201681851
2021-06-28,0.004705796594795784,-0.006187836325716207,-0.0015255675811293539,-0.004465030150066349,-0.0047923576984984445,-0.008805716514830586,-0.007315042230859574,0.002001144081194827,-0.01311513486140116,-0.007096615390675683
2021-06-29,0.013063772014211883,-0.0023468522906462262,-0.005582480019272238,0.0001331419322320693,-0.012378522331428117,0.0008625173920426864,-0.011835548404379288,-0.01580945004003663,0.001227934090842354,-0.0014746858630804436
2021-06-30,-0.00856229582331704,-0.006873627538841156,0.011291973828679292,-0.0027667911609422584,-0.005471548612876129,0.010885084738631218,0.0013324423289638198,-0.01447695423159172,0.0014655722241542467,-0.0029556250879874905
2021-07-01,0.0027077170832098285,-0.005513155710725813,-0.012988926430244588,-0.007471555027851754,0.002858321308770633,-0.006035297826919551,-0.005723522601840494,-7.932301561461172e-05,-0.001271234428739967,0.001478952239939504
2021-07-02,0.0037458370780216257,-0.004466227555933268,0.0047312492780136675,-0.004280257835073333,0.009469867139204998,0.014715137305478977,0.004486274673578967,0.014790592113141354,-0.004814467210868762,-0.002959999273948791
2021-07-05,0.004713073713803172,0.014898769736077525,0.007086677253419045,0.010114922838796222,0.019252672291197984,0.009885000586563568,-0.002001959321361124,0.011800400191515563,-0.0013391375577930333,0.006156800794304426
2021-07-06,-0.010680945923177526,-0.001626006595627005,-0.010665131738471846,0.025907792889978798,-0.006725453178817656,-0.011883154399557073,0.004094974635001115,0.0037747349825860083,-0.017833595263326313,-0.00566297038576739
2021-07-07,0.003693751250501884,0.007246918725797409,0.0015352044144155872,0.003122591987518893,0.007187622472445506,-0.006966039286782151,0.006630773374209435,0.005673490374557585,0.0038701911044694225,0.006153960685753394
2021-07-08,-0.013835889134855086,-0.010440407882028322,-0.002463745549236248,-0.01245123403939305,-0.019597013277511406,-0.008304358083383487,-0.008152449162829764,-0.018674680844114267,-0.005035722642613723,-0.008626034708711863
2021-07-09,0.0015920042720109972,-0.0007332257202012087,0.001376571282948702,-0.012208731762322539,-0.0016505461238680765,-0.010279098248134446,0.020630922785404737,-0.0052327005961546125,-0.015572446995027717,-0.0032230520799263695
2021-07-12,-0.0029823785830432547,0.0007665492598791561,-0.00967612242429918,-0.010036991225880507,0.008693709068638157,0.006208968587807401,-0.012384054949326347,0.011986514858107367,-0.004702117970005327,-0.0012423326091027071
2021-07-13,-0.0030527075770099502,0.008525913380826916,-0.0018750953452800743,0.009937111402937453,0.0038526054186534056,0.007457403606671844,0.0007550286217090053,0.02852526185319719,-0.0017397239620079638,0.003722473228069696
2021-07-14,-0.009007351291461206,0.02033874253814929,0.020469123648963212,-0.0017994577969156656,0.004534088853279316,-0.006546164372419022,0.0,-0.000902651089536262,0.008434825456728011,0.011085278893119936
2021-07-15,-0.001035864384033027,0.04100083921177505,0.002470195609771952,0.014272436849185322,0.0015067802341500022,-0.001751343600982387,-0.00871640959949092,0.004655377121456212,-0.0014351969052669553,0.010479033176005691
2021-07-16,0.002091253680868234,0.005823771125948066,-0.016166116757033118,0.0010844395660005869,-0.0039456518910328565,0.014327662851980453,0.029441470009481642,-0.010770130939316922,-0.0025475759524620696,0.007968265099073835
2021-07-19,-0.003626393296961611,-0.00566849227419588,-0.008879248290434818,-0.0343126814548742,-0.004895660460689014,-0.006387447513196927,-0.005001804864993354,-0.006685922814412941,-0.003198012362195178,-0.0007220071832732629
2021-07-20,0.010839417812844778,-0.012031587782288532,0.005401457044429701,-0.019114345772494098,-0.016494242441086528,-0.002456743246568633,-0.023868875314396944,-0.02157574839333989,0.006635046178677676,-0.004583264691465436
2021-07-22,-0.023582906396117174,0.032052122471353216,0.025572560575733986,0.0038385051393910836,0.0027284669226755064,0.012765605862573305,0.03907441887596132,0.02165204203113691,0.0032854444904683797,0.0009666056328489216
2021-07-23,-0.00846656208274989,-0.018685679633741598,0.00015722246455869142,-0.004115586561652301,0.01609993176807036,-0.007098071300387559,0.002922291016952607,0.031069442316798295,-0.00108870040102002,0.025752499275908978
2021-07-26,-0.003994214024364061,-0.008818092704005001,0.008421182574726628,-0.005699836635320844,-0.013142499470822716,-0.01379579048914938,-0.007781389846820652,0.0001478095352336784,-0.004773520596868539,-0.005902324302042799
2021-07-27,-0.002686022342513383,0.006644170648685121,-0.0008419426931687492,0.0036182332406137405,0.015587696269048018,-0.010576392417488195,-0.006454031240408373,0.001033776007994813,-0.004576416816092696,-0.011910664756880733
2021-07-28,0.008078690284577073,0.0024807706310186616,0.001901515087366545,-0.015715845509693422,-0.010403955814128866,-0.008625922755036378,0.0493581856423418,0.01115611183865618,0.004654474097152404,0.002154391734945421
2021-07-29,-0.011349741136568017,0.0011284377216290108,0.0070748807439981925,0.0006701790283866287,0.037026261804690985,0.007773916932529672,-0.001321475226596905,0.006493769891972091,-0.0006256784543966439,-0.014693811012228716
2021-07-30,-0.0006212618682760724,0.003408972605501277,-0.004027669394901675,0.005764973352936265,-0.022328688178454976,-0.00878068255743689,-0.009744963853581538,-0.007299210288832587,-0.00891053501359433,-0.005352750077313532
2021-08-02,-0.00021443976267838212,0.007774960704093049,0.012985627949967795,-0.0026674191175878343,0.0071535435718922775,0.018112472664645232,0.006212318473750983,-0.0016131066376986571,0.016268122660126616,0.011401004944602314
2021-08-03,0.022905172874878702,0.01256066924225216,0.01439128629518421,0.008434353396279508,0.02632324695309766,0.007331241431926968,0.026281656648038963,0.01312161621848052,0.02014143981402346,0.012464091188525782
2021-08-04,-0.004093178205152621,-0.006845634965645229,-0.0036012687034049852,0.021104303169954246,0.023134660061789793,0.007634618106786108,-0.010046946541020445,0.034521825784192224,-0.003339190682417079,-0.006212580073814966
2021-08-05,-0.008194614133511153,0.002584229585825822,0.0026040623824472005,0.013253728399129285,-0.03360351782029172,0.014393860166601966,0.04143468648408128,-0.017218762566011056,0.0030497606834582794,0.03138142037918975
2021-08-06,0.005836049476238419,-0.010532191993490581,-0.0020283154810833235,0.005239463195272608,-0.014131326844099157,-0.021405914016498013,0.015249838249148214,-0.006856640497381448,0.007841009717675384,-0.00465636900174012
2021-08-09,0.005466811231081242,-0.008042995908640672,0.007907208499991755,0.007508487736922405,-0.005178042566432426,-0.005712705391721816,-0.014331696018344203,0.007425903253030511,0.0038899142011252106,-0.0021026419335362766
2021-08-10,-0.0011328938008832849,-0.0056498186401536575,0.008352021959169884,0.002490526027098002,-0.01616593595617059,0.00523381442743392,0.03758280078313476,-0.002778188209407702,0.0033649815594474055,-0.018647962983570784
2021-08-11,0.0036249842187986996,-0.003247319221383508,0.00017872272954087015,-0.008459483876612328,0.0037447986530807194,0.0139110919933122,-0.002172052550187218,-0.010541880582405379,0.0030846875578022593,-0.005734793165058814
2021-08-12,0.0007735970005753876,0.02504206781967215,0.00715751673027848,0.004305328285323843,-0.002104616032310731,-0.003216733880946051,0.0036978242366271464,0.01118372774574366,0.0022548767203816465,0.0011974057271737341
2021-08-13,0.005086932246411883,0.02731161772560875,0.013287430464729506,0.016382884431769867,0.00943674273877194,0.016517565656982366,0.022060720467054394,0.0049070108559726554,0.032768334338942405,0.012132883642247594
2021-08-16,0.009066468303120951,-0.007399574296181091,-0.004566110274187586,0.002878861048252308,-0.014835878784764178,0.012896302892241135,-0.004720242116054081,-0.0030551263567863366,0.0027536099018751928,-0.0026043550188133468
2021-08-17,0.023381033967442764,-0.010531795569094263,0.021619878359308557,-0.01047529378321584,-0.007916438076100128,-0.00426491413940634,-0.012218466394458387,-0.0020658775168319638,0.022802042041282677,-0.008093439142927306
2021-08-18,0.000905625860359515,-0.003606760994832356,-0.004719292749276871,-0.0010900415837941377,-0.004279528744348325,0.0038737333389396106,-0.0054430551454282255,-0.018568444694213797,0.0021087368772725688,-0.0011957802926377168
2021-08-20,0.052250060591014856,-0.024331427201299643,-0.0002886047597283039,0.0011559230099105456,-0.03146438158399339,-0.011294012438442474,-0.014960036153049281,-0.011102991897208404,-0.0002951314983768807,-0.0002393091878693275
2021-08-23,0.0056151233650507185,-0.00809618998083878,0.0033413027403755807,0.0064817900618287854,0.006861055604668337,0.0065420008122396706,0.014478278033089705,0.0029337886600306496,0.0216490033934577,-0.012524319128228018
2021-08-24,-0.0004364545021493544,0.01572279236870308,-0.010347978273000269,0.022216178170367622,0.01958721790525738,0.009825156491706642,-0.004103828869900692,0.017064696175082418,-0.006674925433503154,-0.002669456223528688
2021-08-25,0.004547176882084241,-0.007500958052479502,0.008506043170684163,-0.0009305407514695989,-0.0032380358661605216,0.008617642886648859,-0.012413409269713571,-0.004908028999384113,0.012595802714147727,0.003154235005985832
2021-08-26,0.00805796405831919,0.0012226562492563388,-0.0045334185712335995,-0.0016708661548810527,-0.01330141340494138,0.01256500541419794,-0.04261276641434696,0.011152470688039248,0.0035057801456194514,-0.00875924314225754
2021-08-27,0.004322430013009571,0.026193219461916554,-0.010999541068152829,-0.004092452692642407,0.004130347583541627,-0.0013685027625383577,0.013959008461873474,0.0013586256245137487,0.013068455375925797,0.00633384276615593
2021-08-30,0.003634270311055465,0.013340730921527351,-0.006310891074061474,0.012705763319262705,0.024547722002729817,0.01905509091664329,0.04163160889969598,0.019669522632023793,-0.005079909350231721,0.010147460192428162
2021-08-31,0.013452335323183608,0.0072623031944585225,0.004934486094943804,0.008350217025033345,0.00789397390424607,-0.005344042721807698,0.06791222480979768,0.0075381514017598,0.022744644815559344,0.01574075792569192
2021-09-01,0.0032251541751940906,0.008455979599651598,-0.016961522973479252,-0.00145547276174148,0.008995867946638064,0.00395550225628841,0.0035327192619492892,0.0011815150179321288,-0.019063503869144804,-0.008555154966097111
2021-09-02,0.02463105115407646,-0.00011859247879376941,0.006742205869750379,0.006249912003462193,-0.0003489664001574619,0.011969856259118433,0.0001501637030612494,0.00726611159652681,0.03226031046509478,0.0011925504184225162
2021-09-03,-0.01233895458318134,0.003138224266151375,0.006814744112890694,-0.008183056135911847,0.003832180953966269,0.04019423376954177,-0.012151591467255172,-0.0011728692215029948,0.0013803659669632269,0.004044250448110564
2021-09-06,0.005011264281243526,0.0015949180279028758,0.017342109538169958,-0.006588903755078524,-0.0008117145423295517,0.015413444703786838,-0.005864308955350897,-0.004358396014681504,0.002586481205488824,-0.006191958817142153
2021-09-07,-0.0010435141118579374,-0.007405465373286408,-0.013820259012127965,0.0022648326509256303,-0.004534088853279365,0.006287835650889354,0.024073866679601798,-0.005910851169984405,-0.009415952734793908,0.011637805851924551
2021-09-08,0.008317591120195691,-0.009049482803388855,-0.007882535514196473,0.004546110790748811,0.005229873458150517,-0.003920120863426022,-0.004034627277867121,0.005633352246784268,-0.011001289010149472,-0.0023640485580556244
2021-09-09,0.0034751098452556793,0.0020979535294505676,-0.000975117926779933,-0.004960412684068127,0.0021999108589515442,-0.002367714787463238,0.02703269756523453,-0.0009713289352794909,0.004560130119266912,0.00660523031673467
2021-09-13,-0.008683288904896919,0.0009874778079914436,0.00017745527688964582,-0.008354322165889412,0.0012714605969859375,-0.022535175437689726,0.010366597250666156,-0.018002142176504463,0.014129294254517456,0.007029118150163187
2021-09-14,-0.00857832902908225,0.014696712649560649,-0.0034043101600189766,-0.004510224889189065,0.0003464675868998081,-0.00130813748171014,0.0012971907623970903,7.07108877139986e-05,0.010489942550923758,0.009064497622680273
2021-09-15,0.004658513340600945,0.012040843041567321,0.01489308544406234,-0.0011305942816295872,0.0247489668783112,0.004150272002081686,0.04410104690089786,0.009705965850778384,0.017512410147502534,-0.0004626548469333669
2021-09-16,-0.0025973098709260287,0.0024721034423900736,-0.005390054061592384,0.008465271397972998,0.043751154057488896,0.020764278893649044,-0.009556292892002514,0.017828550603921255,-0.013044674680377972,0.06605624923024536
2021-09-17,-0.016756626899522956,-0.0029383246546517065,-0.006453414669249834,0.014131131156375943,-0.020920382176823897,-0.015626785319590848,0.013202239589719705,-0.009741911011380697,-0.019518890378789983,0.0017320642127767129
2021-09-20,0.028285515006936206,-0.006928714291122081,-0.002041953143195954,-0.014195187223352149,-0.03735499542983801,0.0015884256029637244,-0.00440434276812549,-0.01419473659433636,-0.001137274370060402,0.011185213776574323
2021-09-21,0.004311708387424499,0.009663676813049651,0.017967175442891416,-0.005077389985580053,0.0030812774727550243,0.004313400188996503,0.0023421975549156072,0.00260227354003036,0.010264820447594622,0.03261741726552685
2021-09-22,-0.009987723827127485,-0.005827800884447052,-0.0009023614059918048,-0.011829134337927457,0.0001140378027428609,0.010671637491705204,0.00013771377557424887,-0.012012510014566465,-0.00020696086154537417,0.008247404839310505
2021-09-23,-0.0007904324702540187,0.03379048630524571,0.01482938569438103,0.023392445461982346,0.02464521338348142,0.024145550241570345,6.871847187183028e-05,0.019221143006696553,0.0018365467449685986,-0.004115199982929063
2021-09-24,-0.012895868408816222,-0.0005370746418906887,0.012149150307144313,0.019896541183788672,-0.020325169840969354,-0.00289574293851463,0.017187771045294974,0.008264296416827714,0.0005297300548080193,-0.01684208703173426
2021-09-27,-0.01361793551859698,-0.016617762776433995,-0.024506185003006796,0.014597316805699475,0.013185484137339182,0.016676306882689115,-0.00445152316884198,0.009704449780027507,-0.008912592675940998,0.0010479210134043727
2021-09-28,0.005282292719045618,-0.0014094422535819646,-0.01998167796180945,-0.006203450283521292,-0.0038137610446097817,0.009305339535510668,-0.037221565010011226,-0.017759468287796336,-0.015178592963224486,-0.003987727223488566
2021-09-29,-0.014253925805479562,-0.009340415340429746,0.003047985238042979,-0.013213417373460887,0.03337695181785853,-0.00795920759387627,-0.0029491318288822027,-0.010724533780787847,0.003368121554343505,0.001470983412221996
2021-09-30,0.006125766302627614,-0.010543360419295248,-0.010126538369406442,0.0006899427076379921,-0.015334359677390766,-0.0034079425075966767,-0.008391183518429891,-0.012266637191312423,-0.0043210438076812085,-0.00822358236209516
2021-10-01,0.0008326825352867281,-0.003558956144740172,-0.006017199324185455,-0.007710208691379527,-0.0029846195541557755,0.0017648564576048047,-0.018179653808102523,-0.012202384933480212,-0.012084317528680168,-0.003393434736359293
2021-10-04,-0.006623265682364229,0.010755766407331266,0.008134167891502736,0.0019252766316254003,0.025143431131313194,0.01277610474773882,0.008104382652854831,0.01127444824862233,0.011488038920354224,0.005297265098431154
2021-10-05,0.008322531694079286,0.0008449080796884889,0.008334507076072925,0.006098288461801063,0.0033411052115127076,0.020541379278113607,0.025858809226789105,-0.00443716513580963,0.015776108297564866,-0.008063048723426617
2021-10-06,-0.008378338188889323,-0.01269152962666337,-0.01143677067103079,0.012117230126792524,-0.01627115674240161,-0.01909484410603141,-0.011289754702398036,-0.01096205932579061,-0.0058606368375448085,-0.014808703345123998
2021-10-07,-0.006218050014619774,0.010212940700999562,0.010372961757411566,-0.0027283753917817836,0.001529952951422726,0.0048907243594575895,0.0015896770926732379,0.01825151566123464,0.021288979893803243,0.007324621593683207
2021-10-08,-0.011055725562191577,0.008402717870531392,0.019239849043079148,-0.004886220541372858,0.00021833212628326963,0.03770715687645156,0.004322755992289313,0.0017074241267571071,0.010921699322528431,-0.005380405962782634
2021-10-11,0.0019108571333407303,-0.00580756851290258,-0.019269521359589207,0.01925019929994338,0.024266533109643985,-0.006987524434470339,-0.006708310683632572,0.013976482800988285,-0.06564283132615384,0.027037198973872145
2021-10-12,0.011670299521745352,0.0007569380550917041,-0.0034359174960779237,-0.0025740502950786256,0.028880942159605696,0.00569511385162519,-0.006535041250980591,-0.0066109709974529005,-0.008925603001591247,0.01356025230698947
2021-10-13,-0.011046698848270368,0.019509276261441555,0.014170934093248861,0.005995789924495098,-0.002695086832273316,0.010125514259796391,0.00515901445263112,0.001903416414789419,0.0006430812555917176,0.03221489291706327
2021-10-14,0.0010573301932186115,0.021037977549048896,0.0038248538407063613,0.028858597416203124,0.018307652040961683,0.002020243376998421,-0.005960659291913222,0.024144493865890907,-0.01012448877400405,0.029067737853601568
2021-10-18,0.0016781100790009284,-0.0004751712353627129,0.04356567268273456,-0.010185592062372042,0.014870462842276227,0.002662704917819334,-0.007611284330601801,0.02464907193141926,0.009836771170286918,0.023118004772614723
2021-10-19,-0.04123025980055279,0.03169901999448529,0.016601091026492536,0.010955644339949161,-0.019774528639987052,0.008916415326703333,0.0007344191148085814,0.0026792155504198893,-0.0035707699478770504,-0.06531328008363858
2021-10-20,-0.027123527393349608,-0.02154634385281838,-0.010925821434377418,-0.008832649121075248,0.02368292650279852,-0.011579120244522659,0.03937040804390639,-0.002142865366720797,-0.006986126163789833,0.002639283124349898
2021-10-21,-0.013362299082488644,-0.0005260017006379234,-0.027391975646999203,0.001462634670755983,0.006082681004596044,-0.02927188435217722,-0.01765816691742328,0.01285523067551454,-0.0213832157125063,-0.00773457522478311
2021-10-22,0.0034081010821535775,-0.007504154212326607,-0.019491164832130585,0.002651143823343917,0.0,0.0018666527792587416,-0.0022292225526046494,0.005017121637675968,-0.009571606843899327,-0.03366197820241943
2021-10-25,0.0007128846027039677,-0.004529700851629552,-0.00714850538213247,-0.014231403559606209,0.007033545594104999,-0.009791275154799288,-0.00490768370073481,0.10302680412221482,-0.0016876179813483478,-0.01361750492214994
2021-10-26,-0.0016399714787206717,0.006758993546308512,0.006565976962508873,-0.002568193064041484,0.011873986514055858,0.022517322479718636,0.007352567842747111,-0.014721074759035826,-0.002967731847378943,0.014040050173942902
2021-10-27,-0.016655244814622317,-0.006534769930433165,0.014712048741107113,-0.006038446602543729,0.012794572995515735,-0.01272604732491929,0.008794759771946653,0.00672912545107801,0.0020510692116225532,0.00736602954609239
2021-10-28,-0.0029041639784815275,0.016505822868398794,-0.01459463535780356,-0.030406431274283652,-0.03488833358796034,-0.0110219529431243,-0.018102588089676554,-0.04444634728830749,-0.019707311815524094,-0.05761480382723361
2021-10-29,0.0014635860131544981,-0.02658702870124772,-0.021444216019001896,-0.006768582515523522,0.0015943168102600738,-0.024286076788060034,-0.006399603594938058,0.004185553672077056,-0.007009274799846201,-0.008476554317931578
2021-11-01,0.005812458620383748,0.016114814452558378,0.019182236986064794,0.014083644325342348,0.02662634665512901,0.000610954915160646,0.038850284278481646,0.0023040366313184985,0.022883755132107945,0.01622062340861953
2021-11-02,0.004889938101314176,0.011243659368618153,-0.0012656150130172226,0.0009028683738957873,0.011567469315382177,-0.014686965113015876,0.0020331122242895467,-0.0036764572878399304,0.0022411396567919182,-0.005525314895196147
2021-11-03,-0.0031261109419251543,0.03986860233384642,0.0027055739101743415,-0.015871427978305215,0.01134054519359479,-0.00690142775527131,-0.021019225871877732,-0.018905346213134576,0.0023077864731399964,-0.01406119880531558
2021-11-04,0.004757926987561006,0.01024107501435489,0.00363524435609679,0.007873092493067507,0.005292553934107845,0.006121490874015557,0.002856636231550022,-0.004910545103153251,0.004685213307916925,0.018263240242256867
2021-11-08,0.0037280420263868276,0.008138979958645714,0.01671458552928758,0.003944562419855079,-0.0136664079822543,0.0012398080155413486,0.011204979371482631,-0.002496484575548419,-0.001682900294403844,0.01424387948788806
2021-11-09,-0.00030832570517731896,0.009849666825852216,0.0028734690654851325,-0.01765203138157293,0.011212636133950847,0.007862795633943513,0.005906459220402331,0.00817017138175298,0.0008417245890720038,-0.004579700963054742
2021-11-10,-0.012833167680988538,0.003364354964676984,-0.0013495580164208949,-0.010871418177169596,-0.00901722026276966,0.011120699922971752,0.03072078401902886,-0.0072091667230493334,-0.006123079961710893,0.009138355952190994
2021-11-11,-0.010028646777596243,-0.009505860047948688,-0.003944134571798399,-0.004478743786795286,-0.02862873442098171,0.0018220552229620869,-0.009357800888445157,-0.012175242568331872,0.0011186169975642383,-0.0036888363617255714
2021-11-12,0.012026588920332293,0.01451848551631203,0.026698494559180934,0.0030309515677330867,0.00342823120900734,0.014977967197962308,0.020243995153596813,0.006653481630435326,0.010792602176581767,0.012529703831965888
2021-11-15,0.008199425137554693,-0.006603537096964092,0.003896394929313597,0.0027328403048187365,-0.009431232374708751,-0.005917681910436952,-0.008034990217758057,-0.004258244952701451,0.007698300067991177,0.022081783449673806
2021-11-16,-0.007492911926712276,0.004228301873519439,0.0028776216465630144,-0.005957502789989364,-0.02286332015004547,-0.023511187439103052,-0.009878413141707414,-0.012033888226676321,0.0008722720814403798,-0.011192310356023298
2021-11-17,-0.006461320931907325,-0.0012282767014083953,-0.0027096519317062525,-0.011173460610630122,0.00614153920781255,-0.021639136300946323,-0.014134849024697405,-0.003605799811640274,-0.009748145356885594,0.01705486292871879
2021-11-18,0.003444350344251746,-0.029041716788118826,-0.004513885206728887,0.005602251264178852,0.011278155808699425,0.0037671559530696305,-0.007947488185713291,0.002099505782907217,-0.013204811892660814,-0.008385727963559032
2021-11-22,-0.00453195523391027,-0.017280794283354363,-0.011303403011362682,-0.015746246597808603,-0.035148017773411505,-0.04530364022505649,0.038110920009503196,-0.01439059378020194,-0.004990089498784874,-0.028182918210392403
2021-11-23,0.0023622790595349504,0.011650814839563598,-0.01287081524853186,0.0001319558794134086,0.013579256936973823,0.009305805928244924,0.022386054235956732,-0.0001996620479623972,0.0016902905912225912,0.003026972226859066
2021-11-24,-0.008156824703862012,-0.012724108144835815,-0.023829456488753894,0.0016481958269958736,0.00020276859372751215,-0.014544336377687699,0.0,0.011044897603044435,-0.006065796620512348,-0.016982656653853644
2021-11-25,-0.0108811653931095,-0.006788047319988893,0.0154460865166113,0.005190566253288272,-0.005286208192050712,0.058455686054258875,0.008201823085383734,-0.012109402392164141,0.00075465369287228,0.015686540533328523
2021-11-26,-0.005956413080537014,-0.03955796715434016,-0.018014211650083847,-0.02390823361460288,-0.04173121903943545,-0.03276153371457143,-0.035112417948070705,-0.03917000855344191,0.0002757867396762311,-0.03206946999275604
2021-11-29,-0.002443951288344616,-0.006148909162666251,0.002774440320005448,0.007589030745797902,-0.0115434536263426,0.011907402502994975,0.0008118668193514229,-0.005275622999107798,0.015873410336203975,-0.011223635981993598
2021-11-30,-0.005099991885675577,-0.0014155411269194953,0.009563050694019987,-0.005142205706723755,-0.009831030413794616,-0.014896623603801428,-0.015126940453957292,-0.0056535806139131235,0.007722744662372596,-0.001581399274422193
2021-12-01,0.011710924987447477,0.011969319250336384,0.0013129690615602352,0.007404634499751804,0.031524547083573815,0.02528699436294121,-0.008273023189661612,0.018515934983024132,0.013691038959626358,0.003385905311292239
2021-12-02,0.01626450360747286,0.0017900971636492444,0.01926033274542902,0.013925803087287953,0.003570409655946738,0.0064042217751598155,0.014160295539172016,-0.0073098869072585155,0.018031978140862923,0.015871440918970293
2021-12-03,-0.01677655193723807,0.0067122429692525925,-0.007290870314528553,-0.008028306467196647,-0.008104057631039304,-0.030506788207204965,-0.019574810497302784,-0.008479921247281644,-0.0006726770174181125,-0.016998831828623814
2021-12-06,-0.01597834332517496,-0.010379798990799792,-0.023464637433751517,-0.0064625590742658535,-0.016730081441363724,-0.0191375933623664,-0.029310947715630017,-0.009468160245908377,-0.028997976875485863,-0.0170634066106776
2021-12-07,0.006525557502928822,0.008629546468868501,0.009598164440380034,0.014457863618114141,0.024205033547051225,0.008114749507440908,0.001790135399131521,0.03476329143537908,0.013509617063479902,0.012541528851292694
2021-12-08,0.008150600571696157,0.014876823770325528,0.02407037702666865,0.018250302041069196,0.03067627541924695,0.015104442742139903,0.02305636515715313,0.025202098912843165,0.011759335355707109,0.019300563561194882
2021-12-09,-0.0003632194034373242,0.029558068410946634,0.005743777466268127,-0.017496744690547763,-0.00591725456564763,0.015735206424643336,-0.001679407106890997,0.002121413903009646,-0.006958546308349404,0.045407942522113165
2021-12-10,-0.0029748325779378124,-0.003410469966194525,-0.0023844089905023704,-0.0028201409801565736,0.012305144506250905,0.001017237747926209,-0.004562667155686253,0.00396568619934138,0.009684341370844477,0.0029691931974703627
2021-12-13,-0.01227051693969142,-0.006372374260265746,-0.00833359500158162,-0.007515610050722311,-0.014045990354707397,-0.02025292453911359,-0.010751245745267564,-0.005291084130483047,-0.007493445933362689,-0.006373375516466766
2021-12-14,0.006035428180463505,0.002253712962336961,0.004289658475018742,-0.005773870784810905,0.0015362780174273138,-0.012318002889131503,-0.01649135452672975,0.006148209876250751,0.0039126491649141525,-0.025908401017131235
2021-12-15,0.001142321464241865,0.00806098302103985,-0.01029752021487771,-0.0016319287752543878,-0.007705376190809448,-0.00292407269592702,-0.008932165673556846,-0.008471745310585123,-0.01485949724855357,-0.020104345162194427
2021-12-16,-0.004945455813360608,-0.0036755205483160755,0.02133686867110444,6.652484846859516e-05,-0.007557384127249344,0.012852900725859807,-0.005926059824418505,-0.014865758152458677,0.003145971134986973,-0.00514593419468536
2021-12-17,-0.034917265535325884,-0.014404891648026512,0.027420385930952848,-0.018196628113964077,-0.02813830865972121,-0.02674899933097864,-0.02278480586953096,-0.017490027242052453,0.0007675536811801427,-0.022457657263710806
2021-12-20,0.017269493372861117,-0.02619140229934232,-0.012127875453823853,-0.03270705729488057,-0.04057244832742956,-0.02733059233580233,-0.01177995429205208,-0.02551842874663903,-0.007687981380304581,-0.02579444922096296
2021-12-21,0.0016513155747915516,0.015550768139487105,0.007034861533685537,0.011264322470741068,-0.007149330326255722,0.01477586311988209,0.013205312612074438,0.014542648686361934,0.014347404164566344,0.00047085948961744366
2021-12-22,0.0021093780901390085,0.023496785141157932,0.007205161845486913,0.002355334979409536,0.02184491407543335,0.023454392920564508,0.026263680667390786,0.017135576669494872,0.006202534125285633,-0.0023556949802751885
2021-12-23,0.0100475706155035,0.003973899056692101,0.017869735533628833,-0.0007614610613519813,0.012968023017483402,-0.00035921912097325906,-0.008800994033436978,-0.00204902384669324,0.008761281252432888,0.024692454294831957
2021-12-24,-0.0016092252963480031,-0.010193097880709538,0.0031712112998360086,-0.003607133305890831,-0.010557919787207277,0.00318699125611346,-0.0025077268351504567,-0.005759773211025092,0.0022362515720034193,0.003216292729632954
2021-12-27,0.0019350373725972813,0.0036504479998714103,0.0014210200158060518,0.008236012058676277,0.002404308595565095,-0.0010753400426484116,-0.0019218495845719954,0.012166105786592852,0.006841271702798647,-0.002066435243276339
2021-12-28,0.0033405444326026807,0.017686402490342583,0.011640542282925676,0.006869055530656425,0.0068536229038562045,0.011806408486820312,0.00634312363241572,-0.00027181367993803554,0.0028234897889192726,0.011426083199832578
2021-12-29,-0.0009747219199824532,-0.0024510533028078915,-0.001298387837338519,-0.0047689254205438335,-0.014854053435731278,0.0017080982508011011,-0.004716752596318446,-0.00013589178792803861,-0.0032022343928729837,-0.015110094162216661
2021-12-30,0.008094975126631123,-0.004840576144313042,0.0038639158669707932,0.005248068275566318,-0.00595955244854344,-0.018229764363285078,0.0036868996821894854,0.0,0.010513716342464776,-0.003466135643842178
2021-12-31,0.014746901074089259,0.0053946940892480606,-0.002697984433088632,0.012173440701096267,0.01918607737149983,0.0038288411596367517,0.006529006241055411,0.006030444801190982,0.0012313970809917755,0.009445991521472921
2022-01-03,0.0004872884456666598,0.014114657875857264,0.005652107998537072,0.026843387873138714,0.022229000023146487,0.014962465889507134,0.010908407714431231,0.032630711724493736,0.021016661978248318,0.004803716730353086
2022-01-04,0.01677695039538169,0.007615860209223761,0.00036859773126125134,0.005839539106892003,0.026617915251515075,0.022317191219980437,0.008856912935474482,0.010601436049172562,0.017397553250381347,0.005235038795827852
2022-01-05,0.006041161941429418,0.005686892179932209,-0.029116706638264767,0.02347025406720072,0.018240046626277442,0.004667446920619115,0.0036495699353451387,0.019476513493642933,-0.006145320797498557,0.001361010436833536
2022-01-06,-0.010151568901120367,-0.01244491056575765,-0.014662597812065681,-0.01616974504535683,-0.0014224770825725442,-0.02173597023735866,0.014747780281195288,-0.0038141777020856546,-0.013953729664882276,-0.00842337150809449
2022-01-07,0.010296592065648627,-0.010236790079460961,-0.0019272725115624788,0.0069895251306007055,-0.0009157132474134494,0.008037146953537473,-0.008055882010801011,0.010391103466122525,0.012022143723983659,-0.001372708520446919
2022-01-10,-0.0037737165085405732,0.02498841698404434,0.019891330166310294,0.00553117348772163,0.024928418254599762,0.0008207246869801386,0.00035467438928533544,0.021821314039264364,0.00681472211649513,0.022187847383713866
2022-01-11,-0.001413401050716366,0.0041131336817872175,0.0026170216904049617,0.004319949281495373,0.004556320260603039,0.007172756680962678,-0.0021301132526627634,-0.00012340607296174353,0.00924873071980259,-0.006063919256712978
2022-01-12,0.003944428498485262,0.006632142844671721,0.011706413115045566,-0.005924746567097861,0.0084628806258839,0.02634450262367694,0.03732171398959065,0.016030715658613363,-0.01440387274072129,0.0035978546182214295
2022-01-13,0.00043515521962658277,0.02214192321475892,0.010253713251295671,-0.018576521222071436,0.002153493412906681,0.005616732494174487,0.0021886208952755486,0.0011525858151815896,0.009796641071271388,0.00537266996736115
2022-01-14,-0.021139863911870064,0.012970495917507124,0.01701506838566009,0.011161489124915411,-0.00588408025927578,0.0014584225035605513,-0.015422941792207384,-0.005715331373599759,0.017862004715372592,-0.006046179055538321
2022-01-17,0.010876994774110256,0.011983173952724066,0.00524696727790309,-0.015424374967728497,0.011053106740612079,0.005204858907025289,0.011040642298808247,-0.0008540261824973097,0.012770535396631815,0.008944533072895847
2022-01-18,-0.008426136759402063,-0.023072797930308128,-0.009714472768682746,0.00508065137640384,-0.014106886012588624,-0.012002418566964079,-0.019751745416279293,0.004627333920447314,-0.007128961832944422,-0.01729026809365071
2022-01-19,-0.025474536591037752,-0.0006429828933934822,-0.028356126647632426,-0.007087396265472646,0.017602714784850333,-7.930509078710678e-05,-0.01502098543583171,-0.017773297014814525,-0.01746008420667347,-0.0018135637358613888
2022-01-20,-0.02104338366955388,-0.008647314603302021,-0.023492263226366255,-0.006242795309403859,-0.008567061500805554,-0.017663718021298704,0.016489798542011335,0.002038553165811016,-0.02276210078204547,-0.007287590888953475
2022-01-21,0.027730991703733394,-0.02396847870159754,-0.02105697814829974,0.008315296493407662,-0.017158385940581194,0.00016132131656856124,-0.028570399445404158,-0.007121984642023824,0.0018144289778952664,-0.0078019535283533545
2022-01-24,-0.017700934577809847,-0.029125877990693508,-0.02776600334096476,-0.023237098298050624,-0.01715455969820584,-0.04117341123694909,-0.007724843124924351,-0.00754850502243977,-0.01634511898359651,-0.024485253503392035
2022-01-25,0.018496311333336003,0.013280458504698738,-0.008470811409229327,0.0009412298635674753,0.04064801078186726,-0.001957431467801812,0.03132057660991307,0.003999679733254717,-0.00038464399449910996,0.011734468586402098
2022-01-27,-0.01380198624240565,-0.007533624244627698,-0.025613449129028115,-0.008842509626930967,0.02740688445748777,-0.014921785575888304,-0.0064829963192720875,-0.00877029006609127,-0.0325268510532074,0.0013989529158378129
2022-01-28,-0.005154171255063094,-0.006984483212750384,0.0045173946924453685,-0.007964207525101933,-0.010452559127298611,-0.0009627621265947686,0.012016526811389289,-0.01713450818813336,0.011118405554179,0.013882576720836936
2022-01-31,-0.0043007287465697585,0.006120645284577137,0.029221258764338877,0.015226152708285418,0.02797455048309727,0.02149403336112739,0.018684340830493664,0.009745536043356425,0.012442366307209912,0.011877864449892816
2022-02-01,0.013931962801380657,0.041701628233528416,0.020438337902498167,0.007577116779213081,-0.01120880938460184,-0.003315706988515703,-0.008606738215365773,0.026891729885862706,0.017089781803780433,0.033712297206347226
2022-02-02,0.009603928929756474,-0.003926484939667573,0.008457007760522295,0.022588550677817072,0.0139914439643945,0.002036743111524073,0.002762230890562375,0.004248554308765542,0.014510110845337099,0.019135045845585032
2022-02-03,-0.012862078457573907,-0.025050101390063313,-0.027542719262187525,-0.010405226618865296,0.0005555248309259534,-0.013006077740910029,-0.0047003250643100685,-0.00591597152446629,-0.008228339182471107,0.009858753533107978
2022-02-04,0.003670337538202143,0.007368179220524031,0.001465703867998157,0.005692076997414178,-0.018311332950416738,-0.009158804280677545,-0.0020113104951584647,-0.004832729247290016,-0.0025394813400273558,-0.0006400528863642587
2022-02-07,-0.0214722737356474,-0.03311497095498911,-0.015104092184791357,-0.03733552407793078,0.005547686929169474,-0.006109496172672935,-0.019205839016441413,-0.023438840194109533,-0.009455106393821838,-0.01765386169354142
2022-02-08,0.0029854222089030907,-0.004733955187581367,0.0013402942339685,-0.004300158165373378,-0.0035695803234432966,0.016669931584085057,0.003391415986696905,0.007726930517504788,-0.009451694888204276,0.004550836329554673
2022-02-09,0.005856173146557069,0.007013234950082533,0.011578749556175737,0.02416094747096003,0.007312970730005583,0.011583640605923706,0.014633420579665438,0.012913123711170843,0.004557670936867792,-0.004768052240413287
2022-02-10,0.00241178937429774,0.0064382671385295204,0.01842149547916918,0.01819620286793902,0.009853304099638645,-0.0010284011566444656,0.006512390054313575,0.003357620023378313,0.002602579004428212,0.009083103605834827
2022-02-11,-0.011076401005469345,-0.01577340456110084,-0.02764481952332542,-0.00410644087968037,-0.02046525436281875,-0.0019549526541265544,-0.01236794274730792,-0.018418256852593653,-0.020200889415517825,0.0008608971192566195
2022-02-14,-0.013128109659086494,-0.03937566555605762,-0.02300623571848097,-0.03017728585329632,-0.05471774710977099,-0.01605554494545319,-0.036235724075246764,-0.0480506118380564,0.010446185186999461,-0.033816031049268655
2022-02-15,0.027244284174095218,0.041937561294823233,0.03277636952907744,0.02948576487011541,0.04561306212462614,0.03338886933233972,0.031189017772987986,0.029222534626975202,0.02226118054735981,0.016047398869051994
2022-02-16,-0.0015733579049130597,-0.008215933497422624,-0.0028516507264860417,-0.0013516888813777128,-0.015554805769321927,-0.00206983897804559,0.01430241082439831,-0.015583670194613219,-0.0012317571816649858,-0.0011218361655441686
2022-02-17,0.009164147540331905,0.004290279063253978,-0.004916161464316037,-0.006121287666812278,-0.007283986506445654,0.012581175315944576,-0.0066722768767959835,-0.01809343728042333,-0.007608082706781343,-0.0004490190911951448
2022-02-18,0.0021644350689419005,0.007676434519975971,-0.010402983656607825,0.0038756177775722883,0.004570690845650642,-0.007847278570871974,-0.006225743605392586,-0.0019343379704593133,0.0025601303065702474,-0.0033740851940073455
2022-02-21,-0.007705077353466027,-0.010221476754518583,0.013817783523368838,0.006426312810853129,-0.006717459574051368,-0.01015695211827407,-0.003655542975182185,0.007383540318869774,-0.019832206313739418,-0.01773192899245674
2022-02-22,-0.010887877518984495,-0.010516776498493948,0.002106866712629913,-0.007517840548735447,-0.026628698438350806,-0.004552279204905911,-0.015186231870529579,-0.004183940770473897,-0.0364134789238419,-0.014554711534716717
2022-02-23,-0.004216145627955965,-0.013179722371706603,0.004888917803780622,-0.006508163778519989,0.0006017229049585186,-0.006277506684689296,0.007338108408785972,-0.008957897946130392,-0.00632156332309532,0.0051067000432935845
2022-02-24,-0.040169735288100514,-0.03519442631287378,-0.03782961654671117,-0.055830835251152185,-0.053649689942672496,-0.05111497666216169,-0.04872621892788449,-0.05125086990235503,-0.046566764622641865,-0.03510780125877697
2022-02-25,-0.000322219171976253,0.011147699225068284,0.009754560267308048,0.02552755156927711,0.021558133040837146,0.01242405997756716,0.026113071863707926,0.031516754298540305,0.03441353473296964,0.025803126034184595
2022-02-28,0.0006448218810118421,0.022094465640445843,0.012316228124801898,-0.020713035195321902,0.0005174759073607489,0.03256452786821666,-0.003127107701752944,0.0171790912567617,0.009455784346850531,0.008841513856031168
2022-03-02,-0.010645321488849582,-0.017910911234395317,-0.007488880511765493,-0.03714061283307696,-0.018696093244004536,0.01639348288767221,-0.018005260759694917,-0.038219511819179444,-0.0022672250556118245,-0.002551317061065145
2022-03-03,-0.027406863477135095,-0.018208984842272874,0.010544300433534673,-0.0023675683709277764,-0.01454919508600815,-0.008478480973823345,-0.0032682437102519546,-0.023423847186488368,-0.0004939282975928398,0.0188640138275241
2022-03-04,-0.03479242214011385,-0.02341301733874163,0.0014228890334580743,-0.0032879376996675118,-0.011728713478616143,-0.02242931700111225,-0.027684048888479886,-0.014787282173033323,-0.005672494161352965,0.027423684848890652
2022-03-07,-0.0381279536904423,-0.046209948233547696,0.009557695060791863,-0.030990991713750166,-0.04800038122583997,-0.03768160212476569,0.03265652887390647,-0.05113649067419281,-0.011257029587859985,-0.002441919118028871
2022-03-08,0.002594485713844361,0.014607329688452695,0.02180275432917115,0.0022618187952221764,0.0,-0.0018101288959240928,0.011189816275210967,0.01706202527672155,0.032480792151084105,0.008631272240599895
2022-03-09,0.02478012442300926,0.019376817768609805,0.01957433676724802,0.03212642744191131,0.02556203581319031,0.051693629776842456,0.012368195803328716,0.0036774065081132674,0.009028639224194035,0.010303611334675613
2022-03-10,0.050768860556345,0.021789932164668988,0.006897059787413465,0.015594464718254849,0.03694462957004073,0.0160756217146478,0.008997752439430594,0.013615764544218369,-0.0032122582609472204,0.011924176824140119
2022-03-11,-0.0035984047855285597,0.00026053419168168467,-0.002138207020880098,0.0029397077555467564,0.003514206087749315,0.0028803768823025783,-0.004164977417644011,0.0019196544088982352,-0.006038577603854697,0.01857639107770705
2022-03-14,-0.01690091126264725,0.010416025159909541,0.037012326343751095,0.032228390616729774,0.03098097593992065,0.008177603248398274,0.007955739128955855,0.026565313546032965,0.012109711314762838,0.011149966322191033
2022-03-15,-0.010299123882617282,-0.0018909545214675018,-0.02756195115825188,-0.012942451201527164,0.0014418055532788411,-0.023169713457350773,0.0038474154102979287,0.001722249923222598,-0.013569606847820838,-0.00482347962642445
2022-03-16,0.016519585489741636,0.007286442737425584,0.026874190972374142,0.016816959675639665,0.014102105706961583,0.016741168794951227,0.012578846601017702,0.015156717430747025,0.01710438068772343,0.019773799590133184
2022-03-17,0.014326505770304424,0.01788935519883444,-0.018590371978455096,0.021789072638114484,0.018398942635359277,0.032080289777031396,0.015193040062356939,0.016945919771630978,0.004598473434692884,0.009436029273741472
2022-03-21,-0.024488088597339856,-0.017832384115812405,-0.0008360888392815703,0.004348400942711808,-0.02277175380769055,-0.00577880690535927,-0.020544443055810477,-0.01306928084624109,-0.012617617613053909,-0.0016346758076189849
2022-03-22,-0.028533113686401525,0.010055755616344114,0.018367472032733558,0.0051331808105764525,0.006298794350916336,0.025508686807365177,0.015482431638023918,0.01042729935390993,0.02026643724851275,0.021245139062548327
2022-03-23,-0.007527552695475222,-0.0038404286951962785,-0.007979292958864116,-0.010022352236555012,-0.006196932613381149,0.003175331802217771,-0.02008205240129792,0.00013920276087222948,0.0030889214606275098,0.00896866118763616
2022-03-24,-0.006414125517347393,0.0024302447529068005,0.007608179290793795,-0.02505354607114547,-0.007261652874664501,0.015416989884610873,0.001983872938038805,-0.0198247705400156,0.010037436987312943,0.011246033406609186
2022-03-25,-0.006583639399012001,-0.011610766559270999,-0.0053943507723566856,-0.008177981855362464,0.007363572225542127,0.006647986325135191,0.004238263817003833,-0.007054131444550239,-0.011371563352636548,-0.005903373470230813
2022-03-28,0.011252473187236336,-0.005440006555197407,-0.0014130650767580153,0.0013269092777306222,0.013762601285431062,0.010004307179498434,0.03286488712446901,0.015749377727822436,6.730066499499735e-05,0.014498927131659747
2022-03-29,0.006032016607051474,0.0028954595685816934,0.006436385384715748,0.01317377405644276,-0.0050378549925164905,0.00022879240467911472,0.02943760002741209,0.006944197422973488,-0.0006339024404507889,-0.009577044675544653
2022-03-30,0.014414626955302082,0.015311776333747945,0.009472315357723448,0.017174785568912658,-0.0014151351383390816,0.019035674392126313,-0.007245270904109062,0.021574817672796204,0.007045857212793132,-0.021437833708987858
2022-03-31,0.016115241709663167,-0.003360339944333675,0.0015221439405193732,-0.004478687725613632,-0.0015184611137881877,-0.014394572590487976,0.007245270904109047,-0.0008213564848561578,0.0022486021317452243,0.005801707471927373
2022-04-01,0.01429707620188204,0.01262046295809622,-0.001732015049342883,0.023956682086416506,0.029250933454142324,0.007976513901217364,0.004691245713385906,0.008114398016604478,0.005014346039511681,0.010516950375391949
2022-04-04,0.023915942127675237,0.020047887488701243,-0.010880959617827096,0.09543100324872385,0.008230522812450744,0.002951391365534292,0.012186443544898113,0.0139597055992539,0.0030812320297585617,0.008452218671937795
2022-04-05,0.005318500249057552,0.005297147716449668,-0.011671944582155995,-0.02974149026311234,-0.0058719869246151345,-0.014235221718931159,-0.0015640745551970172,-0.006449949187542722,0.011720490282443147,0.015537214296338833
2022-04-06,0.0010509002776394674,0.009081541024507341,-0.01748048973799265,-0.03634342860918856,0.00889244168422261,-0.0026693520584916233,0.011736296491625796,-0.0002695184683335429,-0.015706915210029242,0.0005781048778178928
2022-04-07,0.010564658642169664,-0.014406046146722912,-0.009808131233298049,-0.02223333141040202,0.00194366608925513,-0.01779742113837081,-0.0172301077830716,0.009327990596882824,-0.019141478579525625,-0.011428813969167837
2022-04-08,0.008395030209789307,0.0024336369325048445,0.0019859812315184814,-0.00138535139586547,0.002230827109358093,0.016498503411058935,-0.0003934963454098801,0.007652114554604608,0.00040704452084272226,0.042527332790265035
2022-04-11,-0.009203750194383511,-0.027269882907931496,-0.02683653035771505,-0.012289335273954424,-0.0023278818668473187,-0.0020856665383247276,-0.00532852360058445,0.007001825355449803,0.0029124143211805213,-0.0011208987538093565
2022-04-12,-0.01434154206906533,-0.01915521074332984,-0.013736355077394527,-0.0017727797288306691,-0.003989328747641906,-0.019009573876551365,-0.021871892041890908,0.005579422868592237,-0.0014348135547456373,-0.010144817613880487
2022-04-13,0.009289477185366593,0.007467655494644034,0.0034946830426369696,-0.0193013524270038,0.00941258296214491,-0.003677242598528346,-0.0013493336522048323,-0.0020968093691437367,-0.007928752371541472,0.017779029951686034
2022-04-18,0.011779234809562986,-0.012831897022818988,-0.07549696386283365,-0.04860401687445888,-0.0159661116558797,-0.00306148832687901,-0.01516875535507514,-0.005855173540095286,-0.037250449034936586,0.0020383586279644423
2022-04-19,-0.030113987078882232,-0.018931475035678182,-0.03732297163162271,-0.03890694976224088,0.004504057885144376,0.037403124027584465,-0.008258702564606644,0.011154256587686893,-0.016043644191040974,-0.03216667478831334
2022-04-20,0.024264724290661045,-0.008329964449211042,0.01631931075115685,0.008974633987617034,-0.004896618544867339,0.028979859024439426,0.021670699165856337,-0.014127727896785526,0.02415957571563609,-0.0076762050432720936
2022-04-21,0.015127767719507159,0.01344665714626075,0.01939885766933892,0.014696047873161814,0.013650689356125041,0.023144291323973228,-0.004880862728459961,0.008959803686406686,0.01999945737528056,0.0032695805973357605
2022-04-22,-0.03283596894069528,-0.011822420565798877,-0.020816828517264206,-0.01373668635979735,-0.03088057051125322,-0.008410228953797345,0.0040689959091085364,-0.019470716293298912,-0.004446793287679613,0.0026846900666058237
2022-04-25,-0.012394538693973473,-0.0220791517759497,-0.015477653365372624,0.007459717771793593,-0.011754763863680663,-0.023397562565495477,0.0008118668193514229,0.0060671877305160955,-0.01797338474703427,-0.022660112663608893
2022-04-26,0.02240566394501826,0.025378742610579735,0.012667035615941324,0.004602230713806994,0.0214955065024262,0.02948675165360351,0.022666666784172722,0.002058515389168694,-0.0005357331122162302,0.014391552674622964
2022-04-27,-0.0015139071278476484,-0.013562457895811075,-0.017997948873788926,0.00036444434286055723,-0.01645517955683614,0.0009722898189391861,-0.005036990415286061,-0.022879973854218544,0.0041926160611409835,-0.005615518659862298
2022-04-28,0.04411512953309184,0.024851869957188095,0.01900917520483845,-0.0008748325899239665,0.020403794272527552,0.014826504028256157,-0.00686752395442246,0.014085150208189788,0.006465948737968796,0.013884078648848292
2022-04-29,-0.003127204696875258,-0.014589002896007137,-0.009555040619011688,0.009615614808356474,-0.022316148535193467,-0.010552495391444297,-0.01123560494997667,-0.00516621298051576,-0.010545804618222288,-0.005954270663941559
2022-05-02,-0.0019483431088191676,-0.008832854333868064,-0.01708222010368487,0.013700355586307264,-0.010736419791953042,-0.0035184147139589003,0.0031748685956097507,-0.003099069135882685,-0.001213153255175306,0.013774808214625598
2022-05-04,-0.02678476703609153,-0.02746600299626023,-0.003543076945000772,-0.03457234994641942,-0.023387535129853185,-0.031715697574649655,-0.02589371346428703,-0.02286395350255783,-0.017843971824405537,-0.013004639975305024
2022-05-05,-0.0022818061891762003,0.0022619681393826817,0.03179053182827022,-0.0022519442194296256,0.0007295680009544432,-0.01977743314941301,-0.004787268305688036,0.006262688250247602,0.009623737374729963,0.008815753890226635
2022-05-06,-0.00806352855795652,-0.009324985892245589,-0.02704781294712188,-0.026475301961674188,0.008195420250660416,-0.00769732352631041,-0.012174736176067527,-0.013190322105679877,-0.023266105273419,0.01740165503641232
2022-05-09,-0.01526101159848502,-0.0038904326683998082,0.017667205324162407,0.0017060337645821595,-0.01677390204930648,-0.03983835409564823,0.0017583677857914012,-0.012451291120462418,0.0036347154595427708,-0.013972982490890328
2022-05-10,0.029673591193814297,-0.005086734371515755,-0.01110993895975004,0.015934765601507982,-0.0014719024968031277,-0.017485017954419226,0.011389611067480319,0.0013364613245737881,-0.0018447387754203346,-0.012244426435748535
2022-05-11,-0.007781085106257733,-0.023375107438094508,-0.017047268813301816,0.005614254585085539,0.002836776921583404,-0.010296790654410087,0.0044366793277170954,0.004068919280215931,-0.007809439473198038,-0.01591019993132875
2022-05-12,-0.011482200171909833,-0.02883676354500553,-0.011826714645884535,-0.022799549871428057,-0.029601774067804103,-0.020583547929573825,-0.0244366290294172,-0.026100903390794718,-0.0009821977863448757,-0.010815091264285263
2022-05-13,0.025526991804223742,0.005456417594301877,-0.002920554125097537,-0.009019421082690533,-0.03968330868570964,0.011272366466524044,-0.022218402931899625,-0.026874215313008657,0.0018318189752834157,0.022288207622628654
2022-05-16,0.010495799847879517,0.0054591899788332485,-0.010222231474615304,0.010591404083152055,0.02300993109006909,0.0002473198102614376,0.004771888208514692,0.008306797019170963,-0.011219789687003072,-0.017554560114166295
2022-05-17,0.012437745277127136,0.03889894921022042,0.019518229269149548,0.00679633758927331,0.026673917986502087,0.04114500623658472,0.019782832467581404,0.03877005869274861,0.021909581112719012,0.040869336431332656
2022-05-18,0.02045722821012899,-0.019896017754518883,-0.006110302642318,-7.605550446058363e-05,-0.02010217555646038,0.003630795092725921,-0.015536284300907666,-0.0037392956247936197,-0.0008118366841371189,0.007902144676471129
2022-05-19,-0.011786599554747501,-0.015735442626566218,-0.05590010452448638,-0.020646960983502317,-0.02319260277529978,-0.02331610936708722,-0.031964184392609486,-0.02439919434397726,-0.055701043433999814,0.032632480820603285
2022-05-20,0.0267523108582983,0.03936489071659422,0.019429371946073467,0.025998218368183088,0.03275369840091048,0.05667328830648488,0.020042487873857213,0.027504553553142366,0.00947380515556568,0.01565786616663916
2022-05-23,0.02288796495609511,0.02092736646221762,0.009064320158488374,-0.012914573701152326,-0.0032491703410675835,-0.006709592291056339,-0.002984462673482539,0.0021118553759101907,0.008692809662191993,-0.019838612691390315
2022-05-24,-0.029920520588795196,-0.010916082961803549,-0.018836078326527846,0.011399400729951789,0.002491894899793192,0.003427397365299548,-0.011216628656917894,-0.004086893146403441,-0.010212394376403955,-0.01338591472629577
2022-05-25,-0.0047521069860486,-0.03221089409265116,-0.021428493511442617,0.0074405488540303065,-0.0018699483288692504,-0.0014729152061979678,0.014637204265056793,0.007316286918214695,-0.030575992659055567,0.00680696251318251
2022-05-26,-0.008080530738960527,-0.006498290246902747,0.009525972319295077,0.028122550179789322,0.03207202597360269,-0.009578595845672878,0.007887999012232205,0.021015362392612726,0.0185474767058321,0.0018418188657940008
2022-05-27,0.02186242731021414,0.022592857990945348,0.025925853832620527,0.018378502895168947,0.00010668913196375855,-0.00464922603014193,-0.01342498273531477,0.015392285437283848,0.010588387787130464,0.009330129272181601
2022-05-30,0.007842600857045127,0.037138404072543596,0.04381357948896403,0.0068013534717059594,0.011976221901288827,0.03424061532319339,0.02117969379295261,0.011691378696984455,0.03434359463568165,-0.0005573252842188728
2022-05-31,0.001829156898145323,-0.0038307424812308376,-0.0047771516930162706,-0.00903085393275319,-0.0137904343616132,-0.01213814016112395,0.0016439144137834938,0.005794743979295046,-0.003234694542342163,0.005929145303517508
2022-06-01,-0.019221287000924212,-0.003936344442697141,-0.01680030483387721,0.004238946502059629,0.0004271367143757551,0.00032294361076250146,-0.007957840377241648,-0.00026556205713136014,-0.0027233401138797367,0.004424088936963012
2022-06-02,-0.01029763883063244,-0.006605533713137287,0.019722279775388776,-0.0070146300690590024,0.0033044176349836035,0.03389769675688078,0.0018695187706089355,-0.0038606521041680336,0.0200061080987954,0.006051187649839911
2022-06-03,0.00312452678461737,0.009059964511115336,0.009043927446131333,-0.0034713889888491533,-0.011451873803058217,0.020059467650364905,-0.013671642925839531,-0.007295574506042308,0.004997545329074617,-0.002929387865781959
2022-06-06,-0.005008302833994604,-0.007198808230255861,0.005472387305031752,-0.0013413655229352003,-0.0017237825040938063,-0.004308493632094403,-0.005184540474084859,0.003286247407645673,-0.0026776860437909057,0.007671239952386196
2022-06-07,-0.030678556354400522,-0.0314300351999419,-0.01537868126365818,-0.011564880704265083,-0.0006472738898836254,0.0018771961179770461,0.0034350754628226315,-0.015519691916644342,-0.02009311559799738,-0.0032804035982498462
2022-06-08,-0.006600674918461215,-0.003087601981461961,-0.004456632095263634,0.0035164027641572627,0.01690425383289171,-0.017719983001114784,-0.03262937706865377,-0.007851415264319586,0.012250904370152058,-0.02214934699994999
2022-06-09,0.00029583833123788476,0.006635979491632385,0.009950231042142496,0.007504276891179383,-0.009272601691561357,0.027053081449606216,0.01948327284199868,0.0044452462058811445,0.00671935781857134,0.01095158071708299
2022-06-10,0.0010006130401607985,-0.00628894814194765,-0.025537774738305288,-0.019496277533861274,-0.010982069674879155,-0.03065695684324404,-0.004445329432659708,-0.017553350406810015,-0.019803261723034843,-0.002588064481047148
2022-06-13,-0.0013648083135498676,-0.03404067057643957,-0.03605681137028556,-0.01829979148963233,-0.035257550376596544,-0.019100006970905324,-0.0030492362319159763,-0.04546241065906874,-0.0426541232484228,-0.020569080268796697
2022-06-14,-0.011859340189035462,0.008190423367922573,0.011204178597638758,-0.01106661526581074,0.0050337758214465626,-0.013154646697808069,0.01588689071721549,-0.0036402472750763676,-0.0028148487563346186,0.003018288629080514
2022-06-15,-0.002535558040363024,0.010112874268286809,-0.012820250697423,-0.0034740057273928517,0.00722672696905135,-0.012173832811502246,7.33374745072652e-05,0.002549591280515665,-0.0013245546071442257,-0.0077527837806939245
2022-06-16,6.977569743403903e-05,-0.021343110461538747,-0.017734559284316408,-0.020203476182604,-0.021838547190227073,-0.014080199529574695,-0.041763113023651974,-0.01281374027058461,-0.020258195562881363,-0.010303569418038649
2022-06-17,-0.01703061386488445,-0.02482457089794,-0.0071106952181111,0.006573181328975146,-0.0013597435948783923,0.011650815587538126,-0.016258031127159303,0.012231552000175571,-0.017044396074454286,0.00992391826602307
2022-06-20,0.03969060992078193,-0.012256237120148348,0.019169075100111774,0.02481089360241254,-0.014388738531632814,-0.018293752418938516,-0.0042816686576156535,-0.0013111412614494828,0.007579031578981683,0.0030338106369751394
2022-06-21,0.004135759660950484,0.019178865998499064,0.024965908183146972,0.010832401282834532,0.03625682394818999,0.016013035657273942,0.020692517304393556,0.014688505118681947,0.031484162060473164,0.021723613535238093
2022-06-22,-0.0009755048618069586,-0.014467913845332789,-0.008763016204632797,-0.004724707361909401,-0.006901266369751808,-0.030849077795191995,-0.017654586491749367,-0.013741483907988072,0.0034188123335241118,-0.017190259680065757
2022-06-23,0.022333130686663417,0.010460703165266825,0.01052022252704856,0.003676710571472046,0.008342163520203432,-0.016356612750263417,0.02663153109418288,0.018113553649126285,0.026288324577480256,0.0007534373847227227
2022-06-24,0.022518133246278403,0.00036798686593868274,-0.007845145630239515,0.013871881850937145,0.0062938916101889526,0.014139245190519489,0.016524268454757077,0.02024695258120858,-0.004755940145682769,0.0013174984653016402
2022-06-27,0.00724405286499338,0.027025662812623377,0.022980167758983712,0.0018079703765918054,0.015184192397878375,-0.002964411391924076,0.018817699240726786,0.0054515162616444466,0.006537743739707853,0.015304525517671542
2022-06-28,-0.001293735866561415,0.010170686542835443,0.0037568232774058824,-0.007660587282520293,0.0065912855270936896,0.013963382120982944,-0.004102307573811252,-0.009876429350000864,0.0010401164733678475,0.00701379533830217
2022-06-29,-0.03700612188375353,-0.0023230766347078283,-0.011483576072857393,-0.0014499323666474784,-0.011155117706297922,0.020537799497015913,0.009715471881162938,-0.010686238297886926,-0.008367858760467315,0.008060028029829332
2022-06-30,-0.0012770121019565546,0.006664321947297813,-0.0009230730988916111,0.0030091166971066004,0.014702959965557401,0.005989460614212977,-0.004152234070508998,0.006312305208384972,-0.007136773263396546,-0.002008840379989547
2022-07-01,0.022935196825622384,0.00888063253088744,0.011899708971334823,0.004256380642513876,0.0020369803368626665,-0.07474997527658277,-0.016932159989117124,-0.004677189322502634,0.014585264596948611,0.03890419470131783
2022-07-04,0.039876049980573834,0.006056087792002437,0.005796200829699421,0.0014026338420904138,0.014038396445430824,0.002073711132123655,0.01246941394631741,0.022753759023436987,-0.024443677329527083,0.02620526911659299
2022-07-05,0.011011801830801913,-0.010678257305323692,-0.00813114343629117,-0.00225253812774873,-0.0027497254279458465,0.008067146456803525,0.0037325477139991347,-0.0009030320809757041,-0.005812823366226746,-0.017277423199606616
2022-07-06,0.03955706799311291,-0.005607125717240488,0.010581205401310679,0.013694140656299236,0.016385315553723953,-0.008833779900767677,0.013784395600808746,0.008994093353985955,0.013725688428410385,0.00833051973272231
2022-07-07,-0.010238809465455887,0.03470225858462784,0.0047149895122670675,0.017745104018825716,0.014068704519289842,-0.009895936697706892,-0.010356926412402465,0.021868149025638405,0.008276806116424281,0.009118337869834901
2022-07-08,0.009618105470596008,0.04630143613288322,0.010454459738342544,0.0009308634899029547,0.00369110881718458,0.0013807847357360978,0.012084603233384275,0.018295198269813486,-0.006836350536984699,0.003760610069947433
2022-07-11,-0.0025062656578832844,-0.014595320506268154,-0.027649397807664473,0.00645677354261993,-0.0007166101299321258,0.013498859559836505,-0.05105482429276706,0.01809651062952467,-0.04755378864504225,0.006632243932243054
2022-07-12,-0.01661933023408168,-0.005577720890755433,-0.023732544827817285,-0.01025760720262671,-0.006679350016512581,-0.0014245016653851733,0.0037021680201850676,-0.012554117126282169,-0.009389351477550347,-0.007827193771932667
2022-07-13,0.019485987200361942,-0.003938211045602657,0.004058144670063924,-0.024695347994163983,0.0031910787051035562,-0.01788281416352486,-0.02985308302986087,-0.00885606873586503,-0.015008291755597607,0.004601577250013254
2022-07-14,2.0058772203126255e-05,-0.0006679832101317627,-0.010858531792397479,-0.00502047344160865,-0.014805958357686715,0.008210104299182164,-0.0028789298217924138,-0.001062679281891673,-0.010614674854407358,-0.010942170173528394
2022-07-15,0.02791187315696125,0.023237243609288506,0.0010490803192167246,0.008108845537377495,-0.0005215690221933122,0.001937822057923153,0.015694724531120766,-0.0015962231027221673,-0.0013847711202341747,0.009240212707008068
2022-07-18,-0.005857307895583109,0.02508555289294292,0.04078966735914061,-0.01070257877289158,0.023108044692270034,0.008478547904894133,0.01711263873295164,0.027312684886684348,0.022747710028959294,0.005943814583148428
2022-07-19,0.005642918330743481,0.0012438239023405053,-0.0038663961470594833,0.00037072682158596494,0.015482288260986412,0.006111945891779426,0.014746450654631036,0.011142297568415569,0.0035027023457745955,-0.002373087379134427
2022-07-20,0.014132711303715559,0.005850532543048297,0.020771053272975848,0.012532033952366368,0.021162203525534017,0.026680985260763936,-0.003349301773682828,0.0031334669242904373,0.029029079425396804,0.01214572519088692
2022-07-21,0.001132115761392054,0.027103941040160544,0.011547952685130163,-0.003155105917454361,0.0067603804268608235,-0.006694235513124287,0.01141583922861959,0.003696461320451334,0.00394162040506015,0.004516959445835712
2022-07-22,0.012633488293994374,0.0014718071166143066,-0.017505147433520513,0.023064660842912314,0.003217118298144515,0.006734398856261766,0.0007367621726248005,0.017717445588036968,-0.0019847029548324307,0.0033329523267630976
2022-07-25,-0.0064586032114610885,0.008281331508383507,-0.0017939818198990177,0.0029399945023150516,0.007949623076647512,-0.03359735475936949,-0.0006630247023803237,0.00106180044874978,-0.0013412121351318467,0.001828390568404113
2022-07-26,-0.029592029178293924,-0.017658931094099026,-0.03550597357777782,-0.0020426369170429824,-0.006976645013907132,0.00045444126939519515,0.008366978566051198,-0.005760105784325365,-0.016187832477164273,0.004473245577895395
2022-07-27,0.013589247918640373,0.025594036928479127,0.013620180159793396,0.007612233433888851,0.026862571482158648,-0.0009501980813773389,-0.013539464119565709,0.005260552303385614,0.023142487783910978,0.005604943794998308
2022-07-28,0.014667816048575508,0.0025569236851093365,0.031021929829009903,0.00882592573792666,0.008014092953314574,0.01554482928466465,-0.011999475622253668,0.01746062624545695,0.022220200871499864,-0.002304078847894588
2022-07-29,0.0065809918113962865,0.003768145250566606,0.02106288941484992,0.012170971215191412,-0.007730170639914014,0.021081663158933815,0.016508404465484024,0.004898353803161067,0.01261749046772421,-0.0013189778218130569
2022-08-01,-0.01697790565487976,0.0036711216708142564,0.0008708867954336024,0.00829769791225843,0.010168560810683317,0.02572779790538168,0.02848158199453096,0.0058466649716066325,-0.0009392745054674962,0.014577191909207777
2022-08-02,0.016162399369458912,-0.012001973198995607,-0.00481487515137231,-0.01105555762424497,0.015523011252340436,0.0037989292271829087,-0.01107708786178313,-0.0068854949863149115,-0.0021243095748831723,0.007936025516312457
2022-08-03,-0.0033831461017825243,-0.0018143048315331428,0.014471047360783399,0.0023394304934613564,-0.002308584516361333,0.008360507937883774,0.009203394329621948,0.00858424810689737,0.01438639669371995,-0.005824293587032788
2022-08-04,0.0006091727665402839,-0.005434322973536876,0.021352834560287217,-0.001186456109337203,-0.014151380797693729,-0.013305750354501614,0.001657639324905312,-0.005531742637276331,0.0046157764010712745,0.004371367481804979
2022-08-05,0.006618019967744297,0.004120510727320339,0.010414858991940714,-0.0033928886592660616,-0.004134308660318473,-0.0148458956991866,0.013376962128562748,0.021647581994508083,0.0030060055252345143,0.004352460627372965
2022-08-08,0.001869682623907358,0.023334652128310544,0.00169970537793938,0.024230227653807158,-0.020258390187978183,0.01299719344639299,0.0009942328606011614,0.004490648661233879,0.002789676141527379,0.00737173979828913
2022-08-10,-0.0028527341676395004,0.013840910882161241,-0.010521975485344724,0.002902612921387843,-0.011013560865235309,0.005961780415997947,0.015356810315058282,0.014000315204190171,-0.006004168221676386,-0.0062466404939331465
2022-08-11,-0.011072215520140915,0.006447606686312649,0.010861553184150052,0.013143941705347247,0.01933773090389189,0.0033245100799243745,-0.007648970290218502,0.012818849877902673,0.020143043378667607,-0.016033938875027444
2022-08-12,-0.007199618013284993,-0.011148364334979032,-0.016086046929780346,-0.0003704074285296921,0.011274917456043218,0.01604131018900803,-0.00014085755645241267,0.016954435847220062,-0.0061400507385418164,0.0074821139049209345
2022-08-16,0.018914711170631208,0.0013261149954141185,0.0014730996999107418,0.011381710359410218,-0.008990766593448819,0.0069261489927808974,-0.007921889095915112,0.005531289218288231,-0.002605255748177849,0.006461108343084265
2022-08-17,0.015068468294351534,0.0036710733111371806,0.00611995590429115,0.005146034460245723,0.004174252393526409,0.005210386932335695,0.0264196793690348,0.004538966239724313,0.00247304089284326,0.006419393843994706
2022-08-18,-0.0009689654218114585,0.020719412935120148,-0.014612055997662214,0.0011913932792793956,0.007920812759257592,0.0018118753840694756,0.014078413855397416,0.0020924091846421756,-0.0058536760451864175,0.009869686574325472
2022-08-19,-0.01786898653958366,0.02166843915627217,0.008899307725643743,-0.012413818507906089,-0.022799652977479233,-0.01799066544002083,-0.0012283505008067208,-0.016747747690830043,0.0013300112876378227,-0.011630859604879485
2022-08-22,-0.0029842063347294123,-0.02903239773218106,-0.013521647271822526,-0.015320563564695772,-0.017545091220392967,-0.002777492103283347,-0.006438826645904484,-0.021073014716885836,-0.009257873816132191,0.007662842913846792
2022-08-23,-0.013009197425962137,-0.0019160402246527898,-0.021328221145134843,-0.003099290635361908,0.020519589073600745,0.015304688001496022,0.013650278517463914,0.013577240972392613,-0.021072484842773645,0.00475957035789711
2022-08-24,-0.0017368228333474788,0.008646299348004049,-0.00318202098752651,0.004798125272835535,-0.0049943250425968045,-0.002667148902753432,0.0015579071005227655,0.010822058612852613,-0.008945222527471847,-0.005714044217602575
2022-08-25,-0.005443529405410876,-0.008193602603113935,-0.012665319578586368,-0.005446408052419931,0.002116094112833412,-0.0029212512118292917,0.003041095503703995,-0.0010884368270495193,-0.01147771895484144,-0.005587177730507649
2022-08-26,-0.0010297386342578724,0.01453782371386148,0.0022370454328993566,0.0001705812635493965,0.006512150367031264,-0.00535235829730094,-0.013792467946096908,-0.0017210266208421438,0.0012424700103229565,0.0017593193423321065
2022-08-29,0.0016512486137801989,-0.012622649848201108,-0.04009516724511619,-0.017697114345882035,-0.017234470666651038,-0.007803371326116565,-0.014124004515872767,-0.01737457738713188,-0.02821709464992776,0.0020752664918808252
2022-08-30,0.0321094217044287,0.021557106790046306,0.021119724788817004,0.03192886177002918,0.03135728631327668,0.015394899789794152,0.008291970347933084,0.03608801605306783,0.02478175997010851,0.02192349595573908
2022-09-01,-0.020453254889670505,-0.004979907459923957,-0.019445003525761204,-0.00943124743577358,0.003851363042326433,-0.029838619543142594,0.011562419642320904,-0.014702403044774668,-0.02505323779150069,-0.00908968412127135
2022-09-02,-0.0009212470436349488,0.01429916186914786,-0.007678720006503859,0.00902752106720138,0.0063551888221281185,-0.011746686451225676,-6.800696786451759e-05,-0.0022325801048578365,-0.0004151106867957084,0.01732384298764253
2022-09-05,-0.0011530561698248234,0.014249958854795807,0.005696243429441652,0.00640823224686677,0.004090630534527838,0.015411301803352513,0.0073200904663389636,0.011454014231659445,0.0009578165511667162,0.01748498398378101
2022-09-06,-0.010630739324997215,-0.0030783363699257156,-0.004251849134620862,-0.0038199922034211817,-0.002043131990645538,0.010471078811768895,0.027771124338316754,0.0013588695193385218,-0.002028418105964301,-0.005182862257557045
2022-09-07,-0.0033086004138136852,-0.0021427288943678957,0.0017510263823781555,-0.004744755415725664,-0.009246846311381555,-0.005831772712008782,-0.010763836074055854,-0.00846661845160116,0.007185079335947009,-0.003214657739887339
2022-09-08,0.004881399949840612,0.008290083014462515,0.012442131061990951,0.01026886072548421,0.02190341460715027,0.0014127927399446947,0.021932819853680587,0.025466115865137216,0.006345879057261042,0.011585562411028644
2022-09-09,0.0044716907763969705,-0.012563476742817088,0.023933946838061538,0.0006674961769975318,0.015847366074477686,-0.006246768590198187,-0.00527498157841697,0.002722146801626212,0.015030155269118944,0.001817185633285911
2022-09-12,-0.0032114684701555246,0.006212204729119269,0.01611003878358376,-0.0033754428413820896,0.002797237453707073,0.01112775137383472,0.004430229942313295,0.0065802703455661625,0.007831942969930951,0.001209327385368515
2022-09-13,0.0023999842159366652,0.014899436264459508,0.005679745648437501,0.013004613365694829,0.005571110167533082,0.008317597848725008,0.019441838027799224,0.003081674598583514,-0.004202150376785601,0.010521681208682509
2022-09-14,-0.005893830570939824,-0.018985447498481942,-0.0460623567120818,0.010224538779756539,0.02434272086414604,-0.012058219588341308,-0.0011483463137410051,0.00886170418579791,-0.03431999274964982,0.002837008101644568
2022-09-15,-0.004287082939946536,0.0018407487271338723,-0.029298612183132837,-0.005214429982430422,0.0006995405028018073,-0.009959238096629368,0.0022316289114169864,-0.0005448136246985765,-0.005156871042044859,-0.0037343705928187558
2022-09-16,-0.012675743228398602,-0.019342902360137054,-0.03968685875636175,-0.018550575722103096,-0.018255569746444416,-0.025090603894217214,-0.006965909272744701,-0.009306504101568617,-0.03129614727350589,-0.008416005942032139
2022-09-19,0.020011112306883037,-0.004855513697752856,0.009575746762509609,0.0065768344991329695,0.018430206226588905,0.0012994821034746085,0.0039681682197182395,-0.01094955807434818,0.0066582901015308504,0.01289555808314936
2022-09-20,0.0016656145473958634,0.011448291196549505,-0.0012593827721621058,0.011973741222970298,0.003140541647146607,0.00015983447665827478,0.011937419727095928,0.01932936782804763,0.0037898919420169493,0.0011910706876701867
2022-09-21,0.015383136196598778,-0.01935623462524252,-0.008171325646516943,-0.0015463931324167827,-0.0076066131279493455,0.0027532113248985037,-0.015200498065679285,-0.001637537284250283,-0.012944024216434856,0.014624650218303765
2022-09-22,0.026015489098961585,-0.003937785661719997,-0.006775428999029463,-0.021536248836243856,-0.0042216807567001784,-0.009468037991396302,0.004986224079320176,-0.013031770230462482,0.0020636657912394907,0.011953610329871417
2022-09-23,-0.003981593185549318,-0.016742572344959128,-0.0018293065521624943,-0.02718316676631716,-0.02987966616590778,-0.01892208666810628,-0.016394334018852888,-0.02369004070927149,-0.008464895385840715,0.003904960613646433
2022-09-26,-0.008048627385744854,-0.0029123143064398276,0.01078057883567082,-0.013575712604578873,-0.013347047084740483,-0.025806706440348978,-0.021358247665620906,-0.024322942103986396,0.004132643409877066,-0.040653663934229985
2022-09-27,0.007004022366942939,-0.005551569801319894,0.009589857500979451,-0.009012614545347266,-0.012594902786049756,0.007918533124824568,0.007323580634213239,-0.00992068275525541,0.007668514851120011,0.006742049139621235
2022-09-28,0.00849236606855681,-0.0031278526017643874,0.0008248268097247112,-0.017336616613240586,-0.021954185661310348,-0.02698571680975407,0.0011169473144698688,-0.0035839229138259557,0.006013502883646812,-0.03001128268675918
2022-09-29,-0.0005738012273681331,-0.01092881162298197,0.00282822945660655,-0.0051949729886264385,-0.0059238430968383,-0.003070243520753215,0.004193738150726203,-0.0066138804386644415,-0.01271394900585706,0.024621040633221007
2022-09-30,-0.001519263630799112,0.017580753680044622,0.010525922588544958,0.027822152669934708,0.016819791980642144,0.0223056717158595,0.04506855303119068,0.021221199228170107,0.0024159878562202983,-0.002555394294306901
2022-10-03,-0.027808209231535545,-0.015489746478793821,-0.01403536176147281,-0.005750418143829326,-0.020660446177322878,-0.0034756004428677678,0.004303793616564348,-0.015961944095351017,-0.006544809109097152,-0.023759670116679992
2022-10-04,0.017182573597650717,0.02831506010954358,0.025256726387198433,0.02777380072169265,0.024610439222918588,0.018274559563650053,0.006637483131120946,0.022495068708372288,0.03496021956563554,0.025714708862631535
2022-10-06,-0.02042894960134096,0.02187959456144757,0.01785424374514558,-0.011072868644422005,0.008598170636355273,0.0036812158267857963,-0.025168861577601998,0.020307621481224048,0.003487791733020806,0.011351830897298942
2022-10-07,-0.005485514921838767,0.006045722595165334,-0.0027183613194676315,-0.004323864997185311,-0.013302256510488506,0.0042229696672133245,0.005690090118745688,-0.003280567250721869,-0.0120160795691722,-0.007603462491405842
2022-10-10,0.0022668224140072503,-0.0077722455342766235,0.007859368893312181,-0.011104203014163976,0.0010367929889570841,-0.01097527199263874,-0.0009460897059545832,-0.0009067662544637338,0.01735343974570935,-0.01888428292355538
2022-10-11,-0.021314604073448706,-0.016206847955876527,-0.026920572441230733,-0.010193032070610893,-0.006331674586670787,-0.020111162318051705,-0.015324667152988667,-0.01272607400380785,-0.01583735308633297,-0.004738879582508221
2022-10-12,0.015830690396361435,0.017044438881596232,0.003435401570158586,0.006511439733180617,0.012061824806065076,0.007331325083991774,-0.00610599505906684,-0.002587742151033036,0.010113021132556048,0.011578277056055374
2022-10-13,-0.00967489857404016,-0.018535739058634045,-0.006178362329893946,-0.011557613721080344,-0.02340781672899061,0.003173550111172585,-0.008611517414401887,-0.01713219332561192,0.0008220694296457733,-0.0044021265831438346
2022-10-14,0.003656161243086081,0.01871872347256143,0.03756288340823332,0.03205815118722274,0.010966604314755761,-0.005091092550008048,-0.0038440685577456214,0.019317894858229413,-0.001338175827368825,0.010442592851234611
2022-10-17,0.005709945988427131,-0.014968135608957763,0.010593156394171535,0.005233013779682619,0.03072570027230979,0.015922708234866047,6.525907815758732e-05,0.017033139647568855,0.006642092542375642,0.00045170648434033164
2022-10-18,0.00450627311067789,0.018362660684477044,0.009186175738743118,-0.001868343067595442,0.03399665338201294,0.017490224835311947,0.02214202343534545,0.013130790920813415,0.010533103302705555,0.02393987129956989
2022-10-19,-0.007424956119752887,-0.006905593967636501,-0.0122109698335606,0.010198303998896333,-0.01622116527427405,0.017249677527649318,0.0003192473473307554,-0.005366263034312632,-0.007292432462548392,0.01762236042358711
2022-10-20,0.006905986257712513,-0.0003937298260585923,0.010347208318113789,-0.006775759467729603,0.003607362468300456,0.0026830448697281756,0.01205366767707227,-0.003874692783803543,0.011291337766510095,0.009625595613425724
2022-10-21,0.020172756745199975,-0.014494187634909958,-0.00026656160694244017,-0.0070653076530112924,0.009764908838448858,-0.011665110084409515,0.005722082090027076,0.020604345694867503,-0.006322969886822661,-0.011793507933962326
2022-10-24,-0.030918881705963488,0.01743073950168379,0.011496555651744508,0.01548494422234805,0.01705971152975539,0.003332373563484277,0.005814018677874076,0.020890305003273494,0.0077156405544418025,0.0060579250610671796
2022-10-25,-0.02666300104055046,0.020395392001490018,0.005551529197028236,-0.006971200961583274,0.014011696594184574,-0.015564960058716949,0.00024932620246445646,-0.001350419206062329,0.0001262808731107237,-0.0040344652317017195
2022-10-27,0.0054136032054748935,0.007640972644965159,0.009328482971398827,0.0024092887195154883,0.001899701469108298,0.003924204244169965,0.01827890496036916,-0.0007028906327281683,-0.0014874011941746024,-0.0014449257979031488
2022-10-28,0.002081986292589835,0.00558503168958421,-0.0070460371979671225,0.00295215730275529,-0.01547331393573049,0.030139239472772687,-0.00030600238640589403,-0.01806576383171624,0.0018511854611542428,0.0
2022-10-31,0.010423668438638253,0.024037228029079507,0.01599562866739941,0.025717138574343722,0.005329688209560428,0.009239814609157645,0.01837702044124394,0.0009359125793993826,0.009407841252704587,0.008351294574277522
2022-11-01,0.007118534831692442,0.0006671160307379574,0.02272926856782931,0.010996943154604559,0.005387986828143185,-0.007776304125257265,0.004257746174795261,-0.00011006595880612679,0.020627284184705948,0.0022915991395947802
2022-11-02,-0.013214862056881533,-0.005522826426493029,-0.012602815823551921,0.0006275545720334716,-0.005300973100298759,0.006225894555888484,-0.03124122627272978,-0.004301565249323365,-0.0055373242005010625,0.014627900168101596
2022-11-03,0.011076922104451778,-0.002287497728515546,-0.014623793331897578,-0.004401345949926825,0.019072936766864113,0.003725027172638097,0.010807650459222419,0.004356634160163119,-0.010839975849207059,-0.002682306988765236
2022-11-04,-0.010263258174110966,0.003181046269710465,-0.01100283187015083,-0.006922521191030816,0.015354241951272165,0.014608095704459992,-0.0027521702515077807,-0.0036936440131038347,0.003315804135833369,-0.00028281658550990474
2022-11-07,0.004927594180700699,0.0012647257005299424,-0.0043356270788499456,0.007751338994157013,0.03344411647756356,0.00532756345850035,0.0076871297448730365,0.013386220110013048,0.005053262188347501,-0.00028268755266239285
2022-11-09,-0.009520684446821259,-0.007037867547148329,0.0024846100914904,-0.00029839444607698823,0.0022768129339369885,-0.0009979385222466776,-0.0044464464122051465,-0.007658666647829743,-0.005472955332610651,0.02016302224838943
2022-11-10,0.0019114021738847096,-0.012986303567781956,-0.006139841797778046,0.010814205092733188,-0.016048614163319583,-0.012170442139597991,0.008146901976456572,0.00021966050931703936,-0.003239250349253304,-0.013115753098472162
2022-11-11,-0.004206149393262207,0.01677249340119203,0.04437503211277079,0.05511774123684946,-0.0073733869630657764,0.02278984459435946,0.0013917890916951225,-0.004567423404091171,0.033829598781460385,0.0009825813570010194
2022-11-14,-0.018243297736654528,-0.005634606840141646,0.009634406292315588,0.0024176882069733923,-0.01465886064889973,-0.004856496975239377,-0.006065096115317778,-0.012878279796465287,0.0058781716263744755,-0.026012439665940378
2022-11-15,-0.00012203246301306165,-0.0016265797150459235,0.005472954255399335,0.0024428396408981137,0.013910038020211842,-0.004496421639670074,0.016112304158018686,0.018543076756569982,-0.0008696048897242112,-0.005632195012383375
2022-11-16,0.008246592019515728,0.003524937342137188,0.005505438212759855,0.008548893099678313,-0.0018325029599361002,-0.005750297151291606,0.007098346509007861,0.002081882765611903,0.006803233240382702,-0.003336493185879978
2022-11-17,-0.007229968339941814,0.01286861009892161,-0.009654542247374422,-0.009073974009931058,-0.0011678591829453826,0.002581074998686178,0.005867353591357791,0.006763438860760906,-0.001894233106485416,-0.0011630168858929577
2022-11-18,0.009588103153304196,-0.002516130987364717,0.003772569013241291,-0.0026299476657999955,0.006074597423759276,-0.0005387649015041907,-0.010514403244366295,0.0005977437442672339,-0.001658704936153436,-0.0077401396834795525
2022-11-21,0.007101225035008375,-0.00644220365528819,-0.015941624943036057,-0.010307657046972889,-0.007661474947526934,-0.01816088431724457,0.0164647697022486,0.0011402485004480367,-0.018093140493212034,-0.011352904695411137
2022-11-22,0.0057003921319091905,0.009081422954798454,0.010687450922156812,-0.0014723759740101763,0.0016704431117266223,0.005531618558609241,-0.004238346517411364,0.002493104883274215,0.009532492165350738,0.009004352896666583
2022-11-23,-0.0033245260566682313,-0.0023675124375973334,-0.001199372439081007,0.0025985002203289145,0.014170692433396212,-0.0031237975504302116,-0.005145246676718602,0.004051564871588421,-0.002008001684143407,-0.0013232912346555679
2022-11-24,0.016533537166574082,0.013342596613106435,0.02904079134642734,0.016128053724532875,0.002793445230283157,0.008586446508965775,0.006029693698221209,0.012216759314109734,0.02148562618566646,0.0027917687989157196
2022-11-25,-0.004600432379619907,0.0051277289561042095,0.0035829927601657534,-0.004625727957558493,-0.0032050290161022145,0.014817286962404436,-0.0017696035656723473,-0.009148616136955584,0.0028064422084224765,-0.0013214567284066886
2022-11-28,-0.004839291585050567,0.0008237321849133847,-0.007517633691882857,-0.010814592389531655,0.0019736488442709367,0.03378642544285261,-0.011221799481872652,0.007603036232264171,0.001650785738996718,-0.0007348858080808285
2022-11-29,0.04225917949412472,-0.0067557450437812075,0.003474395853733405,-0.001501016737846087,-8.215314657375553e-05,0.0017158272580644932,-0.0018526401065592387,0.009924953952154975,0.0006184541380209208,0.006594718742147574
2022-11-30,0.018859221183050067,0.01178088217019719,0.003615080406547025,0.006612089697930649,-0.01007442836718922,0.007035864864893114,0.015315457875897139,0.006474948220800421,-0.0019298726187721275,-0.006741847669187885
2022-12-01,-0.00804161171046385,0.014070106640728402,0.013456907078810856,0.006846492736470157,0.009334638140108133,-0.002951573180866991,-0.00017669953016210266,-0.013417361307749795,0.02471557923391977,-0.0013242648476774579
2022-12-02,-0.018094547155552938,-0.008950477106088121,-0.01165404834221578,-0.007686122304584991,-0.0009047997533321027,-0.0004223935747682527,5.890331264711193e-05,-0.010263182804847755,-0.01055732229948062,-0.007093247525555288
2022-12-05,0.0018144827982111574,4.809866027313716e-05,0.0011287872279841348,0.0036335007239754868,0.015920564449812883,-0.01469148759598389,-0.005375933269904995,0.003218574173654112,-0.00386004554660485,-0.0011872247603852083
2022-12-06,0.013158094328385082,0.003780629221690021,-0.01650997718606365,-0.0011166439645522543,-0.013618830307406158,0.0028850169689221233,-0.012817207615250771,-0.01179801639200624,-0.011906782178514076,0.0016320572170861636
2022-12-07,0.01969527430466041,0.014463902269793017,-0.004598617603471943,-0.00043467635668026323,-0.003125098612168312,-0.014867273651604654,0.0007796986418038017,-0.0005421261465339193,-0.0014041407941035066,0.008266807488418078
2022-12-08,-0.0007022535077060076,0.020365456732278603,0.009083529073674098,0.005603941901842159,0.007549159386766913,-0.00047171918690960417,-0.0016800725223443508,0.010517634206579675,-0.008928787703984122,-0.005010989768710261
2022-12-09,0.006190614743974648,-0.006316818301286923,-0.03188912215702929,0.007106566993673819,0.00789805734034686,-0.015271068061204601,0.0027587156259327086,-0.0021485033567562426,-0.01740137647174995,0.008826147129009691
2022-12-12,-0.0018384151833310148,0.004469930039796578,-0.01418283389693706,0.007756091118879893,-0.005611841787033057,0.001531650292458499,-0.007815860687162026,0.0004300432224403469,-0.0019151244761401827,0.005258536251804765
2022-12-13,-0.0025608597109569513,0.004242754836364451,0.015997298728888432,0.0027643077212330175,0.006017351525569236,0.004543776439601592,0.01158156745578274,0.0028445172229850796,0.013794791455107067,0.006968641654181194
2022-12-14,-0.00950915568807747,0.010324506206825375,0.004600893240183593,0.008427664647381228,0.01408739253088981,-0.0036256234644663292,-0.010616345777269859,-0.012077603920495068,0.009929265777030141,-0.0005788689268455279
2022-12-15,-0.008003139960500736,-0.008186622747558306,-0.02493794475729948,-0.018488373493503723,-0.015385368283741643,-0.014305570995684292,-0.0034431123391579998,-0.0141489327264144,-0.01806524865844221,-0.019145584882862644
2022-12-16,0.003018150107644568,-0.0011718593140425863,-0.011950320636656131,0.004799087706930629,-0.020668439416227632,-0.00495742373282466,-0.004365930143580582,-0.007510488258621029,-0.01981622865655314,-0.011128629819933707
2022-12-19,0.017367857773818392,0.004129483044505739,-0.009803470266538791,0.0031056357200135395,0.0018215787428351984,0.013049892382466248,0.021225595597182952,0.004921325908579372,-0.011859276514816136,0.01598617728156072
2022-12-20,-0.016151939794438186,-0.009546235914515007,-3.3108318558261355e-05,-0.006924636085261356,0.0,0.008618904882385236,-0.013718164510472483,0.0035790335522621133,0.013000367944271037,-0.0010284518787838386
2022-12-21,-0.0031269577487116613,-0.007866451648949509,0.0014914926175726068,-0.009720405763880483,-0.018450214250033806,-0.014329052524010333,-0.018199370076459023,-0.019368539146703702,0.007554845315723697,-0.014808445243773118
2022-12-22,-0.007850788877846276,-0.017081196080580677,0.00824663743414066,-0.0034366462778313866,0.0,-0.002595728790353569,0.003188935007208691,-0.001794823783706766,-0.0027113233744558325,-0.008088520791907862
2022-12-23,-0.00920929133320278,-0.02262407585056326,-0.01652833111678322,-0.008972967048406312,-0.03323947436908127,-0.02976606812377708,-0.00978313492138442,-0.013280405602442062,-0.009663905826966832,-0.017447447956883397
2022-12-26,-0.0013936258482136496,0.013626264100120284,0.0035339211617028805,0.01970874159566567,0.03945513732479756,0.008694341460369555,0.002901866460050385,0.01613940351003263,0.007575562216050311,0.023893433036225754
2022-12-27,-0.009288622279763655,0.01568191261456671,0.00825250893645613,0.0010121738147200008,0.008006898187217554,0.008148143330550566,0.004674545615779838,0.008306212694042827,0.0020270534737720117,-0.0043427940918085075
2022-12-28,-0.0037280834562038677,-0.0014134116678264654,-0.003107290421802994,-0.0007974254093748172,-0.001413198841701478,-9.807905993012325e-05,-0.01359223201246413,-0.0018893862440925572,-0.0007364506924421899,0.0037448890611431764
2022-12-29,-0.00603687261249133,-0.004820429634458378,0.004888083373764077,0.007031331292288968,0.017727418997404487,-0.00045219601492665543,0.020868163490464463,0.01007207147003455,0.0035702688332362917,0.002837008101644568
2022-12-30,-0.002729581145962912,-0.011961912326152896,-0.0061803382876195875,-0.008044233773284584,0.0031006583244989135,0.001532224423300529,-0.018010744494489583,-0.019123410486659397,-0.0036932041900516375,-0.011396311835288032
2023-01-02,-0.0010353578500248415,0.0017482982847981093,0.010421681866020816,0.00033764260851002154,-0.0024472186262526493,0.011204255587026297,0.009138170665623257,0.012937307405173785,0.0014573531393875425,0.003913572836576037
2023-01-03,-0.006411254266401483,-0.00023928404289324802,-0.0009519625661404635,0.006517771774301619,0.00032672071994514133,-0.0073447988469498285,0.005027187638970971,-0.0012197176036816471,0.015184141865193396,-0.005271723012911587
2023-01-04,-0.00234329399916356,-0.008847209067099706,-0.018394167468215226,-0.018034591656365118,-0.01182668116027353,-0.015170724790513328,-0.0071191705879343386,-0.0024993495063773213,0.000995983877973565,-0.012460055898979397
2023-01-05,0.018594885508118452,0.008081017928584233,-0.013198766764823709,-0.006449108748818032,-0.00016545336049737458,-0.0017883571971590252,-0.005806434081044378,-0.02243865714646606,-0.001071277423108362,0.019532651798060602
2023-01-06,-0.0028099076276484475,-0.0003832550468239705,-0.01826512369176925,-0.0033185824720775286,-0.007381229231433985,0.00904764639834973,-0.013848386673044695,-0.010347529732506038,-0.030526850737543444,0.0047868264241399845
2023-01-09,0.018306517934853956,0.016705532421489446,0.024515952388527617,0.0019423303834969154,0.011669063595298583,0.023337231490380198,0.028973165198947333,0.003728276007585393,0.033195974502663025,0.008914113428557007
2023-01-10,0.007517162169218116,-0.007118583786213817,-0.009952162926264167,-0.01844756039205227,-0.020867868887046195,-0.014897904562569978,-0.03293835323082802,-0.01383546135087844,-0.010157081658914005,-0.013850870314830921
2023-01-11,-0.019324214654293854,0.008837445055315588,0.0010201576321664922,0.014307646238620094,0.0026009201885034906,-0.012685477668305157,-0.035039543734434034,0.0057303103931276,0.012789091699841344,-0.004810684677933838
2023-01-12,-0.0012347457428296162,0.016055907474707885,0.006334972415442014,0.005328658300993839,-0.0030211503341762112,-0.02183085722171006,-0.011363249560473875,-0.006543266211356129,0.0016959247695081522,-0.005894489064515686
2023-01-13,0.013022633200484945,-0.0029443569955531486,0.015447979201448104,0.0007812392104574342,0.008702898651427982,-0.0016197353180521195,0.009729207551258074,0.014762925336067087,0.011984165880545334,-0.003340240943593307
2023-01-16,-0.010304209075462036,-0.007551353923398536,0.014426804236024927,-0.009636123920111293,0.0048208649296092405,-0.009569103475354506,-0.00676100970063455,-0.009432331284047848,0.01040170051558739,0.004400902623134344
2023-01-17,0.026764762646100834,0.03489764273348586,0.009135586392220433,0.014777019826482798,-0.01680688009868197,0.014097767413629201,0.008591080861490862,-0.000115593418532942,0.013214357704679809,0.006189225347188654
2023-01-18,0.006967052839310724,0.02384245597589688,0.0038250495035825087,0.017497805407938476,-0.002533077197791805,-0.001655517190208407,0.014070584221082554,0.0050153916981141786,0.003427755507131203,0.00719759384939813
2023-01-19,-0.01366225912282241,0.0029077730113863027,-0.00421482849976546,0.004144557615560425,-0.0027089065055008917,-0.0010712601863773826,-0.005876539279609569,-0.003860202779230982,-0.004997550540280044,-0.007498560515218472
2023-01-20,-0.03886199045659193,-0.010236507890050898,-0.008712915792186828,0.010196615033925188,0.003976191694568195,-0.011964267286650876,-0.00982792906029329,0.004837302418525653,-0.00296897519465254,0.007348946885237027
2023-01-23,0.018522609985272526,-0.007338098812551159,0.014608801943699068,0.007288426058605762,0.01383494020337096,-0.005068946135093869,0.010734256643211561,0.0015498960527719988,0.015284837920457496,0.009370070196594842
2023-01-24,0.0015779752629392,-0.011709207336654547,0.00251616822622808,0.013299477556324107,-0.010211027431206967,-0.005922058473795627,0.003810552389249751,-0.0010903638995640927,0.006247281785736321,0.0035468317859897753
2023-01-25,0.008367181715976722,-0.014970008980176693,-0.005751470095664079,-0.028020798736021327,-0.04411526129095415,-0.013921188352488532,0.0010952067837687583,-0.017902750494676146,-0.0019078159912941431,0.0008846368883405558
2023-01-27,-0.0038972908505306722,-0.006851951380003418,-0.015577494887739272,-0.02012667114923647,-0.0518765177102292,-0.019153658498375886,-0.002579024755798283,-0.045568319817323906,-0.005467371130244759,0.019701533867092412
2023-01-30,-0.01698791756321957,-0.02197749493571209,0.012851785386057663,-0.0010215234601102146,-0.003246250110526428,0.009537990086468289,-0.005567339868238511,0.007679573499481674,0.0066037837142866995,-0.003474222517326151
2023-01-31,0.0033431304951697643,0.005428182506714085,-0.003287214020211803,-0.006619943846246321,0.02803145282074664,-0.0025035992894251904,0.00012987447517056247,0.010148718870147736,-0.022069975276888285,0.02166040224220891
2023-02-01,-0.0009705390632338955,0.009906408265754448,0.011248779178974261,0.01488713887185582,-0.0483973427957705,-0.005943908024903791,-0.0015591230294222588,0.019109492823286164,0.014674392394848187,0.02536045948300296
2023-02-02,0.023267985908446757,-0.00030290985223036275,0.0208309923287543,-0.01498066627314061,0.0014210913981407346,-0.005549888220077393,0.01118416249970265,0.011665847613770554,0.015155750969036237,0.046494777067988435
2023-02-03,0.005261465766197978,0.010043192363547207,0.00983305012644448,0.03399925530433632,0.030031305477348114,0.0008806007671446022,0.01929195700352348,0.006853629866039089,0.0063088068234650255,0.005400227818289341
2023-02-06,-0.004218197830519114,-0.004834990077486683,-0.018648411243353088,-0.004259034788594698,0.002202724412473216,-0.007563924976969287,-0.0046140244429319814,-0.01176130472158391,-0.006438900151419933,0.007198507884531917
2023-02-07,-0.01389672036824136,0.004257795161925781,-0.004756877802978504,0.0014821602527180827,0.003112083771618285,-0.002403934163822948,-0.0042534747941701066,-0.0011134400252884168,0.0036351462575188605,-0.02683040786336937
2023-02-08,-0.007098783002370166,-0.016037987935401874,0.01782519194104852,-0.00012098673113059764,0.004832034939975603,0.019773720542805667,-0.013837601719391279,0.007418843211914147,0.01360027008697119,0.006143009432779838
2023-02-09,0.0015088164572959752,0.007736780908993008,0.01652412734443459,-0.002087922280006887,0.0019081175020225038,0.0017416164524118828,-0.010961613516086703,0.0019768676630545876,0.005877418090950493,-0.003467433330789198
2023-02-10,-0.0035630396237533485,0.007631318299317262,-0.005239254407026614,0.003960484279708928,0.00407658709748082,-0.008268238541701695,0.006889450062372216,-0.008106597080252596,-0.0009324371513373907,-0.007779027515141143
2023-02-13,0.001356961286207356,0.018067169111556612,-0.025883205904081764,0.0007539690783380371,-0.02851955999759179,-0.005708049780971174,-0.004349167370133711,-0.0037547600534686585,-0.015712754426722438,0.0076452458005915715
2023-02-14,-0.0005424827645840176,-0.005301625102748215,0.016325905286527314,0.009213604798486912,0.006213067398181606,0.02329186213561355,0.008550384324082118,0.017075451847703798,0.005069876418353232,0.032212124962178804
2023-02-15,-0.012149140115802745,-0.00760283520750857,0.0023822142422012453,-0.0020333676303169656,0.0025854095129602675,0.02239135924534631,0.013072141979319683,0.006336065732047591,0.0058539686868376625,0.005196854873918077
2023-02-16,-0.008412770398560575,0.00149301577187608,0.0029699580860388765,-0.0036286889455318036,-0.003973098423200787,-0.0007815075735547549,-0.00121038391134487,-0.0015514272980244053,0.01056724580337886,0.0009153291740635183
2023-02-17,-0.004600889010210684,0.021818674630009926,-0.01130101579306729,-0.005029841021185248,-0.016992213063129633,0.004168119732995959,-0.00979996427626369,-0.0078517392168816,-0.016121299074568107,0.002219528128049951
2023-02-20,-0.0016113151936690685,-0.00038183084992832243,0.0054466142197909665,-0.009435178888101118,-0.011078023310416041,-0.010629176536125664,0.0030208277721114948,-0.012305285768215955,-0.003963799109505662,0.0016938626553454096
2023-02-21,0.0018699328624465033,0.001773350320787913,-0.00816528863315466,0.0037421583895986925,-0.0032424980039983333,0.0081263285804772,-0.00012847899797030924,0.002461529057254451,-0.0104637029050774,-0.004697948097531927
2023-02-22,-0.008822173253952386,-0.015686838986683608,-0.011269224247462545,-0.01981238541795033,-0.013656699839928593,-0.022938994724938457,-0.008896296698436432,-0.017656783676799508,-0.014432943596743854,0.004177021404335931
2023-02-23,-0.0013642323736007451,-0.016353419588353568,-0.007132726339547377,-0.006806556051944102,0.0089652544895252,-0.00480348380291075,-0.01198641408761474,0.0005956607243565427,0.003594906388337667,0.009722174647236759
2023-02-24,-0.0025928691599321606,-0.011693210830877921,-3.218275878691806e-05,-0.00895938531738419,9.602072895050788e-05,0.006819352067585902,-0.007697169895634968,-5.958735164885544e-05,-0.003918164094630484,-0.006470778821760922
2023-02-27,-0.006482073149654962,-0.009581522457049978,-0.027028340836917637,0.002482753836753651,0.012682009967750183,-0.006671623412405892,-0.005562944613821479,0.019692910099949452,-0.02038014839015952,-0.00755918908973883
2023-02-28,-0.0030434098150811588,-0.0021550337066882225,-0.014515414336876056,0.0041973643955084934,-0.009329090531159587,-0.019316633771176712,-0.014246291680826967,-0.0018116392602892325,-0.005718703485050467,-0.01449486027265435
2023-03-01,0.00227338825371207,0.0029116768909022966,0.005697942167324342,-0.0009693379408755173,0.026240366704767676,0.009150438129508586,0.010653749215271265,0.0016948512290088725,0.021751793824658503,0.0052951906247276324
2023-03-02,-0.004429483931493175,0.0029739389843229003,-0.016104572063783556,-0.008546910973779635,-0.005511864968099987,-0.0076446581382081736,-0.013554541188448302,-0.002689603151417518,-0.019159411636132453,-0.008352691816000821
2023-03-03,0.006353585400597689,0.014250179856429674,0.004845094784098845,0.01965476570912033,0.05014996564166946,0.02519527650986574,0.032305900294574405,0.016894039648185397,0.006212951174275041,0.02472180478986148
2023-03-06,0.005589449453819737,-0.005077649485019933,0.018850450152704232,0.007030192419264637,0.0008906032474041313,0.009720342626205494,0.002873914225423253,-0.0009215330549042225,0.00884722135696478,0.008278342521597055
2023-03-08,0.00010076771691906431,0.013752598126492654,-0.009832730877665298,0.001995153368511451,0.005503618050463857,0.003584733817528643,-6.520800260222404e-05,0.005000330186949957,0.005486475704403635,0.010889886331963671
2023-03-09,-0.009582885251293874,0.010265981953702997,-0.008274618297237975,9.19672899173165e-05,-0.010500820182182085,-0.024328015635026207,0.008896448721552215,-0.018692062646230096,-0.015920693133842086,-0.012565748101140566
2023-03-10,0.0016441584105250438,-0.016249405691496136,-0.00599590299550912,-0.026124724741478422,-0.020882429843147192,-0.015613577010854302,0.0004524863316628581,-0.015660224057529176,-0.001754691962019244,0.001289366432097733
2023-03-13,-0.004206852207755565,-0.011184304520978907,-0.025081613790171906,-0.012733035045952952,-0.03221141319087906,-0.016583116088751158,-0.010980924777184705,-0.01705559874802283,-0.014835047307435312,-0.011274695445445718
2023-03-14,-0.005165977277495009,0.004838559615490901,-0.010577662976192921,-0.002681159084825159,-0.008717053300880184,-0.0037495636200865633,0.0084574907732257,0.0023510986162996886,-0.020625830514181025,-0.010349099188933267
2023-03-15,-0.01499432101322851,0.015020432335385352,-0.0002466155382107123,-0.014454985334388819,-0.01505383673196672,-0.017239606355383134,-0.019824554720129003,-0.005373494684688845,-0.005004803095060945,-0.0007904484211564002
2023-03-16,0.021889832876970005,-0.0014020771552474848,-0.011013905811899406,0.006464492662879892,0.013339387364560428,-0.0049967823377645515,-0.014242274210467622,-0.0024245871582667606,-0.00435459469807587,0.005388652615278838
2023-03-17,-0.004870909334360618,0.010138704691539381,0.01175328290174189,0.013282181037637708,0.010054038495857133,-0.0012585595458647523,0.01503488433338812,0.01487845369025172,-0.0017912865255426398,-0.015588061534122715
2023-03-20,0.025734568876764626,-0.008323166357685492,-0.012073699577889951,-0.006955145757213266,-0.020210314717898314,-0.00987728047921254,-0.0032406870204301735,0.00023923644575839172,-0.011387784257783605,0.008616731144133766
2023-03-21,-0.019542915401204963,0.014090497722554813,-0.009268775213093645,0.011269632860424279,0.005091031798942174,0.030622352289960852,0.0028444604878187494,0.018889053731408482,-0.011905405852060827,-0.0048959042008770775
2023-03-22,0.005568056503940157,0.002487360456581429,-0.0010430610391855993,-0.00231348851677492,-0.0005750641265549551,0.0030354818688884937,-0.00033040460323671163,0.00910903878921211,0.007920781379938896,0.0021200561156967924
2023-03-23,0.0035272438171385554,-0.003302761738741153,-0.010637786319311851,-0.00806013711102523,-0.017016778642636923,-0.012731213475351612,0.009011734153822256,-0.005537214164110953,-0.001966377634307432,0.007647803643083877
2023-03-24,-0.001731974143138941,-0.01852412557887051,0.004427975462401118,-0.0016006178690191,-0.014537109958671654,-0.019995757597330435,-0.0014416238640105857,-0.003571824625101206,-0.0013290500774845195,-0.005135994886036629
2023-03-27,0.007309503676765629,-0.005624853452631883,0.005993568764775218,0.004347754435053008,0.009453498673250191,0.01542527840708747,-0.0009185989842374923,-0.004350115767089708,0.0005767647914269998,0.003953192678761445
2023-03-28,-0.006503695388332354,-0.009515775376668542,-0.008205154981432587,0.008101193433357436,-0.004026485777667006,0.0046595130350538345,-0.017613903512788336,0.0071032290819605754,-0.0020518677713969383,-0.00118439433852027
2023-03-29,0.01916833655733037,0.00647024512241577,0.004309792364590244,0.004798199403356855,0.016396967677202594,-0.005933995382731286,-0.006501182199963541,-0.00439692604307465,0.007354365745636919,0.007868801962142586
2023-03-31,0.011588807236884746,0.007769675713453085,0.031587253669212036,0.013605120895387087,0.0139391763926037,0.04221174350145791,0.007235736823534833,0.030379921287644277,0.021120314600940687,0.001957634810236982
2023-04-03,-0.009516588654540185,0.0027455094068147335,-0.012047401241424184,0.0006210037699262154,0.005711540190884962,0.0001715859541804436,0.015302793740509833,0.007438740906295257,-0.0018419019382682105,-0.012067226154719031
2023-04-05,0.01822731873246011,0.039572585410151524,0.008961540250873735,0.026469699835186163,-0.007144505569581437,-0.002404771198206064,0.0038058367408590347,0.0009048054583609063,0.012360898908777888,0.01960079325244759
2023-04-06,-0.006798871594477165,0.007281538027474374,-0.0011599322736391064,0.007590220560078802,0.008851762678843971,0.006684649839796597,0.003269291570692154,-0.010911646786342391,-0.005912906500579366,0.0024555539491054887
2023-04-10,-0.01298725063004477,0.015467269646136973,0.004000646133254875,-0.00475217693665123,-0.0025618551015800283,-0.007114760876418489,0.0049488845513183085,-0.007513906682552861,0.013170723966829416,0.003093148612767593
2023-04-11,0.006141940045574432,-0.003556443179451221,-0.015139172288544805,0.002920176608606189,0.010959933010275404,0.004934395525477916,0.005699894424887594,0.01536873442889291,-0.01531546636893183,0.018992398941945255
2023-04-12,-0.007406395731058083,-0.005664613583986568,0.015629501672769202,0.01290270910583158,-0.007356339202396059,0.004398917766135524,-0.003947753289547686,0.009311357048876536,0.008628370676122403,-0.0062060679704355965
2023-04-13,0.0028627118457531468,-0.013084895606044495,-0.027756949885388137,0.004470841990386558,0.008952762369946224,0.003764317151754576,-0.005265984601504107,0.00989295345928422,-0.01642209618097514,0.005195498883018396
2023-04-17,0.006151664555855895,-0.02001090097730808,-0.09896655239132092,-0.01536149839620071,0.020521539702866208,0.005060203611727101,-0.0096941576478587,0.002555145209154653,-0.015596715243695651,0.011435842434466851
2023-04-18,-0.004241204117249025,0.0011737706010396052,0.0008342548553831729,-0.004239087090423127,0.003394898981212915,-0.01151290335415732,0.00013167805283474402,-0.004949655365727525,-0.0027912140636331168,-0.004132135529397957
2023-04-19,-0.0037258668373340684,0.0013525002845004668,-0.021794597237320332,0.0036688745059494264,-0.010219591430541873,0.004965645958955128,0.006428718080007743,-0.00553450395016604,-0.013230869845266833,0.000627323386617209
2023-04-20,-0.01552523833684905,0.0059069641329820705,-0.0071672160162171,0.0037152370368459657,0.008294153522158147,-0.0025330431746335715,0.009954828580492117,0.0027991235122361256,0.004907760718573618,0.0038796650659932664
2023-04-21,0.0021440412410661893,-0.007891173810972483,0.003223595374421676,0.0016137034172548663,-0.0030331292794938606,0.0012567449264075912,-0.009235749468161504,-0.009831297994565488,0.017891675342306148,0.01966530421379031
2023-04-24,0.000720539783227007,0.0061652821951133216,-0.0008557933410754898,0.008058864834833672,0.02086152149845322,0.0038241322320038723,-0.006489994006214413,0.02133681715725633,0.004403640746812976,0.0011017571647633625
2023-04-25,-0.00372748304402598,0.008510580696382409,-0.0011424572747684818,-0.014318814020542149,0.012898664883455249,0.007625473958966235,0.016114096291468455,0.00957003895832908,0.0003777450428597431,0.006949246798199838
2023-04-26,0.008137928574081172,0.012466738211454224,0.002161102017955743,0.004586471787355593,0.008066457683138382,-0.005888208504426594,0.0010996888272545766,0.0016407614097379215,0.006950132332911576,0.0016992603473775648
2023-04-27,-0.01680836190203526,0.012855605485599315,0.015118807076906259,0.005487986277719612,-0.0028290159098311035,0.006309166332116231,0.016731670141977652,0.0037090407828092916,-0.0031944352407865324,0.009055259765875965
2023-04-28,-0.004729760276309772,0.02518320174270555,0.005201894437501031,0.003918529350931848,0.02370948853597379,0.018113940410341398,0.016143601938509437,-0.0007624100483617889,0.009770353328624571,0.02269722201400779
2023-05-02,-0.0022815715536148597,0.008444308851647181,0.019524757877738167,-0.0002073925438581684,-0.005201197756188224,0.008453976705473248,-0.011450221630192955,0.004837598138300558,4.655297961851966e-05,-0.0025881924118789155
2023-05-03,0.013893353102334296,-0.011875919986255779,-0.006518415028103192,0.0034907452517299042,-0.008378322196078774,-0.008619249477792915,-0.013890060168424272,0.0008129536571246166,-0.012345281936026105,0.006341080489662525
2023-05-04,0.008312110629749703,0.0002546454785827623,0.00346084041598057,0.020258207794216825,0.01651498437222046,0.011462477351274085,0.012497011195770668,-0.0012468219443023305,0.01274912374465605,-0.005987769920605682
2023-05-05,-0.002396545078414572,0.008702269493664322,-0.011411107864242865,-0.06094116436701504,-0.006052890072073538,-0.0025564726401038178,-0.0022836355690895494,0.005679774415328269,0.0030998755237003762,0.00972645689888623
2023-05-08,0.006199042668343432,-0.005102419946639177,0.0051490501971981515,0.011498127837996868,0.012240377643905294,0.012272020636839893,0.008159152855957242,0.011743674627424573,0.006140776647540126,0.00627759986692958
2023-05-09,-0.00019873566280550732,0.003776671689321231,0.00402169160143916,3.050212576137088e-05,-0.017457742929233425,0.0030901765561518442,-0.00018910110291172022,-0.0037386143369285444,0.009994423804839619,-0.01788996686736169
2023-05-10,0.0027387394815289977,-0.004178315958771409,-0.005880262482662666,0.004610708751604631,-0.002269304981521953,0.006852597322817736,0.0030824902188829177,0.001764249325313767,0.0010805107627180203,0.0036507638720227505
2023-05-11,0.027254420390646225,-0.05311017832876498,-0.005675985761417296,0.0006656987804483249,0.002182238151832556,-0.0065501479463884295,-0.009402809904044572,0.003359505684886411,-0.0014158276269743003,-0.011705647996120526
2023-05-12,0.011887086735693974,-0.009432695157237938,-0.00871527274142481,0.008792610659019534,0.008162462100772115,0.0016314531703170458,0.0042391001104544685,0.004991818505847814,-0.002394251954215635,0.00011888985595152729
2023-05-15,0.014700572886962771,0.011526742467094099,0.0105048818295118,0.004785232685408337,0.006465355458232128,0.0019704252553897697,0.006419105333079945,0.0019580273069755415,-0.005896710353154662,0.017330093191110382
2023-05-16,0.005114076475518103,-0.008784168187593581,0.004717471457144702,-0.005750357580078104,0.007532892325946679,-0.014343680525680972,-0.012244527039579943,0.0006341562635460813,0.0009518815580427585,-0.009040160804581218
2023-05-17,-0.0053020139077848685,-0.00341813906831157,-0.013858233267428228,-0.005387028939587938,0.0,-0.005926737611407296,0.006204140449413468,-0.007424252885588275,-0.01529362686706563,0.008572605388814117
2023-05-18,-0.01293174851989825,-0.014247648743830792,-0.000722097034237582,0.003989711525607428,-0.020853786480694598,-0.0021545046195062863,0.008921891545479102,0.007582861298008685,-0.002761963201856073,-0.018648064393851655
2023-05-19,0.005275945903077355,0.0008449729049567243,0.018212074855652984,0.001154361762485542,0.0016531023090565792,0.003240359875103502,0.007974613559251088,0.008207067519045014,0.0071621090768178245,0.0003574816804894662
2023-05-22,-0.0012689927376643173,0.012050175554373635,0.01866003080176027,-0.003558521023849506,0.003471410277007157,0.005329812134187581,-0.004851921699054129,-0.004147731112539828,0.023262374187183448,0.011603220677422353
2023-05-23,-0.0037217883003132415,-0.00858588027897933,0.005592284830778371,-0.0023488256370625548,0.007680620843796321,-0.00018341642024533332,-0.002372328043170055,0.0032042097646110637,-0.0005003753735498764,0.01030574085154701
2023-05-24,-0.0050922389305782965,-0.0057041715700226455,-0.001077403111917414,-0.013157181629014827,0.0018895229220071822,-0.005842902593513988,0.0018109611162841792,-0.013463470048199207,0.0019090230815678158,0.010085317718625189
2023-05-25,-0.006791716344718902,0.008907011277615248,0.004379501703568706,-0.0038445243738822973,-0.0024914482990636222,-0.00012297630640808134,0.0262313942745622,-0.0008508018172377849,-0.0029861729781236464,0.01749313999741622
2023-05-26,0.020992886703078698,0.006217306220706695,0.00999321357949686,0.003844524373882305,0.008138801380244058,0.02690999013312028,-0.005790394040951019,0.011478288848434345,0.010690947934642083,0.005538285098962039
2023-05-29,-0.0007732528047155605,0.0027459598403066976,-0.002317802038667455,0.01211836238953647,0.015241616157042321,0.0056093999653885635,0.0040263607026955455,-0.0026857823033418758,-0.00257141920138765,0.01232219526312146
2023-05-30,0.002355534178632907,-0.006200204202867043,0.00716376380190096,0.000763988496376285,-0.0037042823528544763,-0.00025784804472278605,-0.0034152722167314306,0.0018965871081614816,-0.0012509105030412855,0.023992898280051682
2023-05-31,0.004132006734850013,-0.0023323211839948402,-0.004200971299908082,-0.015950519073633283,-0.002841536078482848,-0.020061441835602895,0.037706439061822174,-0.000842534808845361,-0.00808392701787464,-0.009828026496302704
2023-06-01,0.011313286394268884,0.0009743188972507422,0.000909667076453211,-0.004261541265735387,0.004988828770626785,-0.0026959365413776384,-0.026166000519187157,-0.013844628919168364,0.010433151103400264,-0.013104655575907351
2023-06-02,0.006944289549610485,0.012043318832449837,-0.002306760163511307,0.0015573660112353008,0.007607288710860271,-0.003273348587364937,0.010273811090745594,0.0021876258376920562,-0.0055507983175558506,0.008379685058798603
2023-06-05,-0.007722846857969428,0.01499091376993829,0.00422514099770615,-0.001308072081157377,0.0,0.008940835402179258,-0.0023938162018729493,0.009125197138031428,-0.005064772469744874,-0.006221468948789191
2023-06-06,-0.0017265234237199307,0.00424515376208257,-0.01974121920012545,-0.0031211680012752253,-0.003155599879409594,0.0008472402383954129,-0.006069957218636927,-0.004923640688713651,-0.017359192904290045,0.004867286332585102
2023-06-07,0.00926529589977219,0.01634972059609185,0.007749252430289543,0.0051759310045101205,0.006555720290563106,0.007554105126404667,0.01768592308779025,-0.00201877239823571,0.013093204415211446,0.0025937809861280832
2023-06-08,-0.013454523745711114,0.010653396019584349,-0.004782659596367371,0.0006217243589651109,-0.0011886673185660173,0.0006001981382248533,-0.009820122488153369,-0.002449365281755244,-0.011810260913357386,-0.002367862843482901
2023-06-09,-0.016440806858619834,0.009652967716069868,-0.01322247220489058,0.0011805527776737406,-0.016792763498434404,-0.007106111078008798,-0.002994866504307029,0.00015997060149226417,-0.008424038167925096,-0.01009830227256061
2023-06-12,0.0027462091081012115,-0.009802430250052252,0.0203300647485894,-0.006103324173181595,-8.642156802617874e-05,0.0008858665279517032,0.0034134775871218696,-0.0022411854316460264,0.011647749205304139,-0.0034270234621856946
2023-06-13,0.01220099796030215,0.006156258858465061,0.009935249946246144,0.0016851461390586188,-0.0038959383234553717,0.014665767427363943,-0.0023942461138672915,0.008087293997429381,-0.000985872325781375,0.019153961220344486
2023-06-14,0.008502907840207161,0.00027617537354734245,-0.0034160761279109072,-0.0010919417628413746,0.0002601423531057891,0.012222472234111348,-0.007700203238820041,-0.003982294450763821,0.002263381785401825,-0.0020227089740924233
2023-06-15,-0.0033590499829285483,0.0026501597969349508,-0.010513361953210402,-0.012375211557476552,-0.017585008726299773,0.0002742009021391003,0.002111467282258793,-0.0141451224775032,-0.003336999114606412,0.008066403037834154
2023-06-16,0.009601735120523328,0.0023267522566837767,0.0037618340478075074,0.012999324271927962,0.008349833411999904,0.00968839689044375,0.009715119777520593,0.00816870190775729,-0.012955536419381722,0.01109637458078189
2023-06-19,-0.0038684165300636973,-0.00019012551985436583,0.0018179205887708715,0.0008732151890046627,-0.004210101266851984,-0.009982284204879547,-0.011585044311489255,-0.011898859236250657,0.011119351755453305,0.001102879601286217
2023-06-20,-0.002668213518346095,0.006591665765317514,0.007237886648680192,0.002086171070125308,-0.002552199995166498,0.0020748356180742195,0.003676222645393335,0.002596378973645315,0.005374359094894498,-0.0016547366109425357
2023-06-21,0.00018686394789728898,0.0052130335060554985,-0.0031120021762324817,0.017329545926051196,-0.0018524039702948498,0.0028118013811783936,0.009340187443727473,-0.0009187984359229176,0.009405040475746189,-0.012890504679915404
2023-06-22,-0.008347627107051976,0.009063225012146561,-0.013793947459874478,0.004879250358751867,-0.006021282536687237,-0.011294744511129632,0.004518967655076367,0.001134887518981177,-0.006064468297755955,0.0013411584809527122
2023-06-23,-0.004814978604911484,-0.011111594286254033,-0.012998150014838733,-6.0811930823116926e-05,-0.014943787103875542,-0.008217461778882024,0.0141378517673907,-0.0024334615443979083,-0.006863135379067576,-0.006499193697666919
2023-06-26,0.003967005261410642,-0.005034591521411893,0.004220376863695478,-0.0048490705975784585,0.004407939560369729,-0.007664221231967707,-0.0033396779826445557,0.0042681335843102585,-0.008336021053140944,0.0021336564177621914
2023-06-27,-0.00028285014102036375,0.004406665283915378,0.006903364642683886,0.013994810546181019,0.016115634923919632,0.0003605587903794412,0.015086061650073125,0.009283310385849694,0.002411277699717132,-0.0013470301104988932
2023-06-28,0.0037270593429891926,0.013889408082472758,0.011039853745076942,0.010525597681732108,0.006514736463663347,0.013151971180456619,0.008404866225298365,0.0014411793602988488,0.0056448667763360294,0.009503133512400085
2023-06-30,0.006330206417769449,0.022096093102283297,0.03207008490253664,0.014951938768003561,0.005338533041260022,0.008169738986804715,0.007481704446828235,-0.003044840292312877,0.026636827652641904,0.004994681387382386
2023-07-03,0.00851433724649455,-0.008722986904999052,-0.0013487119685543167,0.01075657507648012,0.021756891801801626,0.02534038471318228,0.0004550392741752841,0.00847034052101757,-0.009111094959193449,0.025469940421623146
2023-07-04,-0.00038875787755416003,0.003173378869444355,0.008548421961694724,0.004872427113472095,0.006469736954566611,-0.010356620527553307,-0.016052533380039213,0.0022784770229601625,0.011107751918081868,0.0066696156903834555
2023-07-05,0.02047400963804916,0.003628875160872385,0.0015972028182251283,-0.032282808722257084,0.002288339142565241,-0.0016431469627088433,0.0017322762879516027,0.013980381673106066,0.0033490421600881485,0.01858886608267429
2023-07-06,0.0004536274332041083,0.007178428390871961,-0.0025267974487105096,0.0010155164090934312,0.0032118928335713656,0.02077328425707239,0.0034555761403903744,0.0014603475317291838,0.0008880576061652709,-0.0025290656755239706
2023-07-07,-0.021631556531564906,-0.015897652470890637,-0.010246569554913147,-0.008754614402146067,0.0018548640117801956,-0.0019535469805085,0.0009194595380833176,-0.013642826194101553,0.0019090962301811687,-0.011673548868858236
2023-07-10,-0.015519526850428192,-0.004337118011503117,-0.0007896205625230881,-0.0023818343150792767,-0.001686176860191356,0.037797940863752155,0.017029246027765777,0.0021110847870827896,-0.01736087324808654,-0.005459038522423316
2023-07-11,0.010466106985073198,0.014573011225211574,0.014527249769055511,-0.004871546608648924,-0.0068577045022318725,0.010782369940858705,0.007314529606567288,-0.0036443251864848344,0.00013745001032523357,0.015548864362873777
2023-07-12,-0.0040500092524680485,-0.007952190095841565,-0.011409736124734544,-0.009417027910044845,0.0011887853745063464,0.0011025519515598433,-0.002188718676889307,-0.0005821780395703939,-0.0038269204650565438,-0.0017980438909913673
2023-07-13,-0.007112841522640413,-0.001957155125818509,0.023570458308150747,0.004978585588471759,-0.006128109428480627,-0.008982442381892131,-0.005521156671135153,0.011894162060759819,0.02443886390810963,-0.0006354694489160079
2023-07-14,0.008327800622305226,0.008979368290232492,0.043610586522805965,0.002069714416289481,-0.002136758481238884,-0.00083889466004889,0.0016369044850407886,0.004541339595268915,0.05080441350672131,0.0019048974357416754
2023-07-17,0.0017916298283454396,-0.0013964349141893384,-0.002106128853890081,0.020702369320498005,0.02817561273999907,0.02022689246229444,-0.009520600714056124,0.008969619877054111,-0.006551243365895274,-0.0011636685657738974
2023-07-18,0.00041010002929749476,0.002386985695228078,0.036061518188217484,-0.0008341686454589987,-0.01466365134580047,0.008456274221747098,-0.0030224259785737095,0.0069439258774381075,0.0014739382999938132,0.00031758739809217357
2023-07-19,-0.004183560605496704,0.00782877580985615,-0.00016955530795574773,0.0045202188348612326,0.015245757010178848,0.007558653991320624,-0.005383207516454211,-0.0020524183735988175,-0.007693485084928935,0.013349608908536892
2023-07-20,0.011777137948753544,-0.0017856685946689274,-0.017405313421909183,0.0021636978088120998,0.014197376807089757,-0.001211582665194494,0.016063247300791905,0.0224991060711257,0.0006497734273706497,0.02739615276385186
2023-07-21,-0.03740588654234625,0.038046632718176,-0.08483763364338416,-0.0077276639818835615,0.008244007154124188,-0.03144541701364953,0.0012988203501301105,0.0014051717306557442,-0.027813692998322464,-0.0034602749177868345
2023-07-24,-0.009162563332810306,0.007319674821356393,0.003747942028410506,0.0015800622070133892,0.004137193576479036,-0.0204337614699466,0.002423829203991879,-0.005027734391538185,0.007821874015246776,-0.03972235182083469
2023-07-25,-0.004700459341871453,-0.01716993995311107,-0.001497491585078841,0.010785363636833393,-0.01311905371977054,-0.0006433774625798939,-0.00507965565331429,0.0027181358103488527,0.0012953278265514837,-0.019386871918751096
2023-07-26,0.005881834833033169,0.03278480686866183,0.010620793332132533,-0.003483730561765861,0.009063265465306482,0.01612155035795177,0.00648599518474397,0.001757822462157706,-0.00319712872439404,0.021294393701867045
2023-07-27,-0.005220149910845498,0.0052579022463047015,0.003182819389817278,-0.010434465739436138,0.0022732133069059625,-0.00934602186152127,0.006444198001950882,-0.006241546951032669,0.0025350100553794153,-0.015363573565718516
2023-07-28,0.005723369662602146,-0.004011524620900335,-0.009392416720320972,-0.01787994592344278,-0.0008112463993466226,0.009999026030050727,-5.58434006720236e-05,0.005990627526521769,-0.012292183158752952,0.0072845039304078605
2023-07-31,-0.009251134860056957,0.011930620482863169,0.011275067648679131,0.0046740477109956805,0.006713865139117098,0.00843005119491125,-0.005826344157355832,0.0021057188116772826,0.019493329681072227,-0.005887799747445503
2023-08-01,-0.003795122391961469,-0.005497530885889308,0.006982938486043311,0.006669921986517337,-0.013554948826380522,-0.014242379836358756,0.0019645529113425765,-0.003763418253335703,0.008903825691025474,-0.0019343767787011526
2023-08-02,0.006972632428675527,-0.005514531297565841,-0.0061349029847265505,-0.01317105959912334,-0.022144133276165646,-0.010740905996753274,-0.015313166246581012,-0.007670986908210226,-0.003307924040259727,-0.010163368459448749
2023-08-03,-0.006894220173468481,-0.009214121554236237,0.005475690685603942,-0.00724963478132071,-0.013373309004786813,-0.004211974589114898,-0.0073151452431232614,-0.022491317804117065,-0.011899616883352363,-0.008841366605845405
2023-08-04,-0.0020794974353135548,0.011023889844663426,0.010245550257654588,0.014356199879792945,-0.029560652129211905,0.013499518819402166,0.02038286272277517,0.005683304742894344,0.012742167705160465,-0.002414992729449169
2023-08-07,0.009071101258285067,0.0034202387422010995,0.010572586753668779,-0.0005750856409741628,-0.009463540593539339,0.005682044234025214,0.001965034534484324,0.00529257151361379,0.01169256764463156,-0.00010980451563934
2023-08-08,-0.0013048027484197885,-0.0014046866319231822,-0.0020120841716109545,-0.0008178532346452734,0.009114664820524707,-0.006040772891664331,-0.006753710043663728,0.004346563166854943,-0.0038678704428157257,-0.005621501668463048
2023-08-09,-0.005334123261825476,0.007343373564169404,0.00301670633600411,0.00036347850328292367,0.0011336542577742117,0.0065755780897134315,-0.0019219376432528137,0.0008228028102103889,-0.0023365403306811077,0.01383131525956366
2023-08-10,-0.006091769509897593,-0.0030595127038976037,-0.0038083597496171933,-0.008915696134260047,-0.00017434200260900182,0.004445230992096791,-0.010122298764675719,-0.008880681534760609,-0.0059092274597573775,-0.015158529576889455
2023-08-11,-0.01385340891549946,-0.0018931503628360092,-0.01249585496410481,-0.010477391656646486,0.0008714062205873691,0.004209568513307219,-0.0002871669380842358,-0.011737563982319135,0.0019444800422844727,-0.006663019484517063
2023-08-14,0.012433218081284166,0.008077894896365468,0.01569434121276453,-0.0048920606474521094,-0.02352662761343983,0.011747781787277655,-0.004028520407305704,0.007006898971528551,0.00030451169877231837,0.0010022875593875683
2023-08-16,0.0076687111235553065,0.011642899544192455,0.01774545483580904,-0.002921938012820754,0.00808080187857068,-0.0008150395843536493,-0.011717069652655352,-0.0031835504990988988,0.0024752802860724932,0.002334771651186929
2023-08-17,-0.003669524895464292,-0.014428752109325151,-0.004911482280342508,-0.00555638255776814,0.011956311303446977,-0.014531511533479518,-0.000291736558685739,-0.005083474294089535,-0.00657081122907928,-0.020758148717994036
2023-08-18,0.004511487875657494,-0.003985340748513893,-0.016248271082673106,-0.004109180919151276,0.0013971998286794749,0.00738006706902142,-0.0005254704804989494,-0.0010513735839086458,-0.020183260822828234,0.0014728980567347198
2023-08-21,0.0031266316310679886,0.0076543188190084585,0.01188182236748468,-0.0007861698023311991,-0.0021841736946409994,-0.01097134177115166,0.01816965791010823,0.004774782746598968,0.01020852908394643,0.01382897275365049
2023-08-22,0.0011894376409144992,0.006197209889418486,-0.001174718667628044,-0.004287089191795257,-0.005613057742677551,-0.00023809257755903963,0.006515848453738637,-0.003355689400368462,-0.005748844332332635,0.014300988351016067
2023-08-23,0.0032099853818906648,0.014380294527626146,0.0029874396851191356,0.0024610260657701656,0.014667748625441618,0.001110744636489452,-0.010883288086522933,0.015478286237101594,0.00474894202977662,-0.008400635724980187
2023-08-24,0.002793375627679671,-0.010895966863158921,0.011053981199403982,-0.0046115633151366875,8.646030511133547e-05,-0.016953623409166473,0.0014962060540025968,0.002169676651511003,-0.003094727368534815,0.0009985856698829301
2023-08-25,-0.006880813633721716,-0.01868048225690611,-0.0024613135687746807,-0.011334864341323999,-0.012206827703026477,-0.0046279636875609,0.004647345061774052,0.001495367417066865,-0.0019057343261789826,-0.01688618825856036
2023-08-28,-0.003066896862004749,0.021355474616889934,-0.0031385936191649032,0.010352885578193275,0.005075264765409937,-0.010016169574661763,-0.003612765233895393,0.00015450171326603378,-0.0017018016683556843,-0.004407971531535735
2023-08-29,-0.011629797412431857,0.008717687159494052,0.0014118163759986898,0.007922918063062362,0.003485258129319126,-0.0096215526027841,-0.017559959709557395,-0.0028891078721423272,0.00017762482046995958,-0.0029495601786134547
2023-08-30,0.00229336135343048,-0.003666291811888497,0.01226868210762611,-0.007320969174837046,-0.01304462850767434,-0.0009507739555012838,0.002977234630316599,-0.009186929597476046,0.004374072993344599,0.006116254602659237
2023-08-31,-0.010681021340858564,-0.002328235812594057,0.00020903006201357632,-0.0046030541863939355,-0.010720014669570564,-0.00458032360925913,-0.0015750193056845955,-0.000156508348881839,-0.010121943560481973,-0.00702550244259466
2023-09-01,-9.977442424533947e-05,-0.0002220683312357389,0.00583489349805937,0.0020661480000676493,0.014502030617970176,0.0023446061369891196,0.011089537083744237,0.01032469260279862,0.006650893895191714,0.0030655852129468503
2023-09-04,-0.0013583140576086835,0.00332521054191867,0.014610310594982325,0.006235789858319944,0.010479488051195201,-0.000808563853587899,-0.0007509183874104739,-0.0013946757416363437,0.011562917311853183,-0.008081605189270789
2023-09-05,0.0022563380681870733,0.008027061170077574,0.009374990328975612,-0.006108775390683325,-0.004440379354356931,0.005336998717338766,0.0006931699517302031,0.0010848660281001922,0.003168850997445452,0.012718802834153706
2023-09-06,0.006539952937292351,-0.0009151001983794519,-0.0009808865000586384,0.012995315297018943,-0.004372407538520792,0.002101924682476435,0.016493263728341343,-0.011319467888019845,0.00016031507538965045,0.009769365106648609
2023-09-07,-0.006380585606701061,0.041588631458554105,-0.007643684011328856,0.00957488130882906,0.014875496359482793,0.00135785587028264,-0.005696031319719718,0.008475717197475035,0.0073637322418649825,-0.0034701566193076584
2023-09-08,0.0025291564283689725,0.019207365355796556,0.002316274143020733,0.007760667895498808,0.007570001785729795,0.006639143241504385,0.011980939235826354,0.005061413619782564,-0.003871226538938483,-0.0073153012036838985
2023-09-11,0.008891080145414558,-0.0025536706073274514,0.0046503221299657015,0.005161092369501317,0.014041057607392791,0.01072571434428471,0.005572320441625165,0.007902322821903734,0.011195365678263555,0.010226551046600372
2023-09-12,-0.014855863822866043,0.0170945288203816,0.016557712233741483,0.003120429369934986,-0.005678003090473818,-0.0145521316755187,-0.0004491181623497643,0.012444652329140707,0.02836716374188546,0.008793969543149862
2023-09-13,0.003076757251685209,-0.01276771241196178,-0.0018337375717307563,0.00426726978750234,0.013673640922862917,0.004989910999348919,0.027417152730634217,-0.0007070361288000775,-0.003622866309993774,0.005195361990117178
2023-09-14,-0.0022967842382481747,0.004068473974757135,0.005723218479750538,-0.0006085627406341755,0.0014240449368036708,0.000917634767487955,-0.00021852507699403854,-0.002123798703575236,-0.002188521931080701,-0.007858865877349276
2023-09-15,-0.012513920047344458,-0.0034493823533175067,0.0030809879222539697,0.011408391674111151,0.002508115779006411,0.0018528531977041057,0.02290628986052988,0.004797629471398146,0.01068679787053044,-0.0035621721782592972
2023-09-18,0.007643617580251537,0.003877540345000398,-0.013185269434519862,-0.01987425718404131,0.008563865974617165,-0.008745028326198926,-0.017184680282874138,-0.0022697220627858287,0.00217917097481441,0.008218521049545496
2023-09-20,-0.008798270200491258,-0.010275704756122593,-0.0010395655854823645,-0.040942184390655466,-0.004730193417135493,-0.02253855672589171,-0.010377492948885106,-0.00308491948616388,-2.7701597360829497e-05,0.001989038437228838
2023-09-21,0.0026314426517901695,0.0032301049624763913,0.007687258698574246,-0.006641028361582582,-0.021779205067061026,-0.0073100088488482606,0.007929362787976737,-0.028618166941233588,-0.005770726419651782,-0.012105313537370018
2023-09-22,0.0036724668476258173,0.006583243109965493,-0.003735973314010314,-0.015374881493212655,0.016859436646773026,-0.004173970708057742,-0.0071609971323174145,-0.009426128722646473,0.005104844632844144,-0.00988099775732058
2023-09-25,-0.002662077951019406,-0.005497364408746031,-0.014813593320017096,0.0008821186045531714,-0.006878146771185193,-0.006176244535157568,-0.001097807193386375,0.006346188847842133,-0.0073806992146086105,-0.0011291092172336337
2023-09-26,0.0012510740659477195,0.0034565596618363705,-0.00920010051684808,0.00433412642124973,0.0005891203569062743,0.0008755431878796222,0.0025231300466719763,-0.00803124472660441,0.002387297586769534,-0.00033896544680731515
2023-09-27,0.009155507805749741,0.017864865296530943,0.0043381967991609266,-0.007048528308746997,-0.007853822483057016,0.011206985364252482,0.008238145295796707,-0.005920387163851917,0.001003467593879709,0.015029538272845306
2023-09-28,-0.016686798835816266,0.015046142068300475,-0.01895857849874145,-0.0020651200265803904,0.0003391370894749728,-0.014799403007608987,0.0058508309188885525,-0.0005302486440267681,-0.01474895868932919,-0.0188790907165525
2023-09-29,0.002131580214249926,0.004491614011419075,-0.0027827760757472035,0.0017049421651402035,0.01447213525604506,0.004658980618829159,0.0008098739023023946,0.009817978098235449,-0.0023070567567896457,0.008247166476386916
2023-10-03,0.0013374059140504803,0.016303965673294025,-0.0010105922251064832,-0.012029061669850223,0.0073242820042506976,-0.011516038901986747,-0.0011881020617114022,-0.012261053271852548,-0.00418890534933562,-0.010518560387120032
2023-10-04,0.01565317424535866,-0.014915810897756922,0.007191684214499948,0.014156097252394268,-0.028087828269116658,-0.001726814993888147,-0.0011354096544108916,-0.01096064515473673,0.006778595931413226,-0.008334900111742642
2023-10-05,0.0046544260174621686,0.02230726667541147,0.013137196236781227,0.004045323660233168,0.010013585914947413,-2.1568032247785243e-05,0.004964707000638249,0.011545336064313634,0.014480277503587676,-0.00011463251445600607
2023-10-06,-0.008029732933210907,-0.0007592592102011363,0.010366712500272419,-0.0011074804393060857,0.003540072830787884,0.0016838957693552123,-0.0030190503624476814,0.004612953285603718,0.008889625866277033,0.013892283610189942
2023-10-09,0.004749890178160775,-0.006160572196217024,-0.0022003270396160736,-0.011671167866655643,-0.015517378440167531,-0.0085567721116389,-0.001621084061201476,-0.007007173237186212,0.004669481864609934,-0.0038521691145433144
2023-10-10,0.001949207722310096,0.0004228124888813803,0.013263645527284946,0.005655825726443974,0.011132617074237404,0.0044065708271678935,0.02541648113240839,0.013334930217768558,-0.002600868453564535,0.008927978517671934
2023-10-11,0.01585032248537051,0.004120245356375514,-0.0005017825503632375,0.009626532006059035,-0.005593480338990051,0.01575201128006189,0.007615758614069865,0.001995447171377912,-0.00524934815911044,0.008626120096958664
2023-10-12,0.00023462964889292218,-0.0022527143652275776,-0.01952836250685432,0.006635571952112572,-0.0039166948723161525,0.0018532221174335914,-0.005509069000085092,0.0012058784679430455,-0.018833140812628962,0.0054508152051304486
2023-10-13,0.004857315352622186,0.0025440730889343256,-0.023718048669815816,-0.00913928137865396,-0.017037148131918076,-4.238413605545959e-05,0.004042970548692699,-0.003096264554616033,0.007956718292648579,-0.0052277228628115424
2023-10-16,-0.004348819972590997,0.00397320244845669,0.002093886589388439,-0.0040125686719184265,-0.0008680442933169583,-0.0022372332678556924,-0.008049522132763672,0.00010518045712462147,-0.013192771286622162,0.0013372723107838943
2023-10-17,-0.0008409963183482343,-0.011543213816382236,0.005770775915111057,0.007555003030697969,0.0013885988572599837,0.004766721266061448,0.007473019596560693,0.0026242315187609997,-0.00483565472942811,0.009973453316316109
2023-10-18,-0.003095161601182861,-0.006773751120489463,-0.0013181320812053626,-0.014015368231542895,-0.006613760766079521,-0.013357059424105706,-0.0008392668818070473,-0.010697496067708784,-0.00566174978672579,-0.0039773269829104976
2023-10-19,-5.882828461563786e-05,0.0028852920503409244,-0.00480130500568854,-0.003163514565891367,-0.002535355176876704,-0.007710434341035911,-0.010444273857199675,-0.008513006059594269,-0.006518811003875069,-0.002771531629965015
2023-10-20,-0.020999334956030236,-0.013862702952064784,-0.0044741217510311905,0.005168280734954853,-0.014282195054460036,-0.0030617559096714976,0.0023833012974212786,-0.0032111129521378394,0.011193996961061705,-0.02723253881127712
2023-10-23,-0.004679859164683235,-0.018105622880612262,-0.013117775758961774,-0.011060328752267364,-0.018189593406354735,-0.015738082526431486,-0.006261633972552995,-0.0030063659840061487,-0.024448155076638254,-0.005490610063686992
2023-10-25,-0.002499539436981385,-0.014367780612562407,-0.014924104691885131,-0.006361249911555626,0.005860254363729937,-0.0023223352875044972,-0.017939171386301557,-0.015005366579830513,-0.00589682087201908,-0.0073684636978862345
2023-10-26,-0.000363551484573842,-0.01781829901262553,-0.007766992020740154,-0.02236660096123575,-0.016679088243370437,-0.01402644939506579,-0.018708503297445313,-0.008165457050456388,-0.015862255734076347,0.0038061948721796746
2023-10-27,0.002279090760050141,0.012936908056965197,0.015256885220917539,0.003921532738143072,0.025539438369089267,0.017496973552697984,0.009999540977328511,0.004502033297615385,0.004246605006802052,-0.0013823356346833007
2023-10-30,-0.0012699455707349129,0.008390246760697431,-0.0023934035339401223,0.010798129456718078,0.007191352611670787,0.020401406655956442,0.01265742527314805,0.013223583944278248,0.00820280232495222,-0.007637109913208773
2023-10-31,0.002055195814345467,0.0009222777220004478,-0.006301327038998777,-0.005807735201209076,0.0006189541036262737,-0.010694827260050225,-0.012876081776327951,-0.010379194845397812,-0.002905031841501966,-0.0047739663972913
2023-11-01,-0.00474158129736291,-0.011589499974874058,-0.010468390737502855,-0.0013555383073310383,0.0015020200839755333,0.004143753188794344,-0.0010395258759118193,-0.001421251100052917,-0.011374146311114344,-0.0007004455716120856
2023-11-02,0.01317567156922605,0.007843969865209445,0.011746222430613589,0.001524754352247617,0.01001311152188195,0.009875230633410219,0.011321117778735056,0.006434135852651855,0.00880318130484687,0.007099248485157953
2023-11-03,0.008987173080172156,-0.002350200194781361,0.013699892685766588,0.004729038674870409,0.010519637573682928,-0.0002155648248729894,0.007440989673692376,0.014942968530712876,-0.0027416329086765445,0.004858810851937608
2023-11-06,-0.004733674425942582,0.021812841445287327,0.010206614736489223,0.007218923937214956,-0.0065943613151583595,0.008285637898362393,0.009037794219212325,0.01239869633419227,0.008720580899846078,0.0048354802490916966
2023-11-07,-0.0003806092774244253,-0.0047669377743431145,0.0007123255786537106,-0.004862850391096796,0.00935798327074637,-0.00651956794963153,-0.002185150421615982,0.0027989507455248503,-0.0029034113335597053,-0.0061058769415715235
2023-11-08,0.009131337144815455,0.011799853389791464,-0.009516097110056639,0.0028870942720940285,0.0009482025917241738,0.005193367951932581,-0.00042696678993699584,-0.013111620193093728,0.0032881000063068443,0.009774305743373566
2023-11-09,-0.017073966912327203,0.009433290788262605,-0.011714611746167534,-0.003963433399642182,-0.003365995619070923,-0.010911625595699779,-0.004708108651779558,0.0017083558407141198,-0.010135322878324025,-0.005853029724125162
2023-11-10,0.003969036858826982,0.0027731118244001107,-0.004337272620512884,0.003929842804800385,0.0019866157700142513,0.0018808672788158628,0.0033728597010888074,0.0013327430082302775,-0.004191112704095804,0.004937224101675129
2023-11-13,-0.0033838940626326067,0.00501499981144948,0.0034276939801323987,-0.0018118876956835547,0.003187182651070501,-0.00012958674655270613,-0.0005346124278308896,-0.0044312776980150225,-0.0005702251730642061,-0.0012606241265023465
2023-11-15,0.0033236321814015804,0.005381651882953052,0.026545623256032307,0.010423781055683473,0.005745954289788157,0.017919251178231628,0.015915467498938914,0.00709124915517779,0.021601784521278866,0.013554434997062157
2023-11-16,0.0019287440976622817,-0.00451275068973888,0.024095834329027697,0.002622166736940821,-8.542447398733048e-05,0.0018019807592691962,-0.00047378636627220887,-0.005433936894580279,0.02710901165975524,-0.007494877368534941
2023-11-17,0.014980359821674187,0.01878256914037766,-0.005099818598196276,-0.0021570481639877855,-0.03764506002596064,-0.0021838295338623636,-0.0023724354576776805,-0.01523296771619311,0.0013143161983176312,0.0013667426250623346
2023-11-20,-0.008877562101733804,-0.00651841945521736,-0.0006611739908657725,6.64036551389585e-05,0.0012424764693437034,-0.0026355934228365512,0.014774819725962528,-0.0004339429614508416,0.004884709443303879,-0.00559330107994167
2023-11-21,-0.0004787770593835837,-0.004526516931352491,0.0016692838988760727,0.00843499896887206,-0.0039991148569679036,0.012499441587642608,0.009781405166619576,0.0050336395620948415,-0.002674523483119709,-0.0012598208303246572
2023-11-22,0.006623915754537391,0.0024199300819325448,0.012979976243086527,-0.0035636663267642086,-0.004551740739339298,0.00390175838583882,-0.0011336743734461482,-0.0036238616203746305,0.005667489170248322,0.007877156555135536
2023-11-23,-0.0007932657712668618,-0.01196182644389018,-0.005882144482951984,0.005768174673051969,0.00178748228591027,0.0030520833497362024,0.0070901031151321195,0.0002708963620866654,-0.006223156355583343,0.0014770880164659951
2023-11-24,-0.0018669714983510952,0.0028198063782071355,-0.008210347305056796,0.007074151464230507,0.0007140072387461835,-0.0006681927214821142,-0.0035901520689758694,0.006910011204744041,-0.014687215419070558,-0.005807463182406652
2023-11-28,-0.0018504324715883673,-0.0013924645256875254,0.003680414031982163,-0.002254332015998201,0.007290300708709779,0.0002088839895437106,0.012001884987668326,-0.0042050761126204775,0.0037678231495899737,-0.005841713659654556
2023-11-29,0.005759037635576223,0.011004805841161014,0.011646079939926151,0.01975583097724244,0.007325380045730951,0.0026276508612245856,0.010604536014958924,0.015120064892067703,0.012485961653395961,0.0044701975709942375
2023-11-30,0.008085897667485648,0.008218971175047902,-0.0030534097337112714,-0.0002245520621041692,-0.006794038259419607,-0.009731746410154826,0.019203569591600897,-0.004961137444141808,-0.00747018718280813,-0.003207402461400805
2023-12-01,0.0070852126343543135,0.025859188023249064,-0.001960440026911375,-0.002183546057460366,0.012318646918138554,0.007062301602059981,0.0,0.012489176744349316,0.006872257815887096,0.03161965212886218
2023-12-04,0.014963609417340533,0.037795525917043465,0.008262783632472568,0.034128725073309565,0.039355270723728256,0.01075933842351431,0.01777738998614168,0.04593407499845616,0.00022794364481486956,0.009404300434918906
2023-12-05,-0.015119549045999691,0.000573212341908944,-0.007127328442861412,0.008845904164614702,0.022528805394149462,0.0072252754757847915,-0.0017441494262001108,0.02219936056236529,0.0054372121054334895,-0.005078391153501593
2023-12-06,0.0017148992627967056,0.022914839918393364,0.013899409548722243,0.0025220791234177352,0.0003288239076980857,0.009533024319830425,-0.006470400496545469,-0.010115700351780834,0.020321154141487746,0.025137841743466813
2023-12-07,-0.019426718709681493,-0.010877476951740619,-0.005714095308153602,0.0016265682073388946,0.005327235945875487,-0.0016470478949642312,-0.024155819268699707,-0.004245227589335351,0.002992063189641815,-0.011179156762776603
2023-12-08,0.0016069806161035176,0.006786388863771125,0.017078302690763825,0.013856771399640333,0.003997295320345789,-0.0005292949586966765,0.0002499359470930438,0.011792040365462527,0.0032588594929006324,-0.019730706208333858
2023-12-11,-0.007421683289585576,0.002173152745568822,-0.0017786796931383473,-0.0013316334862504451,0.0001628459772353298,0.0014649845879043826,0.0005996780969229039,0.006163904183069449,0.004456896599631039,0.007320227485321315
2023-12-12,-0.00035936045705919797,-0.012901119303013714,-0.008399429119693658,-0.009983148289963247,-0.0030163203089302896,-0.014457498903208783,-0.005610926497490785,-0.001377429854005962,0.007983708943265555,0.0014356507634060859
2023-12-13,0.003649401001305359,0.0170275297644201,-0.018495931631256013,-0.0022660189221020517,0.012091653410671083,0.004075633324998947,0.004661357717723249,-0.0017737125240302792,-0.021623066979967305,0.005612144592517444
2023-12-14,0.0017698086487085776,0.009747072659171185,0.03555766052483183,0.01173423404255615,0.006111986421836405,0.012331545010691421,0.005286528879841709,0.01929191181073514,0.020301335199701575,0.00971887822312137
2023-12-15,0.002599734790436322,0.015864815757520478,0.04998051671891219,0.003870981181730778,0.03868704388748413,0.012682336323983192,-0.01266446390963725,0.0036214057775454584,0.05148421897417057,-0.004138131698335589
2023-12-18,0.004981670818473778,0.0010316360162833014,-0.008941406956892141,-0.0005133614769800934,0.0003854576940321755,0.010126395984306256,-0.002319972729464426,-0.015494430918841198,-0.0004662680551684629,-0.014398082522729314
2023-12-19,0.0098899038032348,0.0021027310631748166,-0.0038748206072940316,-0.0016925175217646228,0.010583873006507528,0.014609255254054525,-0.0018193382151133785,-0.005891282448414607,-0.011204702769807597,0.009804453212916838
2023-12-20,-0.0012503394794774365,-0.023261020895836693,-0.014153527376451366,0.002477348293333742,-0.029339856744101108,-0.012172643631950478,-0.01724537312121752,-0.008703875685845127,-0.009517960838844574,-0.011244716214715362
2023-12-21,-0.0016830206686186922,0.0016514313149396727,-0.0002604075289047261,0.017765188399380422,0.011404456812900815,0.013910703380059744,0.006514740171813921,-0.0022376690503136446,0.0019689824316829387,0.0009973684579052202
2023-12-22,0.008735342882466947,0.015589677260972429,0.017361377241454076,-0.009441453974690523,-0.0109333114695164,0.000975020256845618,0.011842809265845298,-0.010106671677895758,0.009590838947139652,0.008272059858119647
2023-12-26,0.0035461627772182774,0.0034730672364317932,-0.01219892638699281,0.006918675865884064,0.002039539984655344,0.00505537388190799,0.010354933799027898,0.0008042738204927314,-0.007467717398271646,0.002742346675124824
2023-12-27,0.009069766086455384,0.015340007946097623,0.014882804631798877,0.012316485739670438,0.016322511239105046,0.0034076864289879025,0.021128486968134064,0.007159554181741023,0.004114747013908622,0.001423078604705111
2023-12-28,0.009729076422874088,-0.007349174316978457,-0.002843738165136869,0.001144104075414717,0.004384874750408645,0.007202910694512857,0.015064132846274374,0.0036351792555546288,-0.002969390324493497,0.015197877099101769
2023-12-29,0.011382350108140139,0.0022572219776077675,-0.012719393453216212,0.0023429886285107272,-0.014457912201220504,-0.007937696248074725,-0.004350172196045413,-0.009288523534119865,-0.001712118459413463,-0.004318875833585454
2024-01-01,-0.0034594954731422324,-0.00015605646345127525,0.005461720263010552,-0.006544702080930583,-0.0010908700131539333,0.0020482185326106445,-0.01872680389939802,0.002805652127710696,0.0046552258206163655,0.012793969581558763
2024-01-02,-0.015545424120881501,-0.025089042552368677,-0.010985980239947393,0.0005887110108656281,-0.0029666863528181077,0.008246924901964043,0.008502339819395056,-0.017309230613186014,-0.007347771526943107,0.004901967071450258
2024-01-03,-0.0027776057674051596,0.0006542176451943459,-0.02936338155300515,-0.015540052839858692,0.006235833034495065,-0.010933669892535648,0.013126700454390718,0.0018308127051713046,-0.02446953066802233,0.014563353805699477
2024-01-04,-0.005385461881642638,0.005319542575122976,0.01512004001635357,0.010672790437672981,-0.0010884950902945066,0.005154497651877976,0.01219350928336813,0.0031453385524635048,-0.0067812213859619426,-0.0017826579320856023
2024-01-05,0.01055142935033989,0.01810786913107211,0.013036859593413632,-0.005128926527539486,-0.0012454756057496993,0.004246407406257107,-0.0012412545283422781,0.006613313354589065,0.0192045677164113,-0.005156004724027241
2024-01-08,-0.016082576905411865,-0.005923404930581331,-0.006382312805351575,-0.011208756259091589,-0.023563920938174537,-0.007834287972401772,0.0023382132933181515,-0.011844018233613004,-0.016073092124361095,-0.017989713594961838
2024-01-09,0.0005815959570413187,0.015544962455716817,0.004259600085251148,-0.007815534946858587,-0.0025549893075907993,-0.0026510761826796093,0.014620155271025257,-0.0022939031915324695,0.003148487003333913,-0.0020429617632151016
2024-01-10,-0.0009113437547226068,-0.0029429977835480096,-0.006165722507202596,0.0032965545148719963,-0.005853396357903042,0.026614317805835674,-0.0016924464307180782,0.01348357732022731,0.006254295216345609,-0.002694312527724903
2024-01-11,-0.016114241862058135,-0.011531469042478492,-0.01705372500373563,-0.004205691886550588,-0.002496056421480636,0.025960841070860236,0.00014115636200143087,-0.0019150942238385284,0.006041389374277474,-0.0014039443290249176
2024-01-12,0.0030707982417256413,0.018081681709938204,0.07634990829180631,-0.004741427958398496,0.021375792275848796,0.007928652008496408,0.012621672556929754,0.012383268645642721,0.03866170934077673,0.008715786314381429
2024-01-15,0.011412615076832605,-0.00724143263449328,0.024106390811315447,0.019071169603713724,0.010206491002274233,0.01692703256974522,0.023914101206070213,0.00630788031970455,0.005393692137863983,0.0019265851953834778
2024-01-16,-0.0015945426304198533,0.008557500560681311,-0.01251658184673322,0.0037889068924103994,-0.005011750542297142,-0.01408587304162227,-0.005913802322908111,-0.0007924603911835907,-0.010946402430226317,0.010001166348937862
2024-01-17,-0.0024163631640674475,-0.0007138226564797289,0.005287597862180378,-0.08813000533243474,-0.017262168069686005,-0.009538870290501515,-0.009765455328721046,-0.027427886914454146,0.006015939744633942,-0.012142071264220655
2024-01-18,-0.005830617050304051,0.006990506059175959,0.0014622250639369553,-0.033968781999236516,0.003667299975777585,0.00467108571189652,0.0016571947589776787,0.004674506775564098,0.004623117804268769,-0.0023602479745171334
2024-01-19,0.006805524153379956,0.013808515500929007,0.010055119539039661,-0.010484412765377768,-0.0008757313798727983,-0.00036555975875120623,0.0343153912607998,0.01294375301261849,0.01725406119462957,0.012806986646800224
2024-01-23,-0.07688528574039588,-0.026401457413057,-0.010329098717287554,-0.029885037289839107,-0.03674840524478934,-0.028840723591696652,0.02891134406449155,0.02943640840899908,-0.02174080288677535,-0.026215526371170885
2024-01-24,0.027444972203050443,0.010700116977447743,0.02004561249772692,0.019804718319793108,0.02158025258633566,0.011450280580293978,0.027216912223421815,-0.0294364084089991,-0.004272663608808927,0.00931851064983562
2024-01-25,-0.005482656352362688,0.0011834004815627181,-0.003767504355553574,-0.014528968511879035,-0.00901677786018723,0.006822606181177971,-0.025017218473460136,0.010701170027621238,-0.008233052839061512,-0.01729714099472753
2024-01-29,0.006608402065034623,0.03137982584990717,-0.007517168211504624,0.013670125185370726,0.016509201286813713,0.06783800130358462,0.001377654234888546,0.006366113810995744,-0.002443879311426268,-0.012921910895018872
2024-01-30,0.0058126856492407755,-0.020351172522094313,-0.003113795467020535,-0.007140576548260756,0.00608156028817605,-0.028313882327490974,-0.0030161276129091158,0.0004918791980182631,-0.00011843520313501486,-0.026469992340138897
2024-01-31,0.00927107572667915,-0.043180964184642144,0.0057061172874452535,0.012556780316875784,0.021701351146998043,0.01340759553529178,0.010346253822591144,0.011002257484225848,0.004043979974684775,0.0079581330411984
2024-02-01,-0.003208979728812207,-0.023773397783098043,-0.002320732148932678,0.0025947745033100024,0.011101324779670504,1.7492574532515755e-05,-0.016797018573752945,-0.002922107536024432,0.00996065898348916,0.0030529214713201063
2024-02-02,-0.008525737033263623,-0.0064806524459323995,0.021669906899958798,-0.013871532261120591,0.003083349892653408,0.021530835072599303,-0.00034745677531889047,-0.0011224928740165476,0.028683273846059686,-0.006342172745304455
2024-02-05,-0.013587963956895741,-0.010211761081079938,-0.003638458499909589,-0.0008993112898081972,-0.010366874948347541,-0.012893990849977513,-0.03290413033710045,-0.000488346693796887,0.0017633003887167697,-0.004668881767214051
2024-02-06,0.0028272826061270812,0.024387841029767886,0.024733075320054934,-0.0005193000298420066,0.011290009263899803,-0.007831045440434435,0.018242102712971994,0.002829386976701091,0.04013213263685888,-0.01529728450038361
2024-02-07,-0.00037112857090552335,-0.008667064515710778,-0.020858482319684322,-0.009846783814675972,0.037726048788274576,0.010000303309623794,0.0002203410362116335,-0.004149279378940471,-0.012799165126495727,0.0009267333561920191
2024-02-08,-0.003469074076588602,-0.01759278988316147,-0.0009746981834612526,-0.018990871380572746,0.035354225817069686,0.005514640396177434,0.006896771428268448,-0.0326659312532583,0.012339728432458596,-0.02562297012991317
2024-02-09,0.002933026675724479,-0.0032882136133957794,-0.01353594064847841,0.000391902040771715,0.03607922244167906,0.007300338443805469,-0.019360529377000748,0.02140086598853035,-9.676385548194873e-05,0.0022889357460660555
2024-02-12,-0.01600945908812358,-0.007548244552367943,0.0064190035274828815,-0.009736611834159628,-0.02421356858291338,-0.005767250012925544,-0.001384628218952215,-0.014550863691111506,-0.0031498052300502665,-0.021038001847501677
2024-02-13,0.0034940777198985843,0.006630408817196473,0.002645204962635368,0.0031962022606840832,0.007809536891641453,0.008740697337226365,-0.0007600769917553488,0.02351417451899237,0.006964812218022947,-0.0002458573352892952
2024-02-14,-0.002530470995934708,-0.0037705037913279235,-0.010952934078003053,-0.007486009196207326,0.04112180874714516,0.011047197135032896,-0.0017908487110807705,0.0028396986921964944,-0.011976523545336298,0.011731878702561191
2024-02-15,-0.0156580504378302,-0.002632677636010894,0.006073130294141443,0.02144397457609034,0.024318588485755743,-0.007300311189953488,0.004337105540292041,-0.005933302099176723,0.0007558162877797862,-0.01876321696858221
2024-02-16,0.010325730079294288,0.025857317456419244,0.014979649528375277,0.004128508755432188,-0.009232520005202586,-0.006840267273681467,-0.0006247669411068332,0.006470957126085942,0.006098534879587281,0.0017315112615674403
2024-02-19,0.004997463725304959,-0.01394477310009688,-0.0011172155144627328,-0.0019739579571457482,0.006010795302798068,0.009149587225425334,0.01962752591879002,0.019836136295273993,-0.005952378112659476,0.011427429007718634
2024-02-20,0.0070754674940017755,0.005047374975040305,-0.00856729303148356,0.025912214007308677,0.0011188690148357478,-0.0020203736411655506,0.0015309199379583884,0.004778929619310324,-0.01798564816099558,-0.007726804810789339
2024-02-21,0.001247036956017143,-0.018142370293111894,-0.017780507487038886,-0.010472160781487813,0.014886701255472066,-0.00226281657725276,-0.0035466253708002745,0.0030465303910611656,-0.009760552020240178,-0.006794727402955111
2024-02-22,-0.007924579222364413,0.02022548452786717,0.015463644540254689,-0.013712582125102447,-0.007285007081584442,0.009527259641250748,-0.0038234336917955486,0.01016739670549478,0.02366863304852393,0.027147648009865903
2024-02-23,0.0025093065900018423,0.007168612492398177,-0.0026800270600986264,0.0007393681163578708,-0.008984068450293396,0.007982241566336153,-0.008667657773738425,-0.0013181690331904071,-0.008600471917661275,-0.007386435093780698
2024-02-26,0.004230453724156319,0.02397274215405372,-0.010009073334961035,0.001195961318431395,-0.0001975046826747739,-0.004226876364161459,-0.014044393541610332,-0.006712596946323875,-0.01267852732315846,-0.005361795322081265
2024-02-27,0.00043669802577886983,0.010406298061260099,0.002075967416108294,-0.0015127920800530419,-0.011997008969243777,-0.0011267261274339974,0.015597776509774891,0.005675463393394108,0.025502766068945838,0.004753839770960437
2024-02-28,0.006733261861953995,-0.010391916855457874,0.004587920163865722,-0.007598480105987792,-0.009850300988419805,-0.02041710936409225,0.0011079427829541293,-0.01329308538099845,0.0035387183756458392,-0.006955829012833554
2024-02-29,-0.003827301473311826,0.002115901163497111,0.0015844947621944006,-0.004266151791758297,0.007513908121488273,0.0035489152085404862,-0.004795541728621972,0.005718738158059377,-0.0058070902483483705,-0.004910432400280883
2024-03-01,-0.001078337719303441,0.043868289660627925,-0.011536571710191292,0.019300852507311176,0.027749294514576597,0.02121698926059812,0.004751348468086963,0.032446384883064346,-0.00018320024195260949,0.007845142331751329
2024-03-04,0.005091466561431953,0.0030091120222997645,-0.010632303528858626,0.0013619903045938874,0.003763306074415772,0.010185052877913468,0.004243609242849732,0.005001687103622992,-0.003339501099562359,-0.000977337076177723
2024-03-05,-0.009187449822514704,-0.008777689569409995,-0.018929487878760642,0.005672389017077277,0.015296005822029722,-0.004787913526466285,0.0307529722717758,-0.0039440626802712386,-0.016953739703764327,-0.007237113280505061
2024-03-06,0.000395819835634507,0.008160121345045623,0.006854712620869483,0.001213893497988917,-6.379436906696052e-05,0.0018647370079962877,0.020994518462202332,0.008283119218567546,0.012926861142914258,0.004177010710146759
2024-03-07,0.007779438022797946,0.009495678671194269,-0.0006802549153798668,0.002423287150152405,0.00527998686765395,-0.016147689351179946,0.005013864410225376,-0.008375146292837983,0.010840751598270271,0.013878883767380812
2024-03-11,-0.012350783599150287,-0.009934995441865224,-0.009853817734027642,-0.012735530015199755,-0.018377301304204667,-0.008368732630826051,-0.0025874179175562903,-0.008538698402337036,0.003341056106702568,-0.010085710240073775
2024-03-12,-0.00490786250166948,-0.005218909828386431,0.007686189465193911,0.021993382756353402,-0.01826053756636641,0.00599937383242669,0.0063728870980837545,-0.0017164085811747607,0.016814257231103927,-0.012164542406125854
2024-03-13,-0.027950429826493556,-0.023212570916681358,-0.0009614023722721709,0.0005822451039088318,-0.016523959045603522,-0.02975179291567604,-0.029922200986013787,0.006571640638521883,-0.010370333307504547,0.04354296725589669
2024-03-14,0.009468138046450861,0.019491921114183505,0.02567001111148618,-0.003395379377066487,-0.008331637192992906,-0.000488966701118936,0.021876525629890137,-0.00032294977404313287,0.01402505515955398,-0.00664996630512862
2024-03-15,-0.0029599423701201916,-0.01988767189163141,-0.011742443698552716,-0.0019255214618235153,-0.012424154953817131,-0.009299236512289123,0.02103954646882407,-0.00300369569811905,0.0027650256157817697,-0.0013115856578728466
2024-03-18,-0.011993203292046613,0.006776203347539971,-0.019372406627348623,-0.0045538433492214965,-0.0012988301562652728,0.014872310668829271,0.004334851058705921,0.000786483635193951,-0.0159467705632411,-0.003944774658057986
2024-03-19,-0.014452124659554887,-0.01684897504626288,-0.026043681338046985,0.0022795138585271057,-0.009829964180055722,-0.009931169831667868,0.0024860798307891397,0.00254016183696821,-0.04310750077977097,-0.019105806927420838
2024-03-20,-0.011089121942126802,0.0022820402554312117,-0.0041715429165138,-0.012706701210274285,0.01705459323360376,0.012896729249378083,0.00280473310319721,0.0005073962784448784,-0.0016104102821870362,0.014904928933313183
2024-03-21,0.0001781713343514697,0.014229987820166264,-0.0001607625070537033,0.01021963679582201,0.010874443935533114,0.0049917676621259646,-0.00897006499780301,-0.00249276537924662,0.0005162378025091738,0.013262584773113796
2024-03-22,0.00631273282870192,0.016105523132736253,-0.02993478069309366,-0.0020078980984707755,0.00321935767249161,0.002787400362141478,0.01245471639758539,0.007826561668336814,-0.015741473109607444,0.01729760037400739
2024-03-26,-0.007361275860507773,0.01435280309806547,-0.010794674964908968,-0.012167766664900253,-0.008945715536473893,-0.009286857903587112,-0.018782156469496693,-0.006071860334569254,-0.00857676311390952,-0.002218979442566461
2024-03-27,-0.00013379435895750195,0.00984220221052421,-0.005913030584097582,0.010676536592607365,-0.009162939957373805,0.03495071826923379,0.009598599117189759,4.6252293446452396e-05,-0.009483983097138802,0.0008180486501817055
2024-03-28,0.010945770902633803,0.015394512772910372,0.009524129858843242,0.004985241272363909,0.025646759205783323,-0.004700069633377263,0.00309770085689455,0.008773403864114047,0.009174380040287759,0.0008173799935440281
2024-04-01,0.00947195171262199,0.019495767016430965,-0.001737174397594472,0.015488234908235598,0.007877484818308864,-0.0007236314636311933,-0.009199002290020703,0.00579126901793895,0.010381012118545275,-0.003859342908356931
2024-04-02,0.00035002259119677607,-0.008004848815967296,-0.008461080030148945,0.00654097438736357,0.010625153136746513,0.0014637721158250237,-0.007503287429770607,-0.016920419245433492,-0.008448124248811448,-0.001993984370170249
2024-04-03,-0.009446646914635015,-0.006574564568853927,-0.0014846935304340325,0.0014515134110529458,0.006048948354056745,-0.01037681022718733,0.014339016233011192,-0.0037066202043438278,0.016217764613576244,-0.0015275036906008646
2024-04-04,-0.00011032914116446226,0.004063148664795414,0.004077614859500752,0.030102880297575085,-0.015356222124960371,-0.005912319337239691,-0.015498420965417545,0.0015307135421990985,0.014087380051687437,-0.005778768488517829
2024-04-05,0.0008825188478856805,-0.01452100486466717,-0.0051250555464440635,0.014266733690493711,0.007152019880843658,-0.0019329595467789268,-0.013220357861511224,0.004208643679433999,-0.0060257442510340455,0.011290354763352646
2024-04-08,0.0008817406950528055,0.017150644277222696,-0.0016239910709796312,-0.001905579864090366,0.004631300537200385,0.017566171752555933,0.011437269744421531,0.0034552825300337964,-0.0016852708076512306,0.0036186316564725024
2024-04-09,-0.002117757242029999,-0.005952744531721917,0.012216046772932133,0.001260032918006811,-0.005350808207519155,-0.015137788908874942,-0.0002075662210486508,0.01813925285908309,-0.006566291806235171,-0.0064293539430723525
2024-04-10,-0.0014363494297130915,-0.008503254183142054,0.007962424565722211,-0.007909512019926577,0.019245620220033833,0.010821474191097096,0.020503259506668748,0.002120538251948451,0.009607590804729354,0.024558223166222193
2024-04-12,-0.012730463632702717,-0.019899847846366413,-0.014741817380568404,-0.011390273709138077,-0.016501373445643373,-0.008433076833859113,-0.003136483982443829,-0.004517190349010964,0.004194848763423294,-0.015800940828483958
2024-04-15,-0.01728336665928161,-0.02155284899702067,-0.01124329522347016,-0.016093793923482317,-0.011550142727549333,-0.0015860082704179151,-0.0008162871092068962,-0.023870097311058956,-0.015159048093509257,-0.009813302188129654
2024-04-16,0.012118442634788817,-0.01605527424765616,-0.037262391815320664,0.009687408404858214,-0.0076862292906446725,0.0006313337514162649,-0.0066367104446251445,-0.010534178419582155,-0.017507475229342945,0.0
2024-04-18,-0.002705385363673257,0.002114369640962771,0.0033877484205813093,-0.009687408404858235,-0.009221618134710287,-0.0009727133814029409,0.03972808260086592,-0.010930649828492761,-0.00279266023175944,-0.01669169371457593
2024-04-19,0.00755671102256124,-0.009223028238931988,-0.005652702811423087,0.0241916268551896,0.007557261021982548,0.003953092173057183,0.01820187674558484,0.011118067499551333,-0.00931291050169943,0.013987972192608793
2024-04-22,0.004426439007710963,0.02646324413518606,0.015119786229975361,-0.012551610765343507,0.020639648445498062,0.006593223106844586,0.0066111501157672765,0.018014341139394905,0.009985998978958948,0.001294067877977548
2024-04-23,0.009435504163689459,-0.0007061439781997455,0.006712758312824934,-0.003046480782671206,0.00896637465054857,-0.013966705955295153,0.03394385425331944,0.003307390389195923,0.0026100673982177025,0.009128162204724705
2024-04-24,-0.0011053760938301617,0.006818553513158844,-0.0081095983402405,0.002715787121463071,0.0001293836206142625,-0.006289791451203618,-0.004442340196628592,0.005944202480269627,-0.011329220212511967,-0.0006991591765608023
2024-04-25,-0.013092690924259945,0.004789344541536751,0.005367319369218705,-0.0006285518902476389,0.04995362617078163,0.0067351585364248895,0.0017195772534678935,0.0153814283275265,0.005505353818288771,0.019967148907177934
2024-04-26,-0.0036826741755932074,-0.012979876812485847,-0.005716880765829027,-0.0006290316538912951,-0.014126660415456118,-0.005098609108865927,-0.009532095923853129,-0.005266329797959914,-0.00804058403382308,0.005583688225377854
2024-04-29,0.0015510700640620264,0.008039287457540036,0.003141477660219476,0.012963759712370007,0.030964527569262712,0.008551548422055551,0.0048524667915226995,0.046082959303322124,0.012702291934225117,-0.004099266876420044
2024-04-30,0.0019522841844603225,-0.011067255188545448,-0.009946608326591404,-0.006164867334586226,-0.00030250863645627874,0.0013472412354110972,-0.007646664996681484,-0.008439609098122348,-0.01288570276996904,-0.005836318625120207
2024-05-02,-0.001862272118057334,0.0014456704694810897,-0.004303299748735787,0.007961198135709342,0.004588532987584881,-0.00030675554788367926,-0.013897851704918278,-0.009564042950856099,0.011101477005898015,0.007660254441265264
2024-05-03,-0.004163661116005062,-0.028089122509633562,0.0013071517426562946,-0.008290172878247726,0.0016852514499821692,-0.022445104853524574,-0.02064804752602073,0.0022793436351687814,-0.005164436301845211,-0.0058256522173290495
2024-05-06,0.0175044853473426,-0.010483883429853002,0.006755345540227999,0.0020051315440002405,-0.028856694488947735,-0.010145324582247602,0.004686009126464349,0.0037144139441588585,0.02000210977411648,-0.003902520605443869
2024-05-07,0.05316626798398208,-0.01031785864345443,0.010499360403750354,-0.010895511137869199,-0.007330536498391426,-0.012797081464717926,0.002140509643337055,-0.012641794122606817,0.014658398985852649,0.012798600516361952
2024-05-08,-0.01624879733565748,0.01709472600648112,-0.009518098452702075,-0.015725710707432696,0.011037472919836266,0.012110085549008526,0.0019030308324846017,-0.007893850261836548,-0.0005027867625456289,0.001474989637693074
2024-05-09,-0.006599812327183179,-0.06254358565770302,0.00854613646075632,-0.02399310759152375,0.01103898870277887,-0.017368471456674518,-0.010257334956826413,-0.006521755499400026,-0.004220626348156699,-0.03672028036834556
2024-05-10,0.015741892657595,-0.0012219364130889787,-0.010229022593631863,0.0069089181212690495,-0.002993056140203329,0.009494872853737102,0.01994944647067828,0.001209288025067103,-0.016883208133879314,0.01922117987274161
2024-05-13,-0.0008045122213766558,0.0068238442173176195,-0.0010181837392925497,0.011993907852562796,-0.010515696062182818,-0.003362844676111936,-0.0117506753764374,0.009754896017301994,0.013747179481474166,-0.0034673550354925205
2024-05-14,-0.004691863183842292,0.02565584201424688,0.0008777998104001056,0.003909197713869993,0.011555152221575984,0.012310825241802334,-0.0012838786026043078,-0.00662649829488652,-0.011874286297874006,-0.004991101414798633
2024-05-15,-0.011256594929774036,0.00938043524649883,-0.003339597186567362,-0.015486069738900241,0.0025632837390265036,-0.0026796173067654356,0.019736884799514614,0.0033853911289182426,-0.005345915073976516,-0.004431495123255107
2024-05-16,0.008507658303001533,0.014348581914842885,0.023249483883018875,0.015006803050798254,-0.010231279886443085,0.006387250075467158,0.026517660672552894,0.0059413962841620765,0.01252362904725048,0.008495864104661034
2024-05-17,-0.009778031152969976,-0.0028503570521925554,-0.006246278338928005,0.0026331288225768397,0.007240050738903478,0.007235145384161105,-0.00048340843274108646,-0.0004865085591553677,-0.01728530197380874,0.011178487107540177
2024-05-21,-0.004167651949623455,-0.0028440742452662993,-0.007052508008280869,-0.003626491350835629,0.015529717135098849,0.0002960552021320416,-0.00011149691058765833,-0.008483480736265744,-0.003631929536455622,-0.003443870314819924
2024-05-22,0.024030627996012906,0.005766678598334423,0.014296124372028044,0.0002741177283841123,0.002200831698483037,0.016932954664094238,0.002674245484009644,-0.008826036423377873,0.0030841042986836315,0.011661232388613814
2024-05-23,0.00656916660875695,0.03535570147824156,0.012025255122437368,0.02263119882651757,0.016173808087953354,0.017240180609510967,0.019214809769893895,0.020841578804286994,0.01590871712673483,0.0032907919317517425
2024-05-24,-0.005661285485425451,0.011232567810435596,-0.004970335153200052,0.016346929929486363,-0.004215105455974343,-0.003910729773509367,0.01046149592681237,-0.0022502473319671807,-0.011352310518276057,-0.01173741420652162
2024-05-27,0.006500280162017514,0.007172352259648145,0.0042569364803810295,0.006896889270149766,0.006136152586406774,-0.00950283571201057,-0.0029933926088816917,-0.0019010999583396727,-0.0006366689164798073,-0.010833328229473199
2024-05-28,0.004790420994960402,0.001696341027364683,-0.002926682571501755,0.0018311048827311213,-0.0030632934951572858,-0.006877852229043061,-0.00965380054274877,-0.0025259024954869956,-0.0018603213520608332,-0.0058106355790663086
2024-05-29,-0.009456219252475872,-0.006417152856408974,-0.01103511769125875,-0.014611252414704803,-0.010279490662019925,-0.010649060287489482,0.004402940660378962,-0.02238802398339814,-0.009485201443798125,0.0045351732643017645
2024-05-30,-0.009312740418858571,-2.7529095029620464e-05,-0.016328959237341213,0.0043331852739126025,0.00388226458102863,-0.011114693640781296,3.640162642859163e-05,0.010561017360143013,-0.017918813424328467,-0.016612449709184813
2024-05-31,-0.009550313975804255,0.00947444665522008,0.005309452462455067,0.010963816639757889,0.005434140605335477,0.003887679695336397,-0.003200130923374075,0.0065780320123421,-0.017591900184954504,0.006115422463861325
2024-06-03,0.011462157223236909,0.06024448392477622,-0.0007109127244788566,0.026195717338747454,0.08680567064531164,0.05437065356837246,0.013278616459416914,0.03415418872141739,0.008652377361960934,0.009103822512584427
2024-06-04,0.05788713765353208,-0.13552931233125376,-0.008751553945992372,-0.05830782117043932,-0.1555318653116487,-0.07780090202623234,-0.06796123153352748,-0.07940724079425066,0.003275970399811071,-0.01757383938036373
2024-06-05,0.04175875479324688,0.0017029155963152315,0.025818173808714696,0.0452473944528544,0.018595303833636185,0.016661010905605133,0.033777059246699326,0.03413032204022037,0.008430031949435847,0.03572228443552743
2024-06-06,-0.02063188271779657,0.02134575351745536,0.029047489153662714,0.0050778855601194516,0.033861505301766306,0.007607789075161088,0.019338036811117388,0.0015772737239382615,0.02216048773638995,0.011782595509999107
2024-06-07,0.010999787000451268,0.014241032884155484,0.04082606267685231,0.008713659117963027,0.015787609298959903,0.026435620845070798,0.03909866771924643,0.010124999256048282,0.016454847374340716,0.008575732840990283
2024-06-10,-0.004841512708754515,0.0031796551711042466,-0.022319564838543842,-0.007688264288821438,0.002226519575533343,0.0009859534988009796,0.0005612127969414361,0.0018704340701652165,-0.009093764901679673,-0.005136562277846844
2024-06-11,-0.0035144117437416102,0.01538710937132637,-0.0026706476186114957,0.0022392666818283956,0.004498151389194976,-0.01005789928998676,0.0008410556394139074,-0.0049955087953987825,-0.0017118820144237787,-0.008966659866200917
2024-06-12,-0.010875135979124647,0.00874271310159965,-0.007078358139857325,0.005957338431006075,0.0042396426961299,0.004554829641113683,0.007781909850418556,0.0012065859692499542,-0.005322970950117694,-0.0016179763379698324
2024-06-13,-0.01646747781029789,0.02000346272453302,0.005874188026989285,0.004184040638444902,0.005704256748301266,0.001314658323812725,-0.008833470196257966,-0.010957197891843845,0.012062747356710282,-0.004637129868971618
2024-06-14,0.006615346122443044,-0.004288697449927716,-0.003385970010923879,0.010164715450792375,-0.005584991168829207,0.008359353005318747,0.0011566642596263178,-0.001536285580949377,-0.01195835724660427,0.0019734321216636056
2024-06-18,0.002617744676856089,0.000379519082765959,0.0062267049390598225,0.006802654416514462,0.006769255923161379,0.0023491052921892934,0.0006652283970681866,0.015436690875993104,-0.0044330001957314175,-0.005582048306194974
2024-06-19,-0.011834401679366452,-0.027271316047525345,0.00873905037248115,0.03065476566136549,0.00907209746084994,-0.015222987571980545,-0.02552695139888445,0.019054013751059508,-0.0035185019527015334,-0.01196644448725871
2024-06-20,0.010204181723510791,0.009082758660801353,0.0026761113919100696,0.006912654739897813,-0.010434231879401502,0.01026476580905821,-0.008076439453596684,0.010733442216422633,-0.0038081813504818123,-0.0008264343831836685
2024-06-21,-0.016614600746840905,-0.016677585153540012,0.011351399382947727,-0.00215882266956614,-0.00886880726158825,-0.01332027771207015,0.02495488974128799,0.00159798412197221,0.006185814709633221,-0.008779196393949645
2024-06-24,0.0003685959616059827,-0.0009623258138166808,-0.0036275635503558914,0.0039842689512015715,-0.004313922137862702,-0.008789019623403664,0.0026446695795799757,0.009833605112780634,0.001586255044703232,0.008779196393949692
2024-06-25,-0.004103104411771697,0.015788169640784347,0.00964452473510009,0.02302283695900594,0.011403419334471667,0.008754696982419286,-0.003421783080707973,0.02352256203684141,0.00565630692842388,0.0
2024-06-26,0.005494364754881041,0.004213800860332902,-0.0008109561498963239,-0.005772341280617175,0.00367378269150283,0.040350091704236805,0.030999703287149922,0.016598534989531375,0.004522884208969256,0.0015344257247316762
2024-06-27,0.006744351054545966,-0.01075725015962432,0.0209701893111588,-0.0031492295341226523,-0.0015981659240123962,0.010855500436145932,0.011106330465426108,0.001558638755851582,0.020103383395978107,0.0038844522487439673
2024-06-28,0.004417394583458092,-0.0044848884829470905,-0.0042036810268647066,-0.007307849940433618,0.005847820342641058,0.022514202162217535,-0.02174861985261571,-0.01678064578923243,-0.007654696112938935,-0.0016460505768803688
2024-07-01,0.012876459660836332,-0.006190771205939761,0.015233717347373305,0.012629301751455444,-0.00827967935214795,-0.0033593696394685897,0.006866743012991551,0.010159885051937398,0.018789182688285232,0.00971954396747135
2024-07-02,-0.007995668033847268,0.027947878774555585,0.01883706052432041,0.014785733133593956,-0.01894425012833801,0.003215723729231037,-0.024401211414599853,-0.01769077597244272,0.00980551877400426,-0.00830862773014374
2024-07-03,0.010089176689749008,-0.0033559206044207323,0.0039094756592906645,0.021748477532654374,0.016566002792494688,-0.008179458185013592,0.0006340572853075942,0.00919664486849717,-0.013066021770520757,0.006558938079601168
2024-07-04,-0.0057528899685756274,-0.011422440582670028,0.014185610560279593,-0.02374393972192607,-0.0007742215425702048,0.0010301132225833216,0.002251223860803432,0.02579627526422219,0.013949360709453141,0.0017496896505425964
2024-07-05,0.020246795876631578,0.014957630437944456,-0.001940665620943361,-0.0468495964733088,0.024073448188831986,0.022020537052408206,0.00466219798868457,0.00032436389647435394,-0.0022781425047078163,0.01066430738899831
2024-07-08,0.015640669855825854,0.0013361998040353608,0.008582475036940793,-0.007766240056975664,-0.004079268647222266,0.007697138851373114,0.00380475161900448,0.0013368900609137561,-0.004647155224266584,0.02268547565360675
2024-07-09,0.0011588646976296928,0.009345072812717195,-0.0027117883391995523,0.0007028953649948667,0.0058804570018952075,-0.006659101311944593,0.00027862384835602034,0.010631063117302351,-0.0019300595518626088,0.020085534411800433
2024-07-10,0.007806921943946741,-0.004387606831838691,-0.005385147401308299,-0.006375238887572363,-0.01438365762949978,-0.0038116250562517094,0.006595865767902331,-0.004053926293283252,-0.019342891467364575,-0.0025440732488166574
2024-07-11,-0.0006130355538386641,-0.00796301163728648,0.002696159384217142,-0.0025861932834554202,0.00902870629458217,-0.0022591398968626053,-0.0049254927323828185,-0.0038280563219929096,0.003715152518560697,0.015822660570742848
2024-07-12,0.005123185240041641,0.007771230655079454,0.03510597842509247,0.0004930503644612394,0.0034955941890674603,0.010118479783829858,-0.003273758842735571,-0.004491441875564523,0.0642207893487275,0.0008717554538173264
2024-07-15,-0.000743993306486474,0.0006163226306559488,-0.002749463582885141,-0.00036976498097361925,0.024871375226522167,0.00031307695291858467,0.0030303849161792697,-0.0023956330494295927,-0.0035316612668037815,0.009431452738097717
2024-07-16,0.025676062600475145,-0.004129969017843709,0.011068809726883509,-0.0014497581885758218,-0.0007378403268775848,-0.013219079293070335,0.019903566375347983,0.008057224698394563,0.0022161158597646816,0.004628846178255896
2024-07-18,0.018409006182842903,0.005388834562719827,0.018369718110774296,-0.0030607357328734475,0.014485329386894893,0.0065920238061454505,0.011626751460768121,0.008352907011125064,0.03228448894299414,0.010045035669703889
2024-07-19,-0.004171762270399828,-0.010364750012572714,0.019656963839839923,-0.004655257627469684,-0.004711515239854398,-0.020068581576210096,-0.01487096738036179,-0.0013206724161051028,-0.0007320130000341409,0.009102359062835323
2024-07-22,0.0030390696352059375,0.009064794479082726,0.009934051025154033,0.021694073877713767,-0.014211891634890369,-0.03565709558316359,0.002493846388412635,-0.006024482641527052,-0.0035041331918292504,-0.017001637801719503
2024-07-23,0.011287697863238787,-0.03154861676952872,0.014283054068293213,-0.014811876795478839,-0.014821843208279879,-0.008549210558795407,0.0002047251137551821,-0.011670033989984636,0.003492652320737193,0.05351995149333706
2024-07-24,-0.01798214384007897,-0.005271035320026036,-0.0016073307974303062,-0.00890630613993786,-0.013870523960387418,0.005228576090308873,-0.007189669368143571,-0.0030615817682975877,0.0009060974269305071,0.00375152201918411
2024-07-25,-0.003631899293996023,0.027934523162808783,-0.004974249585929195,0.007793495218332952,-0.0041165256665052245,-0.0022088053553300227,-0.004166058464314778,-0.02073681344614671,0.003766402026671472,-0.008333327976679806
2024-07-26,0.0014212578275713144,0.016646313548191377,0.029188729288676066,0.0009583106101209419,0.01630719043192967,0.011078250594870767,0.04404208449104095,0.007733506084324138,0.015005387704377437,0.024695156234159226
2024-07-29,0.0002028051026491953,0.025501608369273582,-0.004160037017327154,-0.008128596696779407,0.01055331407155747,0.007312346958117198,-0.02206549136277362,0.0045457136019177195,-0.0015394931047487456,-0.012321776537791975
2024-07-30,-0.007477406822913721,0.002566254167515244,0.003228246596861182,0.0065205480971536845,0.0013758656422458166,-0.004582551847638634,-0.00745339481117776,-0.002683605253305543,-0.0036013344160793453,-0.012475428627023123
2024-07-31,0.005280724733137179,0.007987281111881071,-0.004752650212354418,0.0001236920915431507,-0.00045833892531979667,-0.005118390371073494,0.014315456876935128,0.004496120647666315,0.004571013899519876,0.011063318465887668
2024-08-01,0.0036523160683427213,-0.009401879220154768,-0.008412028190716972,0.014165098581546496,-0.011238927694010067,0.006538264247145683,0.009309229707863288,-0.0039588231487931455,0.0026757333026256845,-0.0033365708306425652
2024-08-02,-0.008505919912083834,-0.030519437507823727,-0.017094414021763423,0.012341105516932217,-0.017305445869623858,-0.010598444950567441,-0.007801859079680699,-0.011260535302634487,-0.026279725195047798,-0.009361089026140459
2024-08-05,0.008634760106772357,-0.0382882231931292,-0.03879473502182522,-0.02650620409847862,-0.04363449647850087,-0.03529796760140317,-0.01899029798974899,-0.02021898267014428,-0.03034109155582365,-0.00635836984221746
2024-08-06,0.012495763117759734,0.013569653299587502,-0.0004567319588531869,-0.009045858718145224,-0.01733657326970914,0.006010304274161309,-0.01522757016707443,-0.0049156577044417085,0.0038793211222754027,0.0006171895762862376
2024-08-07,-0.002184177772502322,0.017202037425557478,0.022892874074412182,0.01383091983731027,0.013633654939905692,0.006008385564918799,0.0043095753729606055,0.004787726875376472,0.006987823923991395,0.012973154161894292
2024-08-08,-0.003961859667845104,-0.0235557145530241,-0.027443244309324363,0.011756937263302816,-0.0007423103457500018,-0.010775865466222516,0.006946594046932504,-0.006717883704446419,-0.0066642598120771855,0.004253637257982274
2024-08-09,0.005109256495168586,0.010775995163572838,0.01570936246027287,0.0045552423288821925,0.01991060177836518,0.017223525671468527,0.008436449777966799,0.005992633035892484,0.0133790877422447,0.0023217465096008407
2024-08-12,0.0005457497860728559,-0.005611414911045985,0.014938083504392862,0.005981406518594093,-0.014295622035532635,-0.009318979185591257,-0.0037636091001409795,0.009595806396821038,-0.007858139729657794,-0.00262495360466196
2024-08-13,-0.0026593390803580546,-0.005657091734805839,2.7671889852103254e-05,-0.03487625929288938,-0.01869441709643638,0.002051795114688642,0.0007538221228861704,-0.0038016318507314915,0.0003098473915849386,-0.009343905045383875
2024-08-14,-0.007083430756900325,-0.001860030445679674,0.014251741207275482,0.0028652557195164353,0.006810245150106117,-0.0012135173521829804,0.008187260337216458,-0.0057510746010697835,0.023151505137068783,0.004479697265546823
2024-08-16,0.00957903918924719,0.0065087634795657845,0.019391071286930787,0.01500073953232666,0.01126871692167312,0.011122355134211713,0.00801972018549866,0.02179825759597791,0.027736009837499236,0.021009008917811534
2024-08-19,-0.0020762761227738876,-0.003734151843354667,0.003142142076771024,-0.0003371091282833882,0.001968311178803636,0.010264873106945148,-0.009413523407178302,-0.009605869967970488,0.0166070306752478,-0.002390230886401303
2024-08-20,0.003094558014775663,0.004952445745836236,0.003960302398910717,0.0037624039937844645,0.008078308010971265,0.0050597356814136235,-0.014047123227159425,0.00301442443175458,0.007389016347823679,-0.005298779382043174
2024-08-21,0.014488846243257542,0.006514458515636309,0.00026701849459372215,-0.007292760330486992,-0.00580737417038329,0.001820004469997808,0.009819450770753243,-0.003907783898262114,0.006215172666903787,0.013145042036838138
2024-08-22,0.0005732702859664687,0.0029016493474113597,0.004023543729214852,0.0033771784522828954,0.005807374170383335,-0.0003671384809840563,0.015526745882669678,0.013736801555266794,-0.010935123046678258,-0.0016832644425356026
2024-08-23,0.00813072760653885,-0.0022067698259836837,-0.00969979830099236,-0.0038387178921728622,-0.006052682475416169,0.0012341610332094125,0.013631620669502506,0.010356728859731714,-0.008498923576770276,0.002474481525786881
2024-08-26,0.0019691421573860652,0.011974589169019978,0.007516949145663763,0.009127213123523287,-0.0003679975590256696,0.00838154383018779,0.004502890377660933,0.008109953687694306,0.008598999899562023,-0.0001977795865482269
2024-08-27,-0.019417103925064322,0.01655669113460585,0.012684653474751171,-0.0013424263431253312,0.0010424506522290586,-0.008064912457039093,0.006059979655392394,0.010698355513788853,-0.0011780988832828187,-0.010136235132617192
2024-08-28,-0.0009219004737725416,-0.0036932462356321525,0.020317380193202297,-0.00039694140581595467,-0.007998627495795455,-0.0014339311131837385,0.021825409460474104,-0.0020406318910282093,0.0019771891280717354,-0.006613978263606322
2024-08-29,0.007531985498183218,-0.0015191707573272346,-0.00296970643044422,0.0008852979958233325,0.006281175698705203,0.014987563453023699,0.006117481355482723,-0.0015945947312948697,0.0012752945695285681,0.015562986025630865
2024-08-30,-0.00260628475467298,0.005738998238613345,0.0053390979923125335,-0.001007453698399349,0.0013496246838055836,-0.007457425267049782,0.014675572790835817,0.005956456801893047,0.009254815204504042,-0.006355475113017558
2024-09-02,0.003969794937431616,-0.005833980859432107,0.010644466512846899,-0.006097282172841083,0.007998816591924128,0.004378879439910537,-0.011201287359157468,0.0006099713646655489,-0.0072068066669812,0.01610776639389829
2024-09-03,0.0018804803186009246,0.001912235531929147,-0.011905757526265937,0.006372149928074783,0.003218046543796853,-0.0047101480913315985,-0.00686468932111828,0.014328377180272005,-0.0019261402454858498,-0.001275238821347387
2024-09-04,0.016662523019224346,-0.010720742208085535,-0.009731671769029537,0.002714042674519298,-0.010114020320465477,0.0035883451007041557,0.0008326418456592198,-0.009138340258395555,-0.007362318274872489,-0.006005329931445499
2024-09-05,-0.0009860284515580534,-0.007326568302240218,0.005550416447007673,0.002220701110362615,0.0027519137201607187,-0.014347580922800073,-0.009456180994767752,-0.00032361422839610846,-0.0007371898715590652,0.009532748171447702
2024-09-06,0.00017616061740436206,-0.013724494587226247,-0.016323684243138865,-0.005179186460259047,-0.045284848211368856,-0.01903504597209021,-0.005151523812918386,-0.0227496602246682,-0.004298765945871785,-0.018758550188602795
2024-09-09,0.02876561494133411,0.0009925774574966375,-0.0037929474377407756,0.0058171216654935584,0.0022339294075503376,-0.0016227190230995291,0.0022064411733645523,0.0219807062513809,-0.0016168721601343002,0.01983385984371872
2024-09-10,-0.007972008016505447,0.004975978229363673,0.009272596410576041,0.0023355439239229735,-0.0020423003567449404,-0.0006326397330369852,0.022561385354998797,0.0018606828214973378,0.013017405139268723,0.0036085978061114014
2024-09-11,0.0019128108198975303,-0.016599070566908312,-0.0011249532172799303,-0.003915882771535491,-0.018114970743757987,-0.006882936893484744,-3.167326422581011e-05,-0.0007681146198137428,-0.006342288989049669,0.0014591747659336548
2024-09-12,0.01783170300051174,0.023761634236877237,0.02087839636549093,0.013714149928650412,0.024610214105913963,0.019309470427983578,0.0427721350256294,0.012698629475775337,0.00852503856581548,0.009962842042142225
2024-09-13,-0.007963585492611334,-0.0024879702705344797,-0.0032610315697895243,-0.0003900687402197061,0.003927452467725135,-0.004860392211809669,-0.007497275403155129,-0.0014386901732146714,0.0010838697996003522,-0.010935410910020777
2024-09-16,-0.022707692658852627,0.013539278557504818,0.003158423647189099,0.0029967065462754745,-0.006724152687825442,-0.0008662284875357988,0.0006116332469233206,0.009947567380117598,-0.0020695420948311765,-0.005366136263796485
2024-09-17,0.0022296428920176234,0.008956987957276959,0.0011786575790096409,-0.001287434453266453,-0.0033791080398674054,0.0006455603438079229,0.01595331326649441,0.0041486762767307854,-0.0016853584279733639,-0.006576054203564451
2024-09-18,0.0008176288654013072,0.00949417866444389,-0.0314224779350063,0.015459922837628119,0.012502897270993112,-0.0060291870804983,-0.0041306819065088304,0.01584263242677608,-0.03604174900164906,-0.0007881095261570894
2024-09-19,0.012405953622325078,-0.01261115462483322,0.0010827911604219245,0.008051056989999842,-0.00353826875130903,0.004244661337101431,0.005994398505155407,0.002829089776878537,-0.011571071722705105,0.001772289222845233
2024-09-20,0.022363347460323216,0.029476792384790968,0.0060791295938092465,0.018958706199615753,-0.010498605206417305,0.010996167032775136,0.02778124536903747,0.035320751259255004,-0.002622189889496853,0.01202777783705213
2024-09-23,0.01696640969849786,-0.0016355279328222603,-0.004891979831737305,0.010625707073613221,0.025450463947167882,0.005001196912389834,0.0223566563969249,-0.012442088227735116,-0.003834598523342244,0.004945021496459954
2024-09-24,-0.026092464830700105,0.0010291383474218103,0.0011330069437117383,0.004677027920236588,-0.004499679625542418,-0.0026821365073716346,0.0035356661661599636,-0.002499564900351412,0.0006555920548826692,-0.0032938957449230094
2024-09-25,-0.0005424399982860773,0.0005932724211842786,-0.0017394927572865597,0.006230291728002377,-0.006472505740416924,0.0030670081470458316,0.002132517850235707,0.003973619550491576,0.0008075909581157358,0.004453857694431738
2024-09-26,0.012519118028725724,-0.008390858994996893,0.00260813993247443,0.0024421514172686923,0.010972185365959326,0.002673933946201842,0.0060597181593668396,0.003920315140209792,0.004143706312609684,0.009997257205376345
2024-09-27,-0.006669734824338795,-0.01513187115932358,0.0034148935882452494,-0.017420756016212003,0.0009972202386228824,0.018667139228251462,-0.020823980243291212,-0.01703613244563724,0.0037669804051157006,-9.577711724909042e-05
2024-09-30,-0.0026836638325731564,-0.008155844106642192,-0.01647160038963925,-0.011823215628835568,-0.01854754719101177,-0.03303944965986988,-0.01454664052797158,-0.026051966266601896,-0.009373869730723855,-0.008742795729760663
2024-10-01,-0.011747778371248279,-0.00601718885719995,0.015212106699556485,-0.0033833093507825334,0.011420776486304933,-0.00798944777885037,-0.006366975610690303,0.0010991616004330726,0.004534615200263554,-0.003770476781893643
2024-10-03,-0.010452095986986843,-0.04359434744374915,-0.005766548357346484,-0.02593885125854874,-0.0035825627731922594,-0.0402937211278013,-0.014975881652257161,-0.014264846837596728,-0.012945185239734957,-0.006705931559663169
2024-10-04,-0.015534695464435443,-0.001058418532684378,0.012986950379827913,-0.01458257841461808,0.0032060673019833766,-0.014641389428729272,-0.019642423842084446,-0.01330095089121936,0.004596367294878697,-0.01810540651272482
2024-10-07,-0.005402853620710801,-0.0073538680507321845,0.008384372459143082,-0.024333751122744763,-0.033181134287553926,-0.011460785062699005,0.012806880942584057,-0.004729836459877666,0.004832936685495481,0.013119845972327487
2024-10-08,-0.005166061325114104,0.01829851923871262,0.007340024745153509,0.02034427606111851,0.013916871824455963,0.019237742003769924,-0.002771519536215174,0.0021857893018820823,-0.004597935869531473,-0.004419868336662653
2024-10-09,-0.01784314079684272,-0.012907075072954632,0.0021530378222067077,-0.010900849828874213,0.02020527523891262,-0.0164147779436737,0.01238190070872803,0.006086885972715424,-7.023635087985758e-05,-0.03251426112055936
2024-10-10,-0.005159691638941249,-0.007700667273674434,-0.017434416671969197,0.017751625454904604,-0.000376362469958626,-0.002585945655302342,0.0,-0.0005225787977651734,-0.0060258422956530255,0.0007116504108827592
2024-10-11,0.010292714865309926,0.006395076629846539,0.008354837342244712,-0.006881093219583502,0.0033190899480345813,0.0007655475277246413,0.005526756592808439,-0.01662311615129168,-0.018671574260377213,-0.007855232978445119
2024-10-14,0.0021176837726267494,0.020604333855011252,0.012224100705456637,0.022222479661745696,0.006729386001970879,0.00030971502338509834,0.004847742383395644,0.0071290510792728886,-0.0030293242108573805,0.017764279410803253
2024-10-15,-0.0027465559669093607,-0.0008864891864841835,0.00020416671184401682,-0.0023723435604314667,-0.0006211515362923642,-0.020983264940504304,0.012687484370668837,0.019097952415409375,-0.004810182601665168,0.0032143697514729567
2024-10-16,-7.189890633168475e-05,-0.005448546303627843,-0.020210010442244467,0.009279343609396268,0.0009936730828804976,0.0074496581795144715,0.009677855233069847,-0.009885366246278405,-0.005321554050493644,-0.010789084100083123
2024-10-17,-0.015435545008788167,0.01061551945751465,0.024691296195138445,-0.015802559528480597,0.006928513961245005,0.0017340550383860868,-0.019097482803197677,-0.009618531475374469,0.0034251523677715874,-0.008756788386410516
2024-10-18,-0.007899738482673778,0.00209847871565654,-0.046009558956021206,0.005186318623004824,0.01146240246143639,0.002117267632487116,0.0039307505411191376,0.02664683753581315,0.005850079385530514,-0.004510003121099205
2024-10-21,-0.00870516871630073,0.0021777093634400015,-0.014387981449861779,0.02747519707468778,-0.007893059788300105,0.007256729281289826,-0.00899896730403809,-0.0043192657023926745,-0.010532939400752455,-0.006286374983191874
2024-10-22,-0.004409166880325731,-0.02076863596566982,-0.0006209354294164339,-0.00821895265848769,-0.029359798980378236,-0.01906003566567306,-0.00017731942103590235,0.006688952326582207,-0.01589829195177414,-0.003832488745446199
2024-10-23,-0.008387842237754661,-0.016218994453197463,0.01170489240980979,0.01231783501052919,-0.005582412076614001,-0.00359823495706466,-0.0038187511881458192,-0.012623776825373136,0.012559369741576338,-0.0030140065945280107
2024-10-24,-0.05973429661314973,-0.0036967045254831872,-0.005379068378527924,0.007947247894942014,0.010819182094702428,0.0009521453915953883,-0.004369479070665465,0.0009184349607242562,-0.004523109227728036,-0.018171923041749333
2024-10-25,0.009119491790766298,-0.034350891554360115,-0.0006978820296550614,-0.00357852186588921,-0.017264815070569275,-0.008959419821584842,-0.007445216573737099,0.0021529352948037096,0.0023812535613249282,0.022223161617648153
2024-10-28,0.018711933663815655,0.004319725629785768,0.0017707358070081654,-0.005291062792856625,0.014113401352426629,0.0048831810860980335,-0.0015919158984818856,0.029355024351215304,0.008173394264144446,0.0038283811780436008
2024-10-29,-0.01098884688551923,0.011931585995567732,-0.002741887760310818,0.010126209211190737,0.05004895233992203,0.0042253775281552095,-0.015907243124059618,0.029719805720680923,-0.003820750942144986,0.007818227848055274
2024-10-30,0.0028613935726563055,0.008086447786751959,-0.020432501712705844,-0.00989561775904973,-0.012385791168689885,0.002906289061235514,-0.0022932398196102892,-0.014901875291416978,0.00230395479361864,0.007350743557561648
2024-10-31,-0.01050538060054821,0.060880787050495044,-0.025202494737076427,0.0006340698361863177,-0.0027394393513480624,-0.00885672154793472,-0.012785357409413268,-0.015282170575567938,-0.028860428608724484,-0.005610194059792142
2024-11-01,0.003652069486539795,0.0011174812888734404,0.002046500554250422,0.0009213227908479232,0.0012184637551832496,0.0049425089314794795,0.002384548482354168,-0.00034827398603522533,0.003960935876333732,0.003064026079120498
2024-11-04,-0.005017543683466316,-0.014415396483990256,0.0015889939595646416,-0.013444045534879392,0.010478276896294218,-0.027644909035671465,-0.015712446780363466,-0.011366470674375464,-0.0050450555567043845,-0.011693697381248187
2024-11-05,-0.0013673412664347762,9.800882003685448e-05,-0.005372712081573769,0.025203339586590403,0.02304976367982354,0.0024161681886392837,-0.008108158196208927,0.015152409698456038,0.0018146605422715897,-0.009121095485800703
2024-11-06,0.003344596942530511,0.019570504112426473,0.038854474052713875,-0.0014801590860577785,0.006572733506968226,0.015243555765416613,0.012841648169538656,0.004347806390197886,0.04150510179482855,0.001872398818944044
2024-11-07,-0.010128313724947057,0.00030178320525018406,-0.011387638427783543,-0.00496882877661259,0.005599632559301851,-0.014975515508730249,-0.014490273898240553,-0.018326452465215703,0.0027140067737881027,-0.0066736548015508546
2024-11-08,0.01292363518765355,0.003763606123526465,0.014808946691096263,0.004512876894641716,-0.019322254635866662,-0.016915449223281573,-0.0037511494361377666,-0.015645323366913773,-0.0009400620090053764,0.0003138728252370504
2024-11-11,-0.006661686614496243,-0.008629293161631484,0.016341583422858887,0.006731677660344601,0.005323012293983169,-0.00864499404417909,-0.005973585434075857,0.008267067402438124,0.012389824267612981,-0.002303712683513989
2024-11-12,-0.011933456369819592,-0.010387638385229787,0.0046662891006336365,-0.02760976840454073,-0.025026061530964414,0.0012172502961715537,-0.0031448576594302526,0.0010235601323185506,-0.0003097718382553184,-0.008633394890701116
2024-11-13,0.0014006685647839333,-0.01215826105144762,-0.0002140501495030682,-0.021680258290762002,-0.02207554096789147,-0.017575533720394963,-0.003348314008966659,-0.013390077854283,-0.011272525861214003,-0.0013755604276755485
2024-11-14,-0.031212973411922137,-0.00613491153034276,-0.002062725193864705,0.006757450634263897,-0.0054560808752759805,0.012343148105486947,3.2231973676023004e-05,0.002588958886055279,-0.0010728014830706735,-0.013324265242346525
2024-11-18,0.01400663260369204,0.004498799636050201,-0.028892177300028597,0.00726927758357515,0.012418686515599617,-0.005418592014476392,-0.00874498513653806,-0.0027883572766523868,-0.03096232131511503,0.0012868425298047503
2024-11-19,-0.005193219747363208,-0.01028661980745015,0.007315400726596499,0.021553662569547556,-0.013974108189571533,-0.015265688715444268,-0.007510242794216385,-0.003476424016933727,0.004975691037705434,0.0017132671908256373
2024-11-21,-0.01149571906528344,-0.006409633898437011,0.005083684435117088,-0.0006028651983902632,-0.028099824265649897,-0.015134315568369864,-0.00022942466197854375,0.0011602169375435185,0.008209794223614179,-0.02206696538403299
2024-11-22,0.025871214633437906,0.03386800309370634,0.03651076772222516,0.002523773655283329,0.044220638486779824,0.034081534190569675,0.028536950033710675,0.02175202006421934,0.04130459871161344,0.037566169169286234
2024-11-25,0.010657543107619483,0.040649971521917336,-0.006619414892212426,0.022656195843550858,0.034209910191604326,0.016925537796608565,0.00600368833302336,0.017759251957960517,0.016472908620778125,0.004519454443324683
2024-11-26,0.0031309258360003164,-0.013520279293238053,0.01806631110772222,-2.796261138428161e-05,-0.005998147040379915,0.006737144270738832,-0.0009505606261664184,0.003069950001431341,0.008675737173291256,0.00041934429472774014
2024-11-27,0.003100953957537296,-0.0010538889568487127,0.00018189520844352647,0.014870225117905388,-0.006334076284739344,-0.0019312610815885737,0.00025360240398048856,-0.0032622001825832235,-0.0046400001166581484,-0.0001048916832129353
2024-11-28,-0.009981675643569249,-0.008866548603233425,-0.035892399497309636,-0.010622894413956063,0.005678587003271337,-0.01747307971341869,-0.010994242996504993,-0.011093823457445697,-0.020437951074656787,-0.004307308130378587
2024-11-29,0.013694297479802277,0.01589835161820608,0.0006460747761223251,0.0016159883095830572,0.00011930111922593083,0.016699491620670012,0.04188785146890246,0.01063248032779963,0.006094690418305545,0.0038879919629136936
2024-12-02,-0.006833737393552269,-0.005586401063031687,0.011745504553320504,0.004804549979586581,-0.003044094701587518,0.013031924604047547,0.010058851523641662,0.003493602478791734,0.0013569595018187567,0.0009433763694761733
2024-12-03,0.0014913673607224605,0.022160565630039444,0.006521904631807823,0.011897640044789074,0.02076558116256483,0.01075060852487341,-0.01412327548551172,0.0028702321194279817,0.006084482026760922,-0.009792060439180874
2024-12-04,-0.00741822984564826,0.0007522251436775892,-0.0015073433279158117,0.018338201728664752,0.0067108194530609636,-0.0109034501495981,-0.022749264098021627,0.005829814513855652,0.011932270816208755,-0.011600218959308628
2024-12-05,0.012139547179257614,0.010929845541789078,0.023849813273748747,0.0030329019439658627,0.006666157634453444,0.009958332744087922,0.01953525952479494,0.015419462473173754,0.024869656061165108,0.0008559918495212774
2024-12-06,-0.004338785964558927,0.00913192684226599,-0.006455355486817497,-0.005320356128989224,-0.0020819502978448572,-0.007973868568466288,-0.010892640559360666,-0.0058156174733438055,-0.004164020306705333,0.00777717997399196
2024-12-09,-0.0340084649191177,0.02063048545601633,0.0006500172348223773,0.0075956863585405765,-0.006505308776091601,-0.01258317186178298,0.0029371201473703144,-0.004866023011876779,0.0014947211989631585,-0.01324669611760612
2024-12-10,-0.0014170921666252514,-0.006136936497548662,0.01286112928259922,-0.0010166030550408263,0.01095316265323602,-0.00798461921463146,-0.015026012719448995,0.006144532384537347,-0.004412181472346895,0.001074875421426021
2024-12-11,0.0016670081521141065,-0.0016326774672162797,0.013052360351775264,-0.002680092183691009,-0.006824463757676085,-0.0051891066468175385,0.004644992900600051,-0.002219723658498838,-0.0011510225967338598,-0.0004298263171085258
2024-12-12,-0.023767078881017183,-0.014620992526285587,0.006488047246738629,-0.0020685687813179147,-0.009211196378658785,-0.012042130439526576,0.015360670189940518,0.0013173780585018122,0.006192046581150644,-0.010044837614166972
2024-12-13,0.01907133331031822,0.006996430511956967,0.006371228140257041,0.006700610628287013,0.009153226055034354,0.007847768022022271,0.043259126782275635,0.011704866779548536,0.004244485620575706,0.0202026251987566
2024-12-16,-0.010071227826629591,-0.0023567806518762138,-0.009875054073609748,-0.003505563191035545,-0.0006966423314944849,-0.003581014874702006,-0.011482320148309414,0.0008917586337015688,-0.013207167382792291,0.0002127276854449945
2024-12-17,-0.0012264071413267109,-0.018386919824445073,-0.00174398992538925,-0.01727786930935988,-0.012153236618923556,-0.018300879294755525,-0.028831874558258478,-0.009216950411201127,-0.01983217231593363,-0.001170562674078219
2024-12-18,-0.0017150930386641888,-0.012967132632327382,0.0012893009685792213,-0.01237680995348643,-0.014686105580033368,0.0063636346329751835,-0.00833021802106921,-0.014804382993160422,0.004460439629249263,0.0020211673389844186
2024-12-19,0.0002753917576908757,-0.011184814383759529,-0.016788724021662812,-0.00954454348635558,-0.006403600263150341,-0.018360280346918553,-0.000999348880463729,-0.020953869244520522,-0.017622761181918634,-0.008430803579605406
2024-12-20,-0.01105739327841809,-0.023550630035510056,-0.012434302567597146,-0.012342357961249651,-0.025293188236642294,-0.02065127712316786,-0.013969546719737195,0.0011649214226465252,-0.024070953358202765,-0.004080756918175051
2024-12-23,0.0021400114361318666,0.0029296913000248035,0.0011178333079531276,0.016515386950001383,0.011205569190966868,0.014005767112688049,0.005560840946182639,0.006498562064455654,-0.002881602713256013,0.02045020839972707
2024-12-24,-0.001433191563463937,-0.00020609335760236614,-0.007956525069301371,-0.001611473354424592,-0.011143983447024618,0.0003681070301414572,-0.0018922480487229506,0.000346931377457076,0.005085385967646718,0.008817032337484048
2024-12-26,-0.0011996300535200744,-0.00282005173682801,-0.0008646640555340448,-0.0040960540725741845,0.0004924714436251801,-0.0050834835335586675,0.009800943098444079,7.699523628960823e-05,-0.0024914638402643518,-0.0031401057881178464
2024-12-27,0.0036371737325394935,-0.005913550274065413,0.004889996130769045,0.004179493976011261,-0.015880163287543436,0.00369222385860747,0.0002187614119288905,0.00783156736550881,-0.001019897408566264,0.0034536178402587376
2024-12-30,0.0009604732824840106,-0.008111933601537457,-0.005624235202233897,-0.01138110030824579,-0.01429546832844892,-0.008512616737381793,-0.008127456461650051,-0.009914802778297932,-0.00145377894835375,-0.00334872615704584
2024-12-31,-0.007130005622706763,0.007987103286119535,-0.013735089235976545,-0.0028445603479221363,0.008400509497132934,0.003915690934057071,0.0005355331315209745,-0.010092119686085402,-0.015508541509557145,0.013845069185806207
2025-01-01,-0.0020434727116830087,0.016453704254895566,0.0013289032151337125,0.0055687485498871515,-0.0022038276483609264,0.00476056751022377,0.0049945557909386006,0.0015593154544617969,0.00430115130717014,0.0006201164034569754
2025-01-02,0.02041795113293364,0.012464575122495108,0.0392463120219334,0.006151312483782739,0.010035217159446943,0.016687093489283423,0.00873530190015533,0.005399600556852255,0.015274929787278346,0.010483073620468486
2025-01-03,0.015179480993462925,-0.014539074793819814,-0.009803504828450788,-0.025149960686585576,-0.009783059536586806,0.007501149760270407,-0.006763181961751389,-0.01999558427039311,-0.0183314835743971,-0.01535084442828611
2025-01-06,-0.01256684538280654,-0.015613449213414185,-0.00046431091818717024,-0.02237275387727539,-0.0216597491646278,-0.02685289284155837,-0.006525963970404803,-0.0007512590361785268,-0.0011958279924138338,-0.04654459051262906
2025-01-07,0.0061255232255575396,0.011067605558774988,-0.0036188551525031423,0.0016939321139907502,0.003022202133464949,0.018586309457331328,0.0015097820823569343,0.011913610461288597,-0.01642222531596492,-0.0035076794285491494
2025-01-08,0.00425729091916351,-0.012970402333652785,0.001190515614273282,-0.01120990483835171,-0.009807078913330885,0.0196707862323746,0.005235032231813255,-0.012190501699547347,0.019689200245604027,0.01897529503062847
2025-01-09,0.01422564845822907,-0.019216747237706812,-0.008232792600062372,-0.015764299885402684,-0.013972621218065126,-0.008530951799065154,0.004896768414554757,-0.0010687695842078048,-0.017073583056180865,0.0012227568828657794
2025-01-10,0.0027267950686160713,0.0023357779342729444,0.025566015166956144,-0.006647603813005651,-0.022877879045479787,-0.010293894228590426,0.0054918660050923785,-0.009991186669379776,0.054634490483167535,-0.011620292090304265
2025-01-13,0.0036583251280305007,-0.020527984272351803,-0.0024177604667943568,-0.01575642170828724,-0.018673072727346453,-0.001652078973424508,-0.011640029578759542,-0.01621260684317837,0.005948608765205434,-0.013236255507669239
2025-01-14,-0.03447150906685801,-0.0004907590868361912,-0.011352461857219085,0.009611129426136497,0.025244117681140526,-0.0008875933343009875,0.0018140432518951933,0.008542404691132125,-0.01362049428689258,-0.005595832307706579
2025-01-15,0.002130335204604069,0.011143046842049044,0.004936067857297118,-0.002158217065059733,0.007390922069864885,0.010799097748975453,0.0045829441060753874,-0.0016542914590490876,0.0039021670920687543,0.0017163734853358331
2025-01-16,-0.011869642539590974,0.0018546908060864164,-0.010933318828609115,0.0054627362391381695,0.016579279773002473,0.011315755804553483,0.014053641833957051,0.008724237098362403,-0.010241530230692363,-0.010342557070764776
2025-01-17,0.0038306743736996143,0.017169800599032656,-0.0603832406325598,-0.00930445451263662,-0.002875097351088394,0.02795263703034306,-0.0016576096429943752,-0.019115236046586777,-0.0014537812713939459,0.01683799569978282
2025-01-20,-0.003745310118103694,0.006800123292624542,-0.0011848956821587091,0.008820013459568801,0.019633314546453094,0.002377506208865318,0.00835213996051712,0.00610159328012854,-0.011338572364850225,-0.0056954663443556375
2025-01-21,-0.0020061109897801573,-0.014549967379847215,-0.006972993287270814,-0.005373955907880264,-0.02626430092711158,-0.024621753313337536,-0.009181938450793284,-0.03030157817197489,-0.01034065943436064,-0.0003428101469514339
2025-01-22,0.001046119951263351,-0.006488004511800096,0.030490639140141735,0.014296911197631101,-0.007404924704720235,0.002665897100390792,0.0034377351325004858,0.0035883308189089977,0.029480567636604067,-0.0012577748904202934
2025-01-23,-0.009111160761566517,-0.0042584195262365745,0.004836246512077022,-0.0006904240620361228,-0.010071101015899836,-0.010587521607179465,0.002601228235059293,0.00108243800901991,-0.002686131928779775,0.007296051381727209
2025-01-24,0.01978831263570833,-0.012942860505830253,0.005346317057008528,-0.009111017258705644,-0.002348920513253789,-0.01382516919535025,0.005364562818880753,0.006180146861865665,0.0016629778348182936,0.003175246907088293
2025-01-27,0.010397255934680709,-0.0001590985312214844,-0.02891384511583251,-0.012196780419241025,0.006763309082496701,-0.013693733757798334,-0.02599153695650885,0.015387139818008995,-0.021223766872754336,-0.003402501008654328
2025-01-28,-0.001672934782651882,-0.012733777072392118,0.00424461474691945,0.02460579418988373,0.004262148040890448,0.004099508435763076,0.009779777515535609,0.015314384172658273,-0.0061316764777942685,-0.010621984597081193
2025-01-29,-0.0020533878392744523,0.010431897550216519,0.027757020393427527,0.004122198962962336,0.008008736909938537,0.0008907197941347305,-0.011122265154160742,0.003802204704908436,0.01461927808578376,-0.004834219499730558
2025-01-30,0.010349130136860618,-0.008368957022731653,-0.011386810786016674,0.00843038434970588,0.005456770336468907,0.014104868021738333,0.024868648126344352,0.003150803097390244,6.0879791683801805e-05,0.006555121870934231
2025-01-31,0.02462427593917737,0.041918703520953386,0.010615790827484704,0.004276942700127697,0.013416090791362714,0.009570550590031075,-0.008845957923533468,-0.0022324048571780147,0.003007650441871284,0.025575710866443606
2025-02-01,0.014975599707825455,-0.034187644983170944,-0.01525030527231375,-0.004602137357798865,-0.008967582471291731,-0.0003953106147892814,-0.0018771490673068886,0.00219262789424576,-0.00959016119363677,0.033078062509361655
2025-02-03,-0.02591101281999005,-0.04700498637825429,0.006434030916505417,-0.007687929289105107,-0.006614483975762196,-0.0148976292674954,0.017768142227366602,-0.002033082162332503,-0.0011053474764565487,-0.017886769702347892
2025-02-04,-0.0015981626336682186,0.044579989130013487,0.01887298865219365,0.02524487118891516,0.02370008036855393,0.03105608085475968,0.005492186313789673,0.012057900163060832,0.00939373198928555,0.0017591546209412643
2025-02-05,-0.019466003049092243,-0.016402314290740235,-0.000922059208970638,0.00977254231245471,-0.01702031240888666,-0.005461508346629045,-0.0006020589351794774,-0.0003943725561997173,-0.0038911240222553054,-0.01549909207850079
2025-02-06,-0.007704139126031344,-0.009041142964093555,0.009757018055489477,0.00347529614944997,-0.018178718002356667,0.0026175185992667314,-0.02481681937390442,0.0037006860136073803,-0.002043048279154381,-0.0158562140106219
2025-02-07,-0.003736776222958652,-0.00473870686811412,-0.006283958418621793,-0.0063855180586056375,-0.020209447968447286,-0.011655225812753585,0.03458559794854825,-0.01225643611892867,-0.013153344454762649,-0.02351173010581208
2025-02-10,-0.001015911496838163,-0.0024754226870836306,-0.0123417644870988,-0.009859583422628744,-0.000542754297382407,-0.010355770362975752,0.009674272009233128,0.00452463081447272,0.0018719823077312046,-0.008507640033498392
2025-02-11,-0.01975823349324819,-0.027101445941238297,-0.0024759891294185436,-0.008398769941374978,-0.00776636377868681,-0.015109794056764578,0.0021830125421163195,-0.007831918103846971,-0.018349317169318015,-0.02105353452528205
2025-02-12,0.007423003764040063,0.01531580750950967,-0.006686727213074511,0.003168780828338947,0.0028002370166541253,-0.014930517181575044,0.008684776473677533,-0.0007586379909839281,-0.0033865217253031374,-0.004624494726550068
2025-02-13,-0.004727028615880937,-0.00793487228922838,-0.010738266052863984,-0.005345859998812928,-0.00753023415238106,-0.00037008465298924044,0.001780320017364557,-0.0023193620471725655,-0.010177790540324158,-0.000487980866198543
2025-02-14,-0.0013578049195655617,-0.007998492125556022,0.0071087235486176825,-0.0016801507361120396,-0.007587193550638443,0.0009452862562630963,0.0014279562056408869,0.00892793207589343,0.006297000103704644,0.0013414344019849487
2025-02-17,0.004754894356917501,-0.0048919834845997864,-0.007624278006303962,0.013188176981921183,0.007655918136886211,0.006265069483906232,-0.024466270989569175,-0.007127954410681989,-0.00774306231346216,-0.00402995296615684
2025-02-18,-0.014442115731135904,-0.0005278538422460223,0.005224330371192229,0.003313567715182815,-0.0026144236682544247,0.0004081203031675876,-0.003976731400336072,-0.0064950796825212955,-0.00804873730819225,-0.00823249546837289
2025-02-19,-0.02006054315943333,0.01716473053098012,-0.022470375598450335,0.002405650784337506,0.0020645818352069186,0.001671343362531663,-0.014302785881860987,0.014852400281601636,-0.023272806955771073,0.0028335960871975416
2025-02-20,-0.0010448078994328975,-3.0458838091915897e-05,0.00789344869129725,-0.02349055207692294,0.00329452522976786,0.004511445603740273,-0.0010338476131619837,-0.009316885798383403,-0.0012429337717166976,-0.010761419804550853
2025-02-21,-0.0028510744289764324,0.011925621394841034,-0.005576690503122388,0.003195671192195752,-0.010608462031871808,-0.003941250124364096,-0.0025892673581820323,-0.013693912825438496,0.0017447869868056295,-0.002864379526270795
2025-02-24,-8.908361040586873e-05,-0.017466382008089563,-0.02844493708239632,-0.009140686129596497,-0.007786397485704273,-0.011135203305847666,-0.023423022993476088,-0.011912147554354229,-0.02959362962023372,0.0024912897168104632
2025-02-25,0.007931991451408014,-0.00980952358077766,0.0020386348480806865,0.003125589715263511,-0.007706888302884538,-0.00872432865224079,0.02473375556701599,0.0047492624428690155,-0.01260771349586853,0.007313345758489646
2025-02-27,-0.00637176732441483,-0.0050967474522243235,-0.0019252399562899474,0.010848365194785095,-0.009895493474234246,0.0025713635590520673,0.0054681649548498695,-0.0013897074006933596,-0.0046947392517054055,-0.008060186718966595
2025-02-28,-0.0246676597172388,-0.014325465803104953,-0.04438734930674167,0.018467783569483323,-0.021685407740008836,-0.005815900140341695,-0.04981472019384296,-0.015124623646462264,-0.036448204941600296,-0.016570742736529902
2025-03-03,-0.006136593021991572,0.010517051177396677,0.012307645488791158,-0.017968154990567982,0.0093925267282093,-0.024333368191269807,0.01617221366585012,0.001742473604457813,0.002809597952438755,0.006183513874082815
2025-03-04,-0.008998302618507245,0.00489832184199333,-0.011952180210251616,0.004953773749867472,0.02940649996548094,-0.008014917374346425,-0.012897746004398287,0.003475966563163563,0.011103144961433544,-0.006563346437034939
2025-03-05,0.006053722958982618,0.008260246969197835,0.013648096692231304,-0.011764861163298362,0.019773905550492146,0.011722009039956212,0.02686783465557005,0.00436914379763244,0.0042378223680755445,0.02550450686736046
2025-03-06,0.022099676677418013,0.00623116801451995,0.002538344471574703,0.0007097712042869719,0.002324939069641448,0.028511048264477364,0.005331096416089662,0.0019312986524567142,0.015261936635122798,0.0016035917837894452
2025-03-07,-0.006510568976638656,-0.004673604814709577,-0.01754973209527189,-0.0011536993113030387,0.0009558505549138225,0.03269393584919259,0.0023329678068875746,-0.002877636089720634,0.0026618922296756066,-0.004446645574252714
2025-03-10,0.019406131321462548,-0.020865217229230165,0.009121995148672882,-0.0010364502279772514,-0.0052680423639496436,-0.009163294040024108,0.00015329506873901322,0.00024689535296805535,-0.005985506366514109,0.0027196806726976397
2025-03-11,-0.013797236346256882,0.005570301602798008,-0.023699838983144688,-0.0011858527429020934,0.0013023762970494478,0.007160936200672365,0.019430416719641425,0.02483621946079555,-0.004005536766209751,0.002958607599398665
2025-03-12,-0.010907578957466338,-0.00056353623076135,-0.043512426974734286,0.015103313031953117,-0.00936054076515171,0.007786575622369879,-0.012160589858914697,-0.0011650175101763894,-0.01951625153194405,0.015148166819259942
2025-03-13,-0.008288062761518623,-0.001990221597664762,-0.006938717265017186,-0.0026624890582672947,0.006616508943709958,-0.007305663686450899,-0.006319936661839319,0.0048917922970944374,0.0013822266012271278,-0.0008491603853301697
2025-03-17,-0.0016337272175164313,-0.0043549377801420635,0.00643566679956222,0.002224122663326415,-0.006478190149699505,-0.007278625254208839,0.004065296154651328,0.015045663145171077,-0.003809535930645755,-0.009999964079076842
2025-03-18,0.0,0.0,0.0,0.0,0.0,0.0,0.0,0.0,0.0,0.002814948106319046
2025-03-19,0.01317711915232272,0.045009982040307914,-0.00220361364278704,0.019511425668012967,0.029901635202737423,0.006677473869872399,-0.0012209521508441698,0.034161472067765625,-0.0001714296844578058,-0.014899052969330216
2025-03-20,0.019066575939564925,0.009444550125951188,0.01811359892536119,0.014034420136143871,0.005954577941186305,0.017486347132419804,0.04075479700300169,0.006528055991179334,0.018710775523525902,0.0022305640176074567
2025-03-21,0.0016932009491816922,0.019181798813366152,-0.014338943252277365,0.0009041862474818131,0.004857817219632429,0.0056571159152010615,0.01197906119366606,0.016061637940311416,0.004187031857838736,0.0039530428726839055
2025-03-24,0.004442011985604708,0.019108166827066505,0.00012560904885394912,0.016609385875777774,0.03598822288234738,0.019973913720624136,-0.004064367727060703,0.011143143176964654,0.014111363049783688,0.013105695093975174
2025-03-25,0.00667047499841109,-0.00352441204301952,0.022166500466201337,0.01184622045392233,-0.01023405373379338,-0.012869497010783177,0.006783955774281572,-0.010696566883677629,0.007904935656229016,-0.0026807361177501633
2025-03-26,-0.011223868771374658,-0.007173488944652554,-0.017968893141157172,-0.008213908468250802,-0.01151715768773536,-0.009693249245642322,0.004641128399166583,-0.005821750088836077,-0.006019013447050709,-0.005996364728754215
2025-03-27,-0.0005789153815944771,0.016354200077520406,0.002560196284959403,0.010352782950439886,0.010805286269049141,0.004037186309864146,-0.007998412827356501,0.0005612658334755741,0.004226667025543198,0.005142053192885719
2025-03-28,0.006306122550220588,-0.002659479333333669,-0.020730347614966844,0.0015601250672163563,-0.0010363473386314664,-0.002428254027734958,0.005031780332462708,0.008715092889250525,-0.012415319249126644,0.0007323685278065848
2025-04-01,-0.011129102777247473,-0.0160197489615362,-0.02851206444100885,-0.03356774750454939,0.00025916700747829525,-0.017803231732313754,-0.005350638299716329,-0.02242479243142349,-0.015467598216788348,-0.007594305279084906
2025-04-02,0.0018111341476833417,-0.004929539913443191,0.0153742258155752,0.0162988089075583,0.005492235083945188,-0.0011581942396931306,0.017506710725180424,0.00966157359401026,-0.001931039323235323,0.005884424355077787
2025-04-03,0.0029673088502410456,7.304616782980969e-05,-0.03522270058026359,-0.0011415025105661403,0.00417961796631056,-0.0019601619422239622,-0.004913444937424569,-0.0012777405068417854,-0.040540501310096004,0.0008553059235558877
2025-04-04,0.0,-0.04791115125324491,-0.030428121128577748,0.012430481222467692,-0.01519433685471525,-0.03587245529680762,-0.0014615900687557574,0.004315416304407392,-0.03096082092803892,0.0007326171204784873
2025-04-07,0.0021583323630859964,-0.06058437655636713,-0.03855278105923967,-0.03334583808283329,-0.027142056607831155,-0.032908753847858796,-0.033121527710048934,-0.03641481240042783,-0.007712772548505462,-0.00894904038433704
2025-04-08,0.017560812454828538,0.029731306560008844,0.022686863330783038,0.006493164604684329,0.02863926573436633,0.014055377048341235,0.01981244942439243,0.00954609991744494,0.005756040130718559,0.015881197120109224
2025-04-09,0.026191102381937947,-0.03441881253959255,-0.01772351421976439,-0.002348540967786781,-0.03495187450503449,0.0026609948350128023,-0.0028230353085010526,0.0006921831872277979,-0.014175538033864373,0.009048752864963986
2025-04-11,0.006848790646868605,0.020032767347851275,0.004088039271725716,0.023378951221950033,0.015574634101417103,0.027951691990333864,0.02364634867956522,0.008306368112673391,-0.004661887457626221,0.012532144539679145
2025-04-15,-0.0019670583677063726,0.044456651078113696,0.011673812938328244,0.03167775304728625,0.012719707637040778,0.01720225514944161,0.023739699817441607,0.02896679692328464,0.005154594380453043,-0.0027316984400987294
2025-04-16,0.0021572684506455334,-0.009220914158971125,-0.009087517146270046,0.00699993513696289,0.010747609235024328,-0.0006452689285472714,0.013144196443860333,0.004581447411983955,0.00785023865013706,0.009587608797442228
2025-04-17,0.0035430467207266682,0.006054041403142478,0.004518894558962462,0.015166586291399373,0.03275849678568259,0.028007192672241346,0.03583650263866033,0.03641236316743036,0.007637778823469883,0.00657511446463557
2025-04-21,-0.010156741028482855,0.010172012043275822,0.021948265188787477,0.010642334180785206,0.02385258815789515,0.016342769810214163,-0.003021853079533956,0.002201423838816916,0.0068575952136104255,-0.010351802659741815
2025-04-22,0.020086338801832884,-0.006943729450473373,-0.01962623838488929,0.017795175787839474,0.006955178796190278,-0.0033247979167371684,-0.01670457171831297,0.004741177925137747,-0.002170005036071215,0.025104928572510322
2025-04-23,0.010409558380656044,0.013173301165599982,0.035963429350601726,-0.019457019606858573,-0.010942500408222141,0.00679230619934806,0.01574835385298869,0.00556160909946103,0.029314961129057106,-0.0063624498703938855
2025-04-24,-0.04148744652606567,-0.00012114058055025659,-0.002375861166199866,-0.003697261126597537,-6.140182391841143e-05,0.001230014725473625,-0.019318051099971183,-0.015351787666038418,-0.003345701437937568,-0.0018585872564052404
2025-04-25,0.002962995491021752,-0.008672243584281338,0.005962847557405837,-0.0029258825208691532,-0.018300162068903895,-0.0009223455067531163,-0.015507575440645053,0.0014960391760391039,0.01354843389238448,-0.005245644325532056
2025-04-28,-0.005848561123865802,0.01672909387096349,0.0012827692718705948,0.004698021896923962,0.023144523070010737,0.051262512788057255,0.0025282506700467734,0.016940023915010736,-0.0013058866487947343,0.002334744590759658
2025-04-29,0.0013360215971552894,-0.001503813363341112,0.010337113989545869,-0.0059544369405232864,-0.005890017338842688,0.022323442589696704,0.0010972018674319278,0.0006996196184533401,0.008386466815361666,-0.006551193252652214
2025-04-30,0.008748526808471328,0.00561281948532385,0.0017347377727613522,0.008451061685935575,-0.02985467689763513,0.003779387431813223,0.022070670262670095,-0.00196023867751094,-0.005428842130007168,-0.0004696106297899195
2025-05-02,-0.010084548405626502,-0.0018274486302737349,0.004522751410552324,-0.0016116331889511632,0.010155435220674594,0.010478755043143157,-0.008780757216199891,0.002169968940902848,-0.006594284828690729,0.008651994026786134
2025-05-05,0.01285596856462455,-0.0014103449543826216,0.0011275414840031337,0.0077228187734021524,-0.008445200854767897,0.00806715793897903,0.009584930725812594,-0.0004895538008552299,0.006768090904610365,0.017197119211827865
2025-05-06,0.014036997598147274,0.0011404360057848282,0.0019204487974244058,-0.0026367275607147526,-0.020331960601026093,-0.007292704897796054,0.018582965869766176,0.0015378895286455342,0.00164880193782422,-0.0032092866647284207
2025-05-07,-0.004629064371544128,-0.003786394635408441,-0.002119379416196769,0.007169956703461974,0.0025802960729066435,-0.0105417052029552,-0.0022117979195089015,0.00265092128220567,-0.004315692320736993,-0.010153530690095459
2025-05-08,-0.006729284670628909,0.0007523931071420645,0.0020532008258131833,-0.00882783992907459,-0.009190287848184382,0.0007109970049318225,-0.011612968296283617,6.96707858550522e-05,0.001102289393106224,-0.0012764425416491277
2025-05-09,-0.009386050481100756,0.03546570047773428,-0.002517355883560946,-0.0203244799413487,0.013240919076200973,-0.021407287423813114,-0.014234910630188802,-0.03300113822667964,-0.002496558423144919,-0.016507994366317485
2025-05-12,0.021038369337812172,0.040767466822765865,0.07615738975486103,0.03509682998699442,0.028340166312993735,0.042157119907199184,0.012045781654356968,0.042016408014704576,0.05102574057877157,0.027823234356651627
2025-05-13,-0.00948879759236834,-0.005647065253864788,-0.036492890904384546,-0.01783639265993271,0.0001247577976821832,-0.01458551801524663,-0.027200096884610482,-0.01243460155293038,-0.029544956386874283,-0.017605298897299573
2025-05-14,-0.004033547147950195,0.0017087101517074582,0.015058851142987736,-0.006261118169879108,-0.001310496323386074,0.006126548378474156,0.007442333429542616,-0.0030803889493899827,0.00954186692752231,0.0028004927358529657
2025-05-15,0.0019974779563343118,0.01254307630185,0.012853495917347843,0.012069670153915406,0.008766289687498858,0.020705297922747206,0.017831513550328273,0.017101637545861224,0.008753474316025658,0.008239087268476702
2025-05-16,0.011062995952185007,-0.003738106270017025,-0.014424686026660978,0.000465289273190227,0.00031562914081513976,0.001511708283568839,-0.028905615797476938,0.0022031933732624383,-0.005209112498256341,0.007024872146425451
2025-05-19,0.0005456806821622289,-0.0012491470938446627,-0.019113519124575703,0.0020653081924594586,0.003654442578863076,-0.010769120984368483,0.0023676768758777366,-0.003444684477401305,-0.012005702274452574,-0.0008036565982531675
2025-05-20,-0.0176134421244981,-0.009040218660189786,0.0005126393189424126,-0.012352215422238588,-0.011830633512794144,-0.011307430800235224,-0.005183046736211843,-0.007481403584226247,-0.005842864183376224,-0.0010342227026465811
2025-05-21,0.009691914516772818,0.005924407919045287,0.005049449283819844,0.0061952123792337185,0.0018438125379210896,0.003223726638144457,0.0074902228198436,0.0045094174213761795,0.007830168638601259,-0.004378322969194351
2025-05-22,-0.01414404482821351,-0.010531749923345064,-0.013479016406535807,-0.0035874594640786977,-0.0023531093514902964,-0.013950693300255943,0.0048715609972416205,-0.0018012934021957657,-0.013937505550885222,-0.016063711045572242
2025-05-23,0.01215392562951247,0.013564136525856677,0.01111725639500724,0.007110322386645674,0.006663517555104135,0.012270146925169765,0.0001637133635360368,0.005325281391909561,0.010755905385715657,0.023655960080638926
2025-05-26,0.014684788517263445,0.013464925416461819,0.009983260307168151,0.003407564727935536,0.004921515923861801,0.005591216103663253,0.008534807455622353,0.007421596342952707,0.006438006189591058,0.015014023608545531
2025-05-27,-0.005822800183067817,-0.0023872297745524736,-0.006601921489451876,-0.007189918564733543,-0.0008815773683971754,-0.008890846798027239,-0.0019505390039615603,-0.009769541297253478,-0.01097227535897494,-0.020529983918597786
2025-05-28,-0.0076760126276016775,0.001729269107504227,0.00108217997878365,-0.0014546563320094281,0.0035842963885031,-0.006490312906617755,0.006648771093590734,0.0051031388855712154,-0.00028591914288773673,-0.013825819441051563
2025-05-29,0.0019879749664691374,0.0024652085651165334,0.008741388058950469,0.0020773214396352367,0.0010038174360012925,0.0034621215893058986,0.004032613526361581,0.0018553914581760562,0.00011453847065165702,-0.0034567787389244028
2025-05-30,-0.007804891370903613,0.005402229075261047,-0.0005757747865545555,0.008986831638858982,0.01857600884464543,0.0021840326783150767,-0.003978765647799253,-0.00737339139187637,-0.009969309666220495,-0.0016730471525229326
2025-06-02,0.009873230171760446,0.001223704507084567,-0.005711511985108945,-0.00660314343845933,0.001660585357370443,-0.005080145668467682,-0.0011319459204323467,0.0032454729664273397,-0.003934473556749126,0.002985596106110337
2025-06-03,-0.008171325118602947,-0.0002194596614392462,-0.006974979490583436,-0.0038893224668943654,-0.004743029810697564,-0.005817160093707354,-0.006927541361675906,-0.008724621308112029,-0.013012661307417923,-0.005620207007832602
2025-06-04,0.005172966198315909,-0.0050335151121171755,0.00530023750392811,0.008588215195084476,-0.004083414547694896,0.012725474001345745,0.01835010981513612,-0.004810216120188968,0.0016873420665196519,0.00011981852535392575
2025-06-05,0.005020256616133856,0.0044297356673085085,0.0019964989830525376,0.004317859643653549,-0.000620158690943752,0.013189751696772082,0.0018113127969509207,0.01649495726281725,-0.002902762276095151,0.005023352801196456
2025-06-06,0.005622844845055592,0.0037539673076718233,0.006093470706246722,0.01481577735852217,0.008708863072300057,0.0007623232814284793,-0.004587890402556461,0.0033624636723429174,0.0038784276584328584,0.004642027485245368
2025-06-09,0.0014217760750176078,0.006162074818118444,0.005802292736356928,0.00010111919766127669,0.00857275577243837,0.0036649195058283237,-0.002730717544411112,-0.017205389756558376,0.011078407269290113,0.0047387591701995154
2025-06-10,0.0008351920013310932,0.00024462571466550754,0.014579438005680633,-0.006896177064904751,-0.00366504284993761,-0.007134795505135529,-0.004298561788373922,-0.008328478907065078,0.011910427614933787,0.009293679654571597
2025-06-11,-0.0078798129214042,0.0013578539080286796,0.02175412463963435,-0.0076103979048511685,-0.002450845758505666,0.007203799955355094,0.0016679002351845673,0.005676447728463407,0.0025956525616899154,-0.001992650857847847
2025-06-12,-0.018560533905833548,-0.022199716398624045,-0.01389043022983012,-0.0035955500216157178,-0.011227713296437292,-0.005050990586852596,-0.008638474094628219,-0.004061364052276305,-0.010918062719178378,-0.012158529934685545
2025-06-13,-0.005890303996762492,-0.00458886800369123,-0.004111383716646938,-0.013364618744487645,-0.017018560729617282,-0.009548818572424508,-0.0020626053343058533,-0.006405506498287373,0.0033430242249018545,-0.017008468669066402
2025-06-16,0.0036157485539136413,0.011446718197011737,0.01351628873797602,0.009239618764138924,0.00018936403810815956,0.006909384232085239,0.011292272534598528,0.007597630924724444,0.014578260642540836,0.010335395876475764
2025-06-17,0.0005155161517223207,-0.001765217722545561,0.009866177234002764,-0.0030012847468394166,-0.00025241492960916554,-0.004600976366883102,-0.0034983250432372,-0.002596460911425023,0.005419555906944033,-0.001914767011662819
2025-06-18,-0.013532758047158824,-0.005758778220379759,-0.004277683410821587,0.002226006248735105,-0.0005049426159650164,-0.000768877357365692,0.005966681322583619,-0.007475853359853694,-0.018344895881522393,-0.00360020593384155
2025-06-19,-0.0013503306488314288,0.005427486758907421,-0.008919572782580052,0.000723681278208245,-0.008624136345126923,0.0022351960737360226,0.005931225515942723,-0.0009206205302834908,-0.00797045289176099,0.00024045842803192935
2025-06-20,0.00521704117058677,0.011231535463928822,0.002776656120573316,0.015077121095684121,0.013976617236448706,0.022694439546797302,0.031310685711308614,0.011133101488083852,0.0034112403261576303,0.006111049676843083
2025-06-23,-0.003115857251618489,-0.021613691504605063,-0.0242613834297588,-0.008331029146178672,-0.007501552280774971,-0.006431729541337971,-0.0002065179657788632,-0.004917128526703673,-0.0123292995433296,-0.011171931035846272
2025-06-24,-0.0052883894684618675,0.005870530973094475,-0.0015163648076262318,0.006395063528572414,0.006559030239741062,-0.004127107302955088,-0.0013953834894020382,0.0028127352838390254,-0.000943547781719254,0.001086638328812564
2025-06-25,0.006869348082047739,0.004152505605024364,0.02083608424478424,0.009794306574996258,0.005829041381534725,0.011308874328862201,0.0164139495857168,0.0011930446746170739,0.0159178979377013,0.004815277176407351
2025-06-26,0.0009213090478869523,0.010935081490249816,0.0006808981989529346,0.020790388335221698,-0.0037567578071634033,0.018902870497499565,0.02447426834572809,0.009284828966581171,-0.0008711254823008833,0.009442378848640146
2025-06-27,0.01137818706477599,0.005341482293086661,-0.0049627378853758595,0.0075222974972717965,0.010421627277927671,0.013352542735040345,0.006334382463194048,0.015924213672259553,-0.00020350212479263227,-0.003933503592221144
2025-06-30,-0.005346040667469074,-0.002558174506612345,-0.0038631731414263725,-0.006672623696934556,0.01839203786793777,-0.00981444082805585,-0.00867047505065631,-0.011279256669402167,0.006055311296247393,-0.00526875356491305
2025-07-01,0.0003921680591637234,-0.0008451046149345363,0.003116712453576092,0.005282033862359038,-6.097453133583801e-05,0.018356432157106604,0.004864739240805573,-0.009590820029344745,-0.00937366121860771,-0.0032469805384737157
2025-07-02,0.0050407133019087875,-0.01924751703878607,0.00229998324058841,-0.013056368378365673,-0.009061957190209509,-0.006300898799123411,0.006859665927346016,-0.002937188628976783,-0.0018677253278017785,-0.005192861161586294
2025-07-03,0.0027269012222125824,-0.0038720549524421492,0.005078654607584569,0.0005536875058365564,-0.007160627537278399,-0.000658561622605288,-0.006909161921594215,-0.0013316374441702046,-0.006594380602278542,0.0009681198683731524
2025-07-04,0.011133532126268763,0.0032602840376200195,0.013499560014802724,0.0011065812171616783,0.0058680138480490555,0.006239578759713593,-0.0010405313826570624,0.011782499504646111,0.005571396978695897,-0.0019373330628414717
2025-07-07,0.029940801026342473,-0.003678987767564324,-0.00838500651641087,-0.0009555945830731544,-0.0061777761085703405,0.009254384061402419,0.008244769858783297,-0.004933233623672632,-0.0023713296461412106,0.008688362956049762
2025-07-08,-0.00737023065448906,0.006956225422365214,0.0071652836457359054,0.00701968857533246,0.007162761586692562,-0.0025332688851975455,-0.0019194042335611754,0.004378552915434993,-0.0016134664050092152,0.0025199992611721145
2025-07-09,0.012749065630815317,-0.0074310234407409205,-0.003055793136968081,0.004884539848188772,-0.0020941401371710267,-0.012170488228469705,-0.0050868040178979595,-0.007028747894664825,-0.006597900560218361,0.00537865440477092
2025-07-10,-0.006208890244424273,-0.0013977484209056182,-0.011017134490884454,-0.0024891398303981097,-0.0036443396867474006,-0.0011857457251290607,-0.027711200638316214,-0.0054622554433073275,-0.0005321123628199527,-0.006217897569559273
2025-07-11,0.045137716156431924,-0.00958501376860706,-0.013019272646242605,-0.011278538684276253,0.0008042058969808433,-0.014606479099100327,-0.02192348275539782,-0.0015459949896119755,-0.03490126860903091,-0.0001200152174286222
2025-07-14,-0.0011915331788698376,-0.01270540847074725,-0.01554431339482618,-0.00035293217410815506,0.00024723518130420597,-0.0077210598512722035,-0.0005204484994552933,0.0007732962573398103,-0.013346536025382914,0.006218565227293876
2025-07-15,0.004084544866458804,-0.0005436329776917794,0.009696200328833669,0.0062838045198200625,0.00935221160547429,0.0011451978048724564,0.0068999583247271,0.0054664662326773025,0.009142959171283703,0.0064171924101913864
2025-07-16,-0.003687176459147826,0.00280091574087822,0.01396616775552938,0.00040076141464519017,0.01850611973540098,0.00013460397070549533,0.0012400666053065672,-0.0030799573991485917,-0.002533031817732784,0.0059052658540241
2025-07-17,-0.0031030552160656207,-0.008541417348532249,-0.015291391612934961,-0.00471984072581889,-0.0032516776602117175,-0.006211946258871454,-0.0034656471897250457,-0.005412879140762057,-0.007419755135138021,-0.0015319722941342844
2025-07-18,-0.008080989259126545,-0.002651778553257906,0.0016404490448155057,-0.014958579398171317,-0.006838804042944948,-0.00027098733010232626,-0.006762994311783199,0.0049921137141226805,-0.006032111416050943,-0.0028345362838372184
2025-07-21,-0.009970782366798343,0.01090777748743763,-0.001135371921881797,0.02178012859815878,0.0010319242310804567,-0.032640852719208406,0.004304217068136455,0.027668111857132034,-0.00998736865243778,-0.006288207125375075
2025-07-22,0.005986211957768006,-0.010965482905846475,-0.00849399764258321,0.00329371522790395,-0.011225110029920252,-0.011121359246170002,-0.0012578106185296629,0.0053071897848609596,0.00044319024041739003,-0.009807512566361925
2025-07-23,-0.011886234817481356,0.005842127233982126,0.0022890342148595907,0.008533142103661719,0.0069086282575289495,0.008317526050186633,0.019218375251266573,0.01012768547475827,0.00615270673692538,-0.0025272005518368603
2025-07-24,-0.005155237458931287,-0.002125689651395835,-0.014071242558411917,-0.005001931614452556,-0.006050080984657181,-0.015349517722666465,-0.003969217404101215,-0.003499312061686873,-0.009830819673286632,-0.012122843915969444
2025-07-25,-0.009231177222448626,-0.009999523683653665,-0.023989155008635847,-0.0022920882262185117,-0.011280806182784412,-0.008015604204537282,0.000929297345207987,-0.004256092059957762,-0.003882964888414273,-0.0013425833089125338
2025-07-28,0.01078875645574767,-0.006030515930465409,0.00019788582987790575,0.0019436362903582508,-0.011722969124205233,-0.0029504186628898045,-0.024869352683403418,0.007621111312128516,-0.018182012777275238,0.0012205479510659033
2025-07-29,0.004902814894096629,0.02122146654885001,-0.0015183494345164291,0.006501093286664323,0.0025683208736013543,0.02103690675919087,0.014703830149138446,-0.0014792401083544232,-0.007595486632307484,-0.0035437169887169175
2025-07-30,-0.006624566194774389,0.04735055751211721,0.003495390410559651,0.002075431909564431,0.0030608708209296847,-0.004951904588955079,0.007426831336308744,-0.0025601107409986084,-0.0007855388089347461,-0.0020831642124045186
2025-07-31,0.03380314428439501,-0.007833975727621142,-0.00660505841145656,-0.0037587069765886425,-0.006382207682986607,-0.014213001919284676,-0.009514187883003143,-0.0006747866271434239,-0.0055169505682020805,0.010615750500692963
2025-08-01,0.012808235365969846,-0.013621789443965332,-0.026457032507233073,-0.0029773569510193857,-0.003206404706483323,0.002514502919160294,-0.015742565267682508,-0.006637435261087961,-0.011192584989722455,0.010864366363804055
2025-08-04,-0.003923543862285464,0.012135772106684223,0.0073896444267811355,-0.010089491112820342,0.002138719037520378,0.012690878461457866,0.015899229978964174,-0.005724434723277274,0.02349794791339347,0.0009600641579051026
2025-08-05,-0.003544409710375241,0.005903666286726483,-0.013737961112587235,-0.007255203993663643,0.006139205358025994,-0.014126962968679444,0.008943525260436973,-0.012931778547786368,-0.003421130494354921,-0.006498276211183399
2025-08-06,0.0003551244683859207,-0.006647571812638269,-0.016293082733095366,0.0038861047704312522,0.005667205126833488,0.0007900840010068185,-0.0010877109223383107,-0.0005539809310032603,-0.010367207141976895,-0.0052048815869395635
2025-08-07,-0.007164080294333544,0.0036314191191476578,0.00013915271354170302,0.00507449485349862,0.0,-0.002443992997773075,-0.0036861011655762123,-0.002288516950041551,0.0048361536239094225,0.0038760001401906916
2025-08-08,-0.0075356538340201,-0.009380419927510937,-0.00965036884065307,-0.01083322888502743,-0.0010562754043221044,-0.01566846276635575,-0.03385492094574235,-0.003059611386585056,-0.0034849283752596367,0.0021736709091279695
2025-08-11,0.007893105447728074,0.016712875397365403,0.0035772601665395344,0.010933408209833581,0.023530474054361237,0.0133625610528932,-0.0006458295013900404,0.0004873382095086994,0.0014481239674413314,0.0056534867488042635
2025-08-12,-0.013834100576486026,0.004813393932439447,-0.0028747784686159353,-0.012961918479483438,-0.0034670791419566175,-0.0041928080984340605,-0.003829859009149616,-0.002528429227893799,-0.0017775735883907053,-0.001200185849411046
2025-08-13,0.00453912504251163,0.00205964461575946,0.0017539595388058452,0.005265529373683404,0.001522087756195253,0.0015923749768563212,0.009199287646679537,-0.0008442037586391213,0.00026356837915171225,-0.005418810767508753
2025-08-14,-0.005828302222639173,-0.004531427020134904,0.014682012913121737,0.005438894980426911,0.005702563371118547,-0.0023991104809342485,0.0034213784517801403,0.004564454241309656,-0.004588617488877214,-0.006419981963838657
2025-08-18,0.03466586228582592,-0.01146055975921512,-0.008253885439124123,0.006258317870449775,0.0013300010149084195,0.005733917383452632,0.009824565638158459,0.005101465828449521,-0.0036793957855247254,-0.012595747083169712
2025-08-19,0.014189579373953624,-0.006098168868692606,0.002921030101640608,-0.00625831787044977,0.0033171344612162104,0.027412664169589443,0.00915308985929878,0.001184348759240542,0.0016590469653733164,0.006867927288511127
2025-08-20,0.024647617603702068,-0.005745781729196445,0.03828535002749618,-0.0014575262844102915,-0.0017476603958527525,-0.005012143455921325,0.00974452011884729,-0.003976476824874086,0.0269526658491695,-0.0074834223624497586
2025-08-21,-0.008198901263501686,0.005635033708772349,0.00013370395864882066,0.0015077565365312104,-0.003928313442334276,0.008316373753999923,0.0007775445437570825,0.010707204110037227,0.0012900555015461339,-0.0012321278176176441
2025-08-22,-0.00685884643499295,-0.00466122451507155,-0.0059654091859366,-0.013448824036257172,-0.011510874905108102,-0.011009368086221378,0.0017602118593252475,-0.006661123370080526,-0.01578824917612,-0.018038666161606643
2025-08-25,0.0006461731098516705,0.00202811749503847,0.02954247246760812,-0.00025451459532849896,0.0002450096050464868,0.00240984424307567,-0.001345806443421472,-0.00223032798713429,0.02796168065309554,0.0026327856010619735
2025-08-26,0.022915337631987096,-0.0173007442374289,-0.0016330838013195199,-0.008847078865943889,-0.010589306875751386,-0.019804038907330946,-0.013558115942481937,-0.011650055276239992,0.00527157858827843,0.009966393881007828
2025-08-28,-0.014288759190495527,0.005294747045417766,-0.0194744349885174,-0.016156182680858815,-0.007330132400401043,0.0007218753634335549,-0.01246779108854973,-0.012430461795848998,-0.020317751026183852,-0.0060926358901758635
2025-08-29,0.0020323938242505237,0.01142295462485223,-0.020541581744334434,-0.006494206634254011,0.0006856204475028623,-0.02092605191100228,0.004085033502338005,-0.0009295483142527051,-0.002913317659774063,0.021835210182146587
2025-09-01,-0.0038800594127264324,-0.0007223106886095789,0.020074863247233413,-0.0010514516845626573,0.004413891932830469,-0.0024344208509384127,0.006227880309061285,0.009399065877660394,0.009004056912983758,-0.009563565670887087
2025-09-02,0.010325905484777471,-0.006552103680024295,-0.0004670209122139789,-0.006437591998297236,-0.0026708225731307393,0.009263396026687545,-0.007075389711617261,-0.011977933822840903,-0.00035348633781780826,0.0022151327455012474
2025-09-03,-0.00460532906507633,0.007218891593105181,-0.01316430476052818,0.010479545354908625,0.01021011264309925,0.004454005733653547,-0.0017501140894990196,0.0020063412269887074,-0.00450965121011902,0.012217636670318716
2025-09-04,0.0007128697625933518,-0.002279846976230215,-0.010944580537717777,0.007099230059721336,-0.003391801121445493,-0.009736875771641517,-0.0018595759972320051,0.006066031089624782,-0.0005813033952379572,0.01002837877445821
2025-09-05,-0.012528563913786516,-0.010915012522124078,-0.01265678552029244,0.002234207736148733,-0.003465431775772529,0.011483916542132218,0.007892629961579732,-0.0019228372729472132,-0.015429911006825725,-0.020772033981116794
2025-09-08,-0.0036140506040694283,-0.0067766156844741516,-0.008131953524749713,0.002695120122524156,0.002723816640480573,0.002542216481182689,-0.004018032186772925,-7.135815811266409e-05,-0.00965848214518936,0.000490870922392921
2025-09-09,0.006874570804782481,-0.0013041593973856919,0.04862727796182812,-0.0008802523054283165,6.184147711378216e-05,-0.0016699729879447352,0.003173430576126743,0.0007126568394533508,0.010019213015217082,0.006115446958168752
2025-09-10,0.0005675250549000371,0.007067202191210255,0.018637918072769037,0.0007767749823335012,0.011493318001440968,0.0005811920229919093,-0.0012152529950062853,0.00014252261309723033,0.01967789167499142,0.007289509656609877
2025-09-11,-0.008166475991525656,-0.002905645614176276,-0.015054715396698693,0.0019650738968132954,0.006638892857712697,0.004564811084390663,0.011355381950909174,-0.001639671604659522,0.004555514931847636,0.004830396063893112
2025-09-12,-0.015954117262808893,0.01126496651777469,0.010476857222764197,-0.0005167234335221745,-0.00012146413944651445,0.008422440750907756,-0.005451331499843508,0.011421381918377957,0.002940459236090381,-0.0031370363113227434
2025-09-15,0.00019368766100166072,0.0017861559671387213,-0.011338254545299296,-0.0002585260361021563,0.0014560694772771106,0.003077654037942712,0.00099814797824939,0.0011984586093562238,-0.0068852426461711545,-0.0026622607297608846
2025-09-16,-3.871526942263531e-05,0.022498909014190455,0.0019208059467489265,-0.0002068047894323486,0.008211151809161118,0.004278710117012921,0.01821070096136321,0.0015487163756383673,0.010802931116098211,0.001090005726941892
2025-09-17,-0.004349104880605462,0.004814179498570497,0.00731781527328726,-0.00036205947085877517,0.030321502761984306,0.006030352127487597,0.0009276690035898396,-0.0016896825168626769,0.008578147157682913,-0.009241324836313654
2025-09-18,0.006632474672822431,0.00013564489738480704,0.01188383122922856,0.010703042362250259,-0.0032720637716482925,0.0008483159781524423,-0.00010306678400298905,0.001760006146837769,0.001228380773066239,0.005482107362430531
2025-09-19,-0.010570481625358532,-0.0028799140512850035,-0.00025967011355655103,-0.010289261642218276,0.009320329426160094,-0.005385442930672871,0.010913416285591355,-0.013810907346409657,-0.0023637097679549707,-0.002189191082980383
2025-09-22,0.00491042696452559,-0.008442779432001772,-0.026780593302613162,-0.002796332143836392,-0.008267416210500976,-0.012008791859278839,-0.0031644354895096773,-0.0004993053455126468,-0.030564642281668702,-0.00905091038113073
2025-09-23,-0.019630072727011828,0.003588041441834904,-0.0013346543560183398,-0.007286386703675075,0.017788772773363475,-0.0005753299021048968,-0.008986170736542686,-0.005150559384055457,-0.003715653691953148,-0.00925764124052804
2025-09-24,0.010765874589970694,0.004419397471233858,-0.0019384395343694718,-0.006445707202353135,-0.005066715437698957,-0.004904867535378982,-0.0039278440750356615,-0.008354458139823258,-0.008855777135174223,-0.005471276583523179
2025-09-25,-0.004402787019176366,-0.00803490238479286,-0.00657850360578408,-0.001262631046073865,-0.005847106980512798,-0.0076939708390718385,0.002327567221875788,-0.005002658498336581,-0.02603256418433789,-0.002246931591732038
2025-09-26,-0.010494941265964597,0.023082505718587252,-0.024475417748219035,-0.0050661989400962535,-0.0048891742707292875,0.0037817914243031487,-0.009864573134541022,-0.011844894717464782,-0.019910253286240256,0.012419448583015111
2025-09-29,-0.005549197136864968,-0.011081469152218727,-0.0049123294032054655,0.005539856104304532,0.0159753420524907,-0.0034904379334003196,-0.007541684792452794,-0.008494345278123486,-0.0010352601131767413,0.005293222339968263
2025-09-30,0.006583762182709888,-0.008002835640007363,0.0,0.0007363906352671525,0.0019504621741136814,-0.00643090646765079,-0.012590721747951736,-7.41631147869613e-05,-0.0026624514550959086,-0.014095131159854201
2025-10-01,0.008632764751725771,0.003083510331138137,0.0027704398037769087,0.014873051155952683,-0.009616906139046368,0.0034398069858944365,-0.005766192606686302,0.01764751681357814,0.008892795107554844,0.010035404401644228
2025-10-03,0.0034243375455333446,0.016965607854331523,0.0005531681097022725,-0.0001035577287532913,0.003696470767816417,-0.003879734417554317,0.01546133722219457,-0.004968627019558889,-0.004229737063465551,-0.003210322062939084
2025-10-06,-0.0012187961131802693,0.0010441706201943207,0.020119758608713425,0.008562891516726328,0.007752653947773438,0.008472163862791251,0.003368614447855397,-0.0013193044308373106,0.02937240915793148,-0.008819402905982298
2025-10-07,-0.009725316922683136,-0.001955377202068454,-0.011927243232598481,0.009253899541075247,-0.010754954420478573,0.007101982941186253,0.013517611211323378,0.009126482342403819,-0.004931136002992881,-0.002373293044027719
2025-10-08,-0.006816388137692044,2.683537613950083e-05,0.024717719019467982,-0.003875169206668151,-0.007487215543808824,-0.012644617500512156,0.007488737386548708,-0.004078350592519286,0.01783111032435202,-0.00012513374535985832
2025-10-09,0.006975356051192928,0.010508140190198675,0.009519808853143387,-0.0016362303766450715,0.004475802038113526,0.007576924510574216,-0.0007721014410075981,0.004296312702661111,0.011332178079046339,0.00037519420061869454
2025-10-10,0.004478222975238671,0.003918846342715711,0.003703424466080608,0.00388156601941051,0.0212890721524232,0.002826533199235726,-0.001081931928992904,0.002974859916561027,-0.01096876626879036,0.0072255596316115585
2025-10-13,-0.014377747680546268,-0.0038392513965799405,-0.014428001995742672,-0.00398386776755449,0.0026083036956808105,-0.004860823150484037,0.007702615782446839,-0.0006522625083054275,-0.006992092284103304,-0.00885231193367157
2025-10-14,0.0038037576026434534,-0.006707697987894525,-0.0022123777932472606,0.00015354394114212212,-0.0068186352808435975,0.000654343065919321,-0.00425480525423098,0.0034014515674764116,-0.015718726771557605,-0.006155395643271826
2025-10-15,0.006651659851395956,0.022290606905485726,-0.010457830977771296,0.0011250788365876566,0.010379815929254946,-0.0011635628270127284,0.01118758293329912,0.010278652096127655,0.00692670785097348,0.007782147945331791
2025-10-16,0.016731020458578084,0.00860812912341144,-0.0019689255947923025,0.01632396036707134,0.0009588124917577576,0.017312688759116134,-0.0005589448958317769,0.013424944264529453,0.0003029923400557476,0.013042785227225847
2025-10-17,0.016340473789279764,-0.005817297391161124,-0.02087553437183449,0.00821278226953513,0.002477367669893469,0.013143636453259628,0.022416365731669424,0.013525506021996423,-0.0028654697025485374,0.017130059417083038
2025-10-20,-0.0035782230543952073,0.008635805112321461,0.013645961890878333,0.00039890483920006654,0.02042760328207392,0.03468227273081853,0.019441980662611047,-0.03275960735030094,0.017733949096109494,0.00218123235263408
2025-10-21,-0.0010412973608787273,0.003994394589753476,0.007841021460276494,0.004724862788373615,0.0003855412233214172,-0.001091415632113552,-0.00390720887790882,-0.005987860968449356,-0.0028229523549855714,-0.00048425561798883155
2025-10-23,0.0038127053825507263,0.00781366668905216,0.03739310998469724,0.0010909889398387712,0.004067318029450071,-0.011532235954534913,-0.017574612070622667,-0.013330167269448372,0.021876153014882355,0.007480736976829531
2025-10-24,-0.03329735398269252,-0.0035278518004002654,-0.0020301497625560003,-0.014025345050669748,-0.007764139859369622,0.0022069183055633316,0.01060151811077421,0.010213848550616888,-0.0032592002224971104,0.00204138829133534
2025-10-27,-0.0018297402019153758,0.004828486709592732,0.001396719752792186,0.008209493322457349,0.019976051554656638,0.022142074916754684,0.024725086366160852,-7.256965748842467e-05,0.007059085801959024,0.0091946415587398
2025-10-28,-0.005869467209478835,0.012410525173259924,-0.002862144337036693,0.0005980281453061134,0.0080950054828496,0.001884967543958263,0.004843715389255023,-0.01058133728518888,-0.00879080314527131,-0.006558930295629466
2025-10-29,-0.0036106734671387075,-0.003706974776977693,0.006776121369937649,0.004275639590931182,0.010160508180973951,0.011567668897626367,0.004963332878468026,0.005341186159085642,-9.805239120142374e-05,0.008814872897502515
2025-10-30,-0.0074631799211612605,0.007400320452765562,-0.011051319672835024,-0.009670998131246436,-0.005762775993797936,-0.01049225540980897,-0.016463472778103977,-0.0058548175568205055,-0.007320039377910297,-0.006783000418536921
2025-10-31,-0.001661583832529389,0.010825153589046595,-0.0077282247464607766,-0.010929678467287655,0.002832191770804905,-0.0014117278298198745,-0.005727082576798927,-0.012630795481531985,0.007450801226535269,0.00381364034369509
2025-11-03,-0.0022333553826933603,-0.012582203237993698,0.0021563835452024288,0.005404238104990927,0.01346288870617678,-0.0011444146649845376,0.009446600466008124,0.0008173092226015498,-0.013564361857930429,-0.015342454167607081
2025-11-04,-0.005829890985731692,-0.014193971912875261,-0.011918579863709974,-0.007482721057986358,0.008283953106509432,-0.007843719882867391,0.018771620083788854,-0.007080862758667559,-0.008856494001632423,-0.012274641982151693
2025-11-06,-0.0039740946763578075,-0.01096596642901399,-0.0008178982732341625,-0.0006091392490393192,0.003284087965749078,0.01549271085804977,-0.008744956969350294,-0.012418779781836897,0.006898731264185042,-0.0034296297083826342
2025-11-07,-0.0012419514443935329,0.00023178915292449345,0.006862715956254366,-0.002389553424178803,-0.0051132234710131695,-0.012171917059867947,-0.04575879668928443,0.016971178054300828,-0.006363665355847293,-0.008502350124281969
2025-11-10,-0.0021564515662991788,0.00922967180646351,0.024547231073738584,0.002237179106858712,-0.004929194777010461,0.007616424285153511,0.009251544552562163,0.0037160949490148538,0.011101879567834249,0.0037055185585965697
2025-11-11,0.007733228000142631,0.00927161949693521,0.011038982013936972,0.007286714378353791,0.0022578772947839825,0.002749219769305914,0.011078126864322923,0.0076119413041601195,0.007180350172679934,0.003200442967646233
2025-11-12,-0.0012365761311578358,-0.000101108509651322,0.013887262502953267,-0.002220855917558404,0.004030499360556932,0.012047070852696318,0.015306049037908723,0.00044161311608708974,0.027450368839237838,0.00036856918573263274
2025-11-13,-0.006994876831287524,0.012039670764889206,-0.006400539032999689,-0.00288435648959355,-0.003296460119505158,-0.00039698850820929423,0.00864226599338262,0.019674198798291825,-0.008368846613793286,-0.003199182821019331
2025-11-14,0.008313843800346242,0.00047458319146400735,-0.025620537742337676,0.0029853659605243695,0.014413406115595672,0.00528085782944454,0.004245636595091187,-0.009351638922820269,9.669610821912288e-05,0.006020768018920266
2025-11-17,-0.0011127986292860232,0.005801758429559125,0.0031889702617460733,0.0069984859376059005,0.005666582282412254,-0.0003950540129454881,0.005459435937291207,0.004360472025330663,-0.0012242363942155218,-0.002575869234802717
2025-11-18,-0.008697518927240638,-0.007001120490613456,-0.014161903217317036,-0.00412265259943847,-0.0009250365382906115,0.0007241734180863851,0.01736562194027116,-0.004069163830358931,-0.004879342427028742,-0.003075206174930464
2025-11-19,0.01551966157033761,0.00498806374281869,0.036139347911825936,0.002163983681978141,0.010536089283210627,-0.0003291194051408462,0.004919990270909103,0.0070379040160220155,0.019439843490164282,-0.00568327095127047
2025-11-20,-0.005421080305982747,0.004418490822440802,-0.0029893421112112645,0.014225742681081564,-0.0012218292585807465,0.01968774469852651,-0.0006947500180224451,-7.228631420659877e-05,-0.0009217121915738533,0.004697172740477368
2025-11-21,0.0021802088339948,-0.0031008700273582575,0.005516797963576336,-0.010762959001864306,-0.009160027832935123,-0.0016151641611931852,0.002036521112907298,-0.00980934296162541,0.001842655580727306,0.005901898994738085
2025-11-24,-0.003911242307731893,-0.0028861585452877917,0.0019399087756130275,0.0011015317336605542,-0.0020584730306349277,-0.0069424458220205595,-0.004913263520522622,-0.0008035177583632325,-0.00298809127268798,-0.010599071735215633
2025-11-25,-0.004174919779062476,-0.004144892229838501,-0.011303988986302567,-0.00940201872670022,0.013304887533379538,0.002471037397909023,0.00440457840296717,-0.007776413116017914,-0.007028322281476516,-0.0068378101929998875
2025-11-26,0.004587366689998753,0.01620646690270986,0.017678974122305947,0.01414480865679182,0.00030500783109880424,0.0194243474310957,-0.016230207795018114,0.012587952271919979,0.013912723984773319,0.003735509593460654
2025-11-27,0.010867660928093966,0.0047400940245479325,0.0054412224098835775,0.005562707707909698,-0.01129444282030119,-0.004148991341546072,-0.0052800192367805044,0.012431463561256883,-0.00834983217630847,0.004959071794950825
2025-11-28,0.006059135165201772,-0.002870811577293319,-0.004030114518615719,-0.0018838864854500168,0.0063017651386416285,0.0026190864108407044,-0.006639500512995243,-0.0024450945973433892,0.0002868819398502517,-0.0001236617104861
2025-12-01,-0.0008518380550479928,0.0008841582045596433,0.0024967131453331234,-0.005473476944698148,-0.006044787793637416,-0.000893539695870668,-0.005678514218942457,0.0009355693556513781,-0.0013076183417308031,0.0
2025-12-02,0.005382195721238233,-0.010538468169056608,-0.0019199643215922018,-0.012350152934553141,-0.005978188786314536,-0.012723464126494088,0.006819803237641532,-0.012377542652265478,0.0007337721371647833,-0.008196708231159505
2025-12-03,-0.012099729241572082,-0.010600576753994199,0.011275067523524602,0.010752222591783489,-0.016942049886830873,-0.004862069873907623,-0.008591938296882713,0.013384175197974444,0.01402868191028166,-0.0011230547051120725
2025-12-04,0.005783839630189355,-0.0011039145985642911,0.011900751206064299,-0.0033037708451893522,-0.0031066540485035488,-0.002081727389814339,0.008496899953945774,-0.0034555134178712514,0.015353204218044397,0.0063468084750940065
2025-12-05,-0.051502701347732896,0.01361309412190204,0.011575226081396082,0.006098475516664647,0.024381325682657187,0.0032507277895635223,0.002373831947984325,0.004173904253364777,0.002783232880031443,0.004703065473548504
2025-12-08,-0.010574934851897467,-0.01033004215481111,-0.0033467015314030493,-0.000199393877908017,-0.015665034169558823,0.0015566769326596304,-0.010774882626071616,-0.0020847744436736392,-0.000525090639228222,-0.006565521096835738
2025-12-09,-0.0032463325555472547,0.00020020037373452956,-0.007352584336944129,-0.005999383465204779,0.003079734689449107,-0.008853115498732357,0.0016762857833827274,-0.010416778795325652,-0.008751354633793304,-0.00311203463208715
2025-12-10,-0.0020832615023232428,-0.0015522007826268176,-0.00892017948627459,-0.007348149920145996,0.00041689039999726437,0.004891960186547437,-0.01092221093819064,-0.008470896202815168,-0.005971029881683354,0.0052226140142669865
2025-12-11,0.001693013838762976,0.003151869950399211,0.008294630803994596,0.010552332657722242,0.003640106173344995,0.005256444954102387,-0.006698752777095662,-0.0026435436295269444,0.0008462143431316402,-0.0006202262730192166
2025-12-12,-0.01971067384201899,0.01738104623745602,0.00012509422565214765,0.001198926558660436,-0.00010379539917003416,0.007415845936226041,0.014601599772174631,0.004402061400637665,0.00892028510870838,-0.006973903416043831
2025-12-15,0.014448715434969289,0.0044572887277353705,0.005366707714268724,-0.0054065566994817155,0.00424782961530881,-0.00019281469444813024,-0.006597482048560198,-0.0005858588644637177,0.003007365067838982,0.005483550306883199
2025-12-16,-0.005421253824992697,-0.0069886729778711855,-0.00868837356009481,-0.0018086592810043257,-0.006326520419672027,-0.008972084826756283,0.015485626808609307,0.0005858588644636454,-0.007800669419492496,-0.0014925775772056675
2025-12-17,-0.0024140111984291284,-0.000344629310602339,0.0056965775989596314,-0.010413043961905259,0.015178375008676918,0.0013606745907964086,0.002850358224356616,-0.010005951244606983,0.003954608066590495,-0.004741046577853411
2025-12-18,-0.0044482638084741045,-0.007734598482766427,0.015362090219155716,-0.00437949879495336,0.001740578257836662,0.0,-0.007619084476439405,0.0032482121392195893,0.019389376952191437,0.0014995855072306222
2025-12-19,0.006379960371827351,0.010463258481437653,0.007288275248814123,0.005902719506065423,0.002809190480123758,0.013314158233636379,0.002720936942948134,-0.001992013066303556,0.00036570812975643207,0.001622004015741317
2025-12-22,0.004157989502416926,-0.00027007344321735183,0.030588579184507296,0.0022299228616735464,-0.006139355051001044,0.00655954585499118,0.023509501892922974,0.01057824052168934,0.012986504623486083,0.004105850125354232
2025-12-23,0.0057054323145640535,-0.003345096365970123,-0.012686616283882906,0.008970409235077708,-0.002466321925299002,-0.002987890850689656,-0.011567952584072122,-0.0040270967842012066,-0.0044913428302440885,0.011480870266703856
2025-12-24,-0.008899025062095164,-0.001281977550767043,-0.0029414750740625367,0.0006018996647397218,-0.003039905933840434,-0.007990014436726636,0.00037679501963354525,-0.0023504866958602324,0.0027153837584021068,-0.0018428559100893247
2025-12-26,0.0014011497765944658,-0.0015554321400839317,-0.004398264302907051,-0.005127450707404752,-0.002738739719375848,0.0006415368654467969,-0.008654401022726568,-0.006936803079845835,-0.01182010781912589,-0.0060438682658172345
2025-12-29,0.0034508099331093407,-0.0021271422766656733,-0.006907464401639195,-0.00040326829888496466,-0.0012944069401884975,-0.00876064911357044,-0.011368550761247367,-0.005271553502477513,-0.00872707265461295,-0.0038425471345640335
2025-12-30,-0.0013527056009136396,0.003287737438808554,-0.014144680642165272,-0.0008069621874518475,0.008666561050704458,-0.0037596523134155097,0.008705249662271172,-0.0005957620353292278,-0.0014464126426980495,-0.004980063937616094
2025-12-31,0.011159204319106969,0.0077438795975722395,-0.0038306653495505825,0.000302694960949915,0.008948511465845108,0.019677863789610932,0.002758383175751576,0.00029792538421424483,-0.01258349809266447,0.0059731392700676
